LIMIT_BAL,SEX,EDUCATION,MARRIAGE,AGE,PAY_0,PAY_2,PAY_3,PAY_4,PAY_5,PAY_6,BILL_AMT1,BILL_AMT2,BILL_AMT3,BILL_AMT4,BILL_AMT5,BILL_AMT6,PAY_AMT1,PAY_AMT2,PAY_AMT3,PAY_AMT4,PAY_AMT5,PAY_AMT6,default_payment_next_month
70000,2,2,1,35,0,0,-2,0,0,0,1469,1318,0,1255,1383,1122,1321,549,0,173,796,895,0
410000,2,1,1,39,0,0,-1,-1,0,0,236166,221419,197288,245178,186654,204587,151572,133967,74757,190548,129741,199537,0
60000,2,2,1,33,-2,-1,-2,0,0,0,0,12865,0,18621,13880,13231,0,11422,0,10481,4512,10221,0
100000,2,2,1,49,2,1,1,1,-2,2,13800,12731,12454,10895,0,11456,917,837,659,1701,0,809,1
50000,2,2,1,36,-1,-1,-1,-2,0,0,23909,17721,19591,0,17632,19939,15651,10264,12534,0,8815,9964,0
30000,1,2,2,34,0,0,0,0,0,0,2197,2399,2217,2338,2132,2891,1785,1551,600,1852,1071,2302,0
370000,1,2,1,45,0,0,-1,-1,-1,-1,52655,60367,62013,61549,55765,62159,25167,19199,35593,56605,7792,39466,0
130000,2,2,1,31,0,0,0,-1,-1,-1,71167,79166,85323,66452,78984,91936,35195,50007,53687,37625,41981,70752,0
240000,1,1,2,39,1,-2,0,0,0,0,161966,0,138748,150594,176764,147481,15985,0,42990,51028,63464,57341,0
510000,1,1,2,33,-1,-1,-1,-1,-1,-1,19882,19738,22183,24946,20481,20020,9912,18406,9776,14111,9818,5745,0
160000,2,1,1,35,0,0,0,0,0,-1,92722,90814,100124,103375,73166,88843,67286,11616,5738,51179,43621,16332,0
110000,2,1,1,37,-1,-1,-2,0,0,0,31402,27097,0,27826,32247,24032,13833,18251,0,25904,18832,5182,0
50000,1,1,2,32,0,0,0,1,1,2,32157,31555,34125,21589,33683,29657,11767,10958,20792,1076,2230,1559,1
90000,1,2,1,53,-1,-2,-1,-1,-1,-1,43059,0,34149,25170,38350,32572,12784,0,26250,20861,22930,24906,0
130000,1,1,2,40,-2,0,0,-2,-1,-1,0,29393,32845,0,29573,29201,0,14638,22312,0,17682,22924,0
120000,1,3,2,38,-1,-1,-1,-1,-1,0,17604,13753,15388,16018,7215,15196,13958,13551,12726,4788,7075,10802,0
150000,1,2,2,35,0,-1,-1,-1,-1,0,80447,88244,114555,86504,73954,99349,56863,80941,80495,31544,43174,53207,0
70000,2,1,2,38,0,0,1,0,0,0,28892,30360,22600,25996,23452,16817,18019,11425,1528,24539,8206,10442,0
70000,1,1,1,36,0,0,0,0,0,0,21934,19329,18273,16148,20823,17525,13836,13429,10810,6434,18778,17101,0
100000,2,2,1,36,0,0,0,0,-1,-1,44149,34856,40286,48435,43639,38345,40519,31597,33879,6628,39805,33801,0
50000,1,1,2,31,0,2,1,0,0,-1,4477,3756,4187,3748,2364,3550,2849,743,167,2023,1753,2712,0
50000,2,1,2,35,0,-1,-2,0,0,0,24565,25769,0,29691,26466,21125,15809,18593,0,16355,13557,18812,0
220000,2,2,2,30,0,-1,-1,0,0,-1,94650,99688,86610,82593,87201,83733,57457,27518,8490,49811,51039,52770,0
90000,2,1,2,36,0,2,2,1,0,0,46375,33376,41414,31134,37828,37580,35453,458,601,9713,19322,26038,1
730000,2,1,2,58,-1,-1,-1,-1,-1,-1,422457,413705,366246,386727,368784,364888,371858,201685,283374,269145,248107,138373,0
280000,2,3,2,40,-2,-2,0,0,-2,0,0,0,71274,61513,0,48108,0,0,58636,36892,0,42315,0
160000,1,2,1,35,0,-2,-1,0,-1,-2,72205,0,88288,72805,71707,0,41898,0,52265,55146,41679,0,1
80000,1,2,2,40,0,-1,0,0,-1,-1,17681,17390,14468,21964,14572,21347,12515,8706,8177,6251,7476,14316,0
190000,1,1,1,61,1,1,1,-2,-1,-1,99241,95919,73514,0,85218,75509,9862,12425,22,0,51978,30554,0
40000,1,3,2,32,2,3,2,2,2,1,10098,9274,10386,10739,11735,10377,3179,342,34,74,771,1939,1
80000,1,1,2,30,-1,-1,-1,0,0,0,10938,15104,12316,8927,13227,10951,8052,13089,8801,3979,8121,8428,0
40000,2,2,2,43,0,-2,-1,0,0,0,23216,0,19981,12822,13521,15902,4178,0,14575,6039,777,13416,0
80000,2,1,2,34,0,-2,-1,-2,-1,-1,33497,0,32488,0,29182,32272,32874,0,16173,0,14631,12724,0
80000,1,1,2,48,0,-1,0,0,-2,0,28613,29806,22271,20928,0,24697,8631,11781,11452,17020,0,17624,1
150000,2,1,1,30,0,-1,-1,-2,-1,-1,127916,87987,109420,0,108672,98244,120760,55360,74653,0,102165,86707,0
270000,1,2,1,36,-1,-1,0,-1,-1,-1,90791,74580,71642,76082,78969,73314,58294,33753,53301,35014,76706,55153,0
150000,2,2,2,37,0,0,0,1,0,0,70604,58955,63825,58204,59725,50335,61855,47192,10187,121,16855,45984,0
60000,2,2,1,36,0,0,0,0,1,0,9832,11332,12209,10670,12074,9860,6535,8643,9008,4666,34,2540,1
80000,2,2,1,36,0,-1,0,-1,-1,-1,22139,17821,19426,15133,12554,13272,19179,10702,6825,6105,9771,5087,1
70000,2,3,2,45,-1,0,0,0,0,0,28150,26615,23915,23856,22496,29663,21089,9063,19547,22119,19285,19685,0
40000,1,2,2,42,0,0,0,-2,-1,0,16801,11686,7472,0,14902,15809,13320,11293,4860,0,11270,6898,0
60000,2,2,2,34,-2,0,2,2,1,1,0,18422,17276,16549,13647,13182,0,10790,2750,93,1583,834,0
150000,1,2,1,38,0,0,1,1,-2,2,11583,12347,14655,11432,0,9797,6312,8395,655,93,0,491,0
70000,1,3,1,42,0,0,0,-1,0,2,20271,18899,20258,16540,18517,14357,15472,18020,12782,10696,9017,1545,0
370000,2,2,2,40,0,0,-1,0,-1,-1,96479,114404,89867,109927,84030,92367,28966,25389,20658,71647,36472,56407,1
60000,2,1,2,37,0,0,-1,-1,0,0,5548,4097,4993,6004,6146,2958,1843,3305,3530,2998,4881,2748,0
300000,2,2,1,34,0,-1,-1,-1,-1,0,140141,135509,99898,136924,124657,134207,126034,111687,95819,56091,45175,33325,0
140000,1,2,2,34,1,2,2,2,1,2,57561,47536,40966,55929,52489,57981,289,6028,6983,3114,928,2249,1
80000,2,1,3,34,0,-1,-1,0,0,0,17242,20701,23312,20779,21243,21932,10059,7456,15118,13994,1227,4234,0
30000,2,2,1,30,-2,0,-2,0,0,0,0,10396,0,16111,8633,12672,0,8829,0,11375,6343,2117,0
110000,2,2,2,33,0,1,1,0,0,0,28294,29835,28557,20801,28738,26760,27264,13,4523,13870,23096,20699,1
100000,2,1,1,38,0,0,0,0,-1,-1,17365,15800,25169,21513,20061,21476,6268,13336,9694,14344,9910,12015,0
60000,1,1,3,36,2,1,1,0,-2,0,10065,11023,10007,12837,0,12712,1210,341,85,9048,0,8544,1
220000,2,2,1,35,1,0,0,-1,-1,-1,134689,155883,141828,149069,137798,136509,3230,124460,97881,96310,89593,63653,0
70000,2,1,1,30,0,-2,0,-2,-2,0,5063,0,5911,0,0,4999,2475,0,4076,0,0,2644,0
140000,2,2,2,30,1,0,1,-2,3,1,18105,21957,19221,0,16307,15536,1267,14299,1249,0,1001,486,1
90000,1,1,2,35,0,0,0,-1,-1,-1,40260,22113,29534,24422,23052,31227,24171,15630,6975,12225,10190,20529,0
20000,1,2,1,38,-2,0,2,0,1,-2,0,1259,1657,1789,1754,0,0,618,428,1516,59,0,0
70000,1,3,2,62,0,0,-1,1,0,0,38106,45822,40034,41318,48655,37907,11369,44058,4493,3155,28886,26451,0
270000,2,1,2,32,1,-2,0,-1,0,0,101724,0,56732,62093,52591,69288,2640,0,29219,34889,39954,48789,0
140000,1,1,2,37,0,0,0,-1,-1,0,50335,34052,36624,33009,33845,37682,48164,25987,29362,14088,30574,22246,0
90000,2,1,2,32,0,0,-1,-1,-1,-1,24237,30040,25333,26158,25927,27674,17448,25445,19823,10443,13409,17224,0
20000,1,1,1,49,0,0,0,-1,0,0,6285,5816,4029,4971,4698,4720,3750,5056,2114,3590,3062,1534,1
80000,2,2,2,37,0,0,0,0,-1,0,17221,20915,19428,23020,19670,19150,10874,14212,5978,19707,11765,13024,0
40000,1,2,1,35,0,0,-1,-1,-1,-1,29054,26812,25491,32878,23810,24166,16268,24746,8421,28706,10810,10637,0
50000,2,3,1,34,-2,-1,-1,0,-2,0,0,31926,27699,22699,0,25634,0,19840,18544,15670,0,21107,0
100000,1,2,2,31,1,0,-1,0,0,0,31911,37138,28192,20626,35504,28927,132,9134,3182,16870,20454,12655,1
70000,2,2,2,34,1,1,1,0,0,0,25833,31343,29939,30085,24624,24121,1169,350,97,20287,18769,6770,1
50000,2,2,2,47,1,0,-1,1,2,2,20389,20971,21072,20994,22895,21233,1370,16316,19327,3922,1773,324,0
150000,2,1,1,30,-1,0,0,-1,-1,-2,94057,114290,113788,101917,121186,0,92676,13352,71050,25602,31304,0,0
60000,2,1,1,44,0,1,1,0,0,-1,37808,33756,33554,34724,37544,44049,26075,696,2844,18682,27219,14394,1
100000,1,1,1,32,0,0,-2,0,0,0,37617,44077,0,33296,32328,40740,9597,16153,0,19374,24014,35978,0
170000,2,2,2,42,0,0,0,1,0,0,16560,19876,16792,16072,15541,17465,1537,12927,9722,3710,11012,3728,0
390000,2,1,1,34,0,0,-1,-1,0,0,28250,32415,27197,24299,23479,25390,13148,13550,23166,11609,14910,17482,0
60000,2,2,1,40,1,2,-2,2,0,0,41327,31975,0,37142,34842,27550,827,5454,0,3545,22016,15113,1
90000,2,2,1,40,0,0,-1,-1,-1,-1,27408,29475,27073,19561,23093,23422,14151,21725,26155,7912,12512,8492,0
170000,2,2,2,33,3,-2,1,-2,0,-1,64136,0,74729,0,97393,59822,3605,0,1877,0,79704,54738,1
150000,1,2,1,40,0,-2,0,0,0,0,29640,0,29319,28116,30087,29563,15914,0,13754,6587,20662,24159,1
90000,1,1,2,42,0,0,2,2,1,0,36125,30303,31621,26749,36243,22745,8620,20006,928,3681,1183,15544,1
20000,2,1,2,38,1,2,0,0,0,-2,3185,3975,3663,3477,3302,0,150,82,2061,1608,2413,0,0
110000,1,1,1,34,0,0,-2,0,0,0,35467,27177,0,26302,29461,28143,35068,17618,0,9368,22701,11127,0
140000,1,2,2,51,0,-1,0,-1,-2,-1,35511,48910,55312,41918,0,41209,28514,39290,35315,25228,0,19255,0
130000,1,1,1,39,0,1,0,0,-1,-1,24575,30740,27105,27996,27401,23814,10886,841,18804,27152,17153,14313,0
60000,2,2,1,48,0,1,0,2,2,-2,22216,32641,23303,29846,30607,0,13805,3676,12594,5120,1802,0,0
200000,2,2,2,37,0,0,0,0,-1,-1,61035,68993,54565,79906,67089,75977,18151,35810,22930,62425,52941,33165,0
420000,1,1,2,45,0,1,1,0,0,-2,180008,199032,156140,200276,125773,0,85429,19860,4822,164601,29902,0,0
150000,1,1,2,36,0,-1,-1,0,-1,-1,19406,14825,16240,18337,12079,10835,17405,13103,13980,16055,10183,10129,0
80000,1,2,1,37,-1,0,0,0,-1,-1,30669,32539,29426,25520,19124,23964,27415,27690,16255,19730,7913,10753,0
210000,2,2,3,31,0,2,-2,1,0,0,41512,38089,0,37215,36120,41348,39667,1208,0,5040,28573,33774,1
30000,1,2,2,30,-1,0,0,0,-2,0,8935,11195,10750,9122,0,8383,4323,8475,5654,6388,0,7478,0
90000,2,3,1,36,-1,0,-1,-1,0,0,37921,39821,47931,41984,50240,49954,28131,27184,30924,9459,31896,39517,0
180000,2,2,1,31,0,3,2,2,0,1,42811,46644,37886,49721,44627,48861,16082,8740,1034,5843,27342,6000,1
230000,2,1,2,31,0,-1,0,0,-2,0,57268,64276,53077,56591,0,48502,43984,52893,43747,10968,0,36960,0
230000,2,2,2,38,0,1,0,-2,0,0,46172,32399,47670,0,36179,35559,16022,3819,41461,0,28622,7245,1
80000,2,2,2,37,-2,-2,0,1,0,0,0,0,29842,38075,39318,36332,0,0,12898,959,19703,34943,0
140000,2,2,2,31,0,0,-2,0,0,0,38869,35902,0,32984,24510,29061,34911,27927,0,24051,5919,23360,0
100000,2,3,2,43,0,-1,-1,-2,-2,-1,58755,53139,56503,0,0,41466,50266,44170,33155,0,0,38653,1
100000,1,3,2,33,0,0,0,0,0,0,32196,31843,32359,37658,36630,33802,6622,19039,26298,14548,7762,26454,0
280000,2,2,1,54,-1,0,0,0,0,0,137415,75127,126668,71184,89578,80267,90740,23071,125943,61666,82041,51045,0
40000,1,2,1,33,0,1,1,0,1,-2,13424,14374,15469,12551,15255,0,5112,1707,591,5834,1756,0,0
180000,1,1,1,65,-2,0,-1,0,0,0,0,101339,98173,97001,111949,91784,0,32224,94478,65077,27269,39297,0
290000,2,1,1,35,1,0,-1,-1,-1,-1,121179,83566,104019,87826,100150,90738,8223,63354,34078,45943,81885,84670,0
30000,2,1,2,35,1,1,1,0,-2,3,19184,20623,21713,21488,0,19477,1895,2164,1534,15203,0,1320,1
170000,2,2,1,47,0,1,1,0,0,-1,53792,55997,54641,54896,53686,46098,32073,12597,3325,23755,45680,32135,0
60000,2,4,1,37,-1,0,0,0,0,0,21318,20680,19952,15379,22311,15427,9097,6589,10591,12056,4447,13111,0
40000,1,3,1,41,-1,0,0,1,0,1,17976,14432,17454,18517,15526,16566,12969,11661,3750,441,13380,295,0
120000,1,3,2,56,-1,-1,-1,-2,-1,-1,39081,33228,33755,0,41303,39278,36512,12416,31970,0,19856,35955,0
150000,1,2,2,41,0,0,0,0,0,-1,21593,24455,25174,19088,19836,21855,13598,10737,19992,18520,13314,11139,0
30000,1,1,1,65,0,0,0,0,0,0,12394,9569,8001,9001,9937,9068,4239,2731,5573,6872,6836,4252,0
40000,1,2,1,47,0,-2,1,2,2,2,13815,0,12273,13740,13739,14955,9766,0,372,1310,2610,3729,1
90000,2,1,2,35,1,2,2,2,1,0,30685,34694,31248,27321,32019,31739,6225,1420,5788,7163,2750,22623,1
120000,2,2,1,48,0,0,0,0,0,-1,86169,69353,70533,78538,68265,74920,29358,40542,17413,69152,59370,25345,0
40000,1,1,1,57,0,1,2,0,0,1,18516,14519,17087,16266,13173,17589,16430,2593,7645,11430,7369,757,0
220000,2,3,2,35,0,0,0,0,0,0,8133,6773,9905,10779,9582,9013,6433,4751,3355,10327,7517,2261,0
100000,2,1,2,39,0,-1,0,0,1,0,11108,14125,9375,11110,11616,10803,7946,7690,5297,8750,153,2821,0
70000,2,3,1,47,-1,0,0,0,1,0,15395,13014,16870,14332,13518,11879,11537,10461,10747,11618,3718,8760,1
60000,2,2,2,41,-1,-1,-1,-1,-1,0,23098,15645,26218,18512,16800,15772,17992,10796,12646,16836,13538,11927,0
110000,2,1,2,47,0,0,0,1,0,0,23135,17855,17030,15278,17897,13962,10069,14945,14197,2950,10167,11762,0
180000,1,2,1,51,0,1,-2,2,1,0,52157,41043,0,55504,55738,56660,44832,9721,0,3392,5933,41395,0
90000,1,2,2,58,0,0,0,0,0,1,21999,19935,18370,17584,15714,25860,13297,8412,13169,8187,6760,2035,0
110000,1,2,2,36,-1,-1,0,0,0,-2,43786,48418,42798,43019,32667,0,23498,35086,15121,29534,21679,0,0
110000,2,1,2,43,-2,-1,0,-1,-2,-1,0,8907,8994,8548,0,7188,0,6470,6641,5396,0,5973,0
30000,2,3,1,35,1,-2,1,0,0,0,10045,0,10011,10037,8269,8064,2,0,299,9280,6310,2003,0
200000,2,3,2,32,-1,0,-1,0,0,0,20959,18112,17698,21368,16059,16098,3486,9766,11382,13152,10840,7892,0
80000,2,2,1,34,-2,0,0,0,0,1,0,29263,24593,28600,23965,27154,0,15427,10923,23244,20045,46,0
90000,2,2,2,38,0,-1,-1,-2,-1,-1,57278,57909,54128,0,44258,56418,20356,54800,40503,0,32473,14294,0
100000,1,3,1,49,-1,-1,-1,0,0,0,60615,49571,58820,50538,41629,51647,58568,28272,38085,21598,11276,15008,0
170000,2,3,1,53,0,-2,0,0,0,0,49223,0,47447,42379,43891,33059,28569,0,32166,34782,33196,26476,0
90000,2,3,2,53,0,0,1,1,1,0,26812,22713,26339,29407,23749,23949,13238,1507,5453,304,10162,19698,0
200000,2,1,2,40,0,0,0,0,-2,-1,106531,86481,74986,80414,0,90432,83837,57858,66544,20487,0,41669,0
140000,2,1,2,42,-2,1,0,0,0,0,0,46037,56839,52974,44170,54082,0,449,25247,35673,24299,13927,0
70000,2,4,2,30,0,0,0,-1,0,0,62791,50810,50078,41577,46905,42040,45870,37204,33041,30654,41131,17466,0
30000,1,2,3,33,0,0,-2,0,0,2,7156,7870,0,7923,10735,8502,4955,5429,0,4476,9182,184,1
140000,1,1,2,36,0,0,0,0,0,1,55576,60174,64539,57487,58971,56598,47687,50919,58756,25966,55073,2558,0
70000,2,3,2,31,0,0,0,0,0,-2,24368,20900,23090,25995,20056,0,14473,7702,15599,19728,19732,0,1
70000,1,2,2,48,0,0,0,-1,0,0,4853,6162,4742,5226,4497,6446,4286,1341,4353,2819,1128,1179,0
90000,2,2,1,38,0,1,0,0,0,0,53225,45978,56261,33961,47925,55005,36394,2934,42364,31536,19648,3205,0
80000,1,2,2,36,0,-2,-2,0,-1,0,8331,0,0,9324,9662,11131,8227,0,0,8524,6968,3733,0
90000,2,2,1,60,1,0,0,0,-1,-1,16900,16646,15412,11427,14231,16539,5791,9116,10036,7672,6595,8023,0
160000,1,3,1,30,1,1,1,0,0,-2,26233,32459,27813,25111,26037,0,3670,1258,5387,15690,5033,0,1
90000,1,1,2,37,2,-2,0,-1,-1,-1,13711,0,14053,12091,9681,8467,1338,0,7642,1534,7978,3897,1
90000,2,2,2,47,0,0,0,0,0,0,30381,22685,27107,26559,25122,27184,24714,15580,25432,9813,10595,21266,0
70000,2,4,2,34,-1,-1,-1,-1,-1,-1,5365,4384,5236,5696,3693,4495,1727,3752,3738,4945,2090,707,0
80000,1,2,1,74,-1,-2,-1,-2,0,-1,14578,0,12337,0,11882,10216,13439,0,12186,0,7931,3084,0
90000,2,2,1,32,0,0,1,0,1,1,42666,31684,36152,40124,28668,32637,33847,29726,755,31334,5945,2612,0
130000,2,1,1,33,0,0,0,1,0,0,77572,64849,65303,54351,63288,62056,37060,28947,43075,6017,16432,35199,0
110000,2,1,2,37,0,0,-1,-2,-1,-1,12166,20243,18255,0,14549,16008,9319,6959,5539,0,10213,12452,0
100000,2,2,1,30,1,0,-2,0,0,2,65949,49538,0,58817,50571,61069,5203,35721,0,57573,30123,3275,1
280000,2,3,1,31,-1,0,0,0,-2,-1,213605,207340,227535,194049,0,226967,106192,162598,93683,186448,0,181049,0
120000,1,1,1,44,0,-1,-2,0,0,-2,19201,18356,0,14188,9535,0,12248,8334,0,9476,1638,0,1
50000,2,2,2,33,-1,-1,-1,0,0,-1,16716,14837,18462,19071,20609,12693,9094,11942,14506,9522,13274,8092,0
170000,2,3,3,35,-1,0,0,-2,-1,-1,132567,112280,85097,0,100339,104037,78345,98687,49436,0,53233,89841,0
70000,2,2,2,36,2,0,0,1,0,0,18791,17249,17011,16091,12889,18058,512,15259,6736,1446,7447,11333,0
30000,1,2,2,38,1,2,0,0,0,0,22941,29150,20478,22718,15315,19102,533,4500,9921,20052,10149,10728,0
80000,1,1,2,39,0,0,0,0,0,0,9098,6445,7945,7387,7243,7584,5960,6055,7371,1724,2118,4599,0
190000,1,2,2,44,0,0,0,0,-1,-1,164994,141429,124242,135002,176113,128277,94670,113380,78606,131336,117417,51696,1
30000,2,2,2,33,0,0,0,0,-2,0,28936,29016,24947,23383,0,17008,21339,25071,19834,17639,0,6170,0
100000,2,1,1,37,1,1,0,0,0,1,47273,52647,45850,58717,49110,39535,1916,5816,41700,21654,37886,1977,0
120000,2,4,2,34,0,0,0,0,0,-1,51464,49843,49468,50814,51667,55078,34456,38948,3525,50546,28753,31171,0
110000,1,2,1,42,1,-2,0,1,2,-2,25586,0,21221,28985,23381,0,6156,0,11898,793,936,0,1
240000,2,2,1,36,2,3,-2,2,1,1,66853,110509,0,100343,84043,79672,2493,1573,0,1981,9248,18375,1
110000,1,3,2,32,-1,-1,-1,-1,-1,-1,36072,33586,34016,23171,35579,38387,30019,21075,17253,7858,31705,20621,1
30000,2,2,2,37,0,-1,-1,-1,-1,0,13738,9000,10264,7364,10744,10782,6988,3250,7747,4650,3657,2560,0
290000,1,2,2,49,1,0,0,0,-1,-1,292056,227970,252554,190939,262010,227914,4044,19645,51759,120173,162200,187881,0
380000,2,1,2,43,0,0,-1,-1,-1,0,282253,229848,188249,194145,190382,223279,197232,101141,120323,159277,151661,193721,0
80000,2,1,1,75,0,1,0,0,0,-1,37938,40673,29498,29110,32536,30804,23651,208,13953,15605,14121,19712,0
90000,2,2,1,45,0,-1,-1,-1,-2,0,30022,34358,19797,30027,0,35142,20241,20385,14089,14451,0,31745,0
60000,1,1,3,32,-1,0,0,0,0,0,25432,22771,27576,18245,20675,23925,13915,8092,27002,10783,18128,21440,0
40000,1,1,2,37,0,0,-1,0,0,0,9187,8124,8786,7196,7019,6772,6534,6525,5662,3592,1941,3276,1
210000,1,2,2,53,-2,2,2,1,1,0,0,25685,25468,25751,23023,27029,0,714,1360,4437,553,5931,0
90000,1,2,1,40,0,0,-1,-1,-1,0,15004,17219,14886,14874,14287,12156,5537,16430,8631,4047,12364,1060,0
80000,2,2,2,30,-1,-1,0,0,-1,0,22597,26656,25756,23489,17360,23526,13130,25053,8004,20624,7411,2977,0
80000,2,2,2,36,0,0,0,0,0,0,18701,15424,19608,13598,19361,19137,11788,15331,12270,6769,15415,13232,0
40000,2,3,2,39,1,1,1,0,0,2,17830,20151,17640,19937,19818,15399,1669,1748,2125,11386,13514,1798,1
70000,1,1,1,30,0,-2,1,2,2,1,29000,0,34777,28259,33344,27642,5792,0,5257,1182,1042,8110,1
30000,2,1,2,32,-2,0,1,2,1,1,0,3902,2865,2839,3226,3394,0,3871,146,50,851,147,0
30000,1,2,1,33,1,1,1,2,2,2,5838,6898,7433,6802,6605,6946,820,559,769,1629,695,697,0
360000,1,2,1,32,-1,0,-1,-1,-1,0,137818,157182,126312,142594,151029,110173,85317,88256,34587,85771,136480,73886,0
80000,2,2,1,33,0,0,-1,-1,-1,-1,1826,1160,1123,1331,1484,1320,762,611,461,796,741,1031,0
140000,2,1,1,39,-1,-1,-1,-1,-1,0,35809,29371,28600,24481,26550,28720,16936,10180,23694,11733,17197,27679,0
40000,2,3,1,45,-1,0,0,1,1,1,14744,14219,14219,20448,19737,12499,10838,10792,1351,619,6065,1493,0
180000,2,2,2,31,-2,0,0,0,0,0,0,44060,57022,52954,50626,53735,0,41616,31142,51564,32670,40355,0
60000,2,2,2,37,2,2,2,0,1,0,24740,31869,28324,21069,24801,24315,4463,304,249,6005,4307,17276,1
190000,1,2,1,31,-2,1,1,-2,0,0,0,76929,85456,0,80569,68899,0,20887,9999,0,60785,56440,0
60000,1,2,1,59,0,-2,0,0,0,0,2689,0,3213,3980,3432,3445,1050,0,1932,3018,2519,2025,0
90000,1,2,2,33,1,1,0,0,1,2,53305,53622,43159,46556,40847,52339,965,11709,32062,32967,5202,9731,0
40000,2,2,2,62,0,-2,0,0,0,0,2552,0,2024,2189,2957,2494,2241,0,1200,1530,1616,2084,0
320000,2,3,1,30,-1,-1,-1,0,-2,-1,16847,11037,15146,15582,0,15882,8611,5811,10956,6738,0,11308,0
450000,2,2,2,51,-1,-1,-1,-1,-1,-1,76544,51143,60581,59254,47023,65324,58256,24549,20852,30705,21565,38939,0
130000,2,3,2,33,-1,-1,0,0,0,-2,37361,41450,34451,26950,30505,0,37193,18624,23035,20451,22898,0,0
130000,2,3,3,32,0,0,0,1,1,1,11950,12399,9240,11735,11299,11792,5184,7428,5877,2991,628,36,0
90000,2,1,2,35,-1,-2,0,0,1,2,41076,0,35969,36965,35260,29844,30560,0,12261,21850,274,1422,1
200000,1,4,1,35,0,-1,-1,-1,-1,-1,27783,25492,28006,29245,33732,31085,6380,22318,17890,10755,25168,11984,0
40000,1,3,2,53,-2,2,1,0,0,0,0,23921,19054,17560,10803,18725,0,805,1493,9703,1962,17972,0
70000,2,2,2,39,0,0,0,0,0,2,7770,6654,7389,7399,6196,6589,3224,5093,6204,4600,5398,1655,0
150000,2,1,1,42,1,0,1,1,1,0,36180,42043,49792,45617,37193,38463,5112,25537,6155,3624,3789,29229,0
70000,2,1,1,39,0,0,-1,-1,-1,-1,20490,22702,17983,21676,19149,21110,12373,18723,5538,19646,13514,16771,0
120000,1,3,2,35,0,1,0,1,1,2,73810,58027,43428,78862,69937,62205,34055,15283,21653,28040,10735,3066,1
40000,2,2,1,34,0,0,0,0,0,0,18006,21832,15745,15634,14348,14821,17679,12137,9614,1591,7712,8985,0
220000,2,2,1,57,0,0,0,0,0,-1,135267,131236,114010,141638,132016,118506,109530,85491,45445,104162,72119,109334,1
120000,1,3,2,38,0,-2,-1,0,0,0,50078,0,48891,42605,53514,55264,11786,0,10263,32975,36814,22990,1
160000,1,2,2,42,0,0,0,0,-1,-1,93128,112746,74391,95861,89836,89645,60932,91054,57684,36861,30927,30800,0
90000,1,3,2,37,0,0,-2,0,0,0,30099,16416,0,25404,17826,30183,15058,8767,0,13514,10217,25546,0
230000,2,3,1,37,0,-1,-1,0,-1,-1,33766,38723,29205,36971,41209,38831,16502,23759,16861,25644,30818,21974,0
410000,2,2,2,30,0,0,-2,0,0,0,79762,82099,0,83071,67597,73257,69947,63316,0,37858,16544,31928,1
110000,2,2,2,30,0,0,0,-1,-1,-1,38316,58191,48216,60139,45386,42374,15912,48603,46567,24891,35678,30267,0
240000,1,1,2,32,0,0,-2,1,0,-2,164957,120532,0,121603,125715,0,116083,60344,0,30424,109658,0,0
140000,2,2,1,39,1,1,1,-2,0,-2,41126,31065,41949,0,32311,0,822,8199,1731,0,16843,0,0
180000,2,1,2,33,1,1,-2,1,0,-1,99126,69635,0,77161,48040,78086,7493,5334,0,7193,32661,24452,1
20000,1,1,1,30,2,1,2,3,3,3,16807,11106,16204,16866,15649,16993,442,68,3899,1586,2913,1114,1
380000,1,1,1,39,0,-1,0,0,1,1,40994,34473,43406,36346,32745,34460,25482,28117,23708,35267,667,1473,0
80000,1,2,1,39,0,0,0,0,0,0,14910,10575,13589,14089,12417,13402,10067,9969,7244,7091,4583,3713,0
210000,2,3,2,48,-1,-2,0,0,0,0,131615,0,111461,98580,126740,143093,129996,0,45943,45001,31995,112189,0
90000,2,2,2,47,1,0,-1,-1,-1,-1,15549,17132,14051,15109,14547,13273,52,15077,9478,3745,9837,8649,1
110000,2,3,1,45,2,2,2,0,1,1,59949,51195,47821,42843,44673,48843,74,2038,10387,9232,566,19147,1
110000,1,2,1,31,0,1,1,0,0,0,9959,8395,9352,8192,9016,8779,7644,526,1237,6360,8352,8494,0
300000,2,2,1,34,-1,-1,-1,-1,-1,-1,8432,11678,10301,13877,7819,10878,6016,3702,6474,6202,5168,1733,0
40000,1,1,2,34,0,0,-1,0,0,-1,12963,11970,11563,8919,7475,12933,11588,3395,7204,6627,5836,7084,0
90000,1,2,2,38,0,0,0,0,-2,-1,16427,23710,19876,15959,0,13624,10381,10836,13539,7410,0,9630,0
140000,1,1,2,49,0,-2,0,-2,0,-1,35759,0,36807,0,37775,45629,27638,0,18453,0,10695,30650,0
60000,1,1,2,33,0,0,-1,0,0,2,17693,18048,20879,17665,14351,17355,14151,2727,12950,14798,6797,207,0
190000,1,2,1,30,-1,0,0,0,0,0,43724,59312,56166,60632,59973,59218,26783,41690,46495,52797,28262,45062,0
150000,1,2,2,47,0,0,-2,0,0,0,51096,47938,0,45049,40554,44216,45039,37743,0,29633,33717,39911,0
240000,2,2,2,66,-1,0,-1,-2,-2,-1,70342,53261,54489,0,0,46921,45126,36264,42770,0,0,31919,1
170000,2,2,1,61,0,-2,0,-1,0,-2,38104,0,38255,29212,33618,0,13054,0,3918,16528,15887,0,0
70000,2,2,2,54,0,-1,0,0,-1,-1,1629,1488,1298,938,1339,1310,1075,777,474,885,189,550,0
260000,2,2,2,32,0,-2,0,0,-2,0,60106,0,59485,62336,0,76394,51364,0,51278,49514,0,59055,0
70000,1,3,1,34,0,0,1,1,0,-1,44761,29706,29001,43779,21818,24775,28740,23235,1374,6824,11731,14092,1
100000,2,3,2,32,0,-1,0,-2,-2,-1,46398,30003,48796,0,0,48151,19282,28497,41041,0,0,38504,0
60000,1,1,1,31,-2,0,0,0,0,0,0,9935,11742,13738,14422,12579,0,2583,6112,7952,7611,6506,1
280000,2,2,1,50,0,0,0,-2,-1,0,119894,85142,105262,0,97025,95552,81355,59424,33020,0,65412,53137,0
320000,2,2,2,48,1,1,0,0,0,0,40599,60489,62888,61446,44478,44674,2917,761,58649,52753,22776,23671,0
90000,1,1,1,45,1,0,0,1,2,2,26133,31643,27053,31509,22265,17575,1274,15552,19862,176,2064,2365,1
180000,2,2,1,35,-1,0,0,-1,0,-1,10282,11069,10984,12076,7949,9395,7062,8584,6267,8394,6449,3760,0
60000,1,2,1,45,1,1,-2,2,2,2,18519,14177,0,20205,18371,14287,960,1030,0,558,978,350,1
150000,2,1,1,36,-1,0,-2,0,0,0,74291,81697,0,75431,83815,69856,58995,61799,0,69524,50112,61065,0
80000,1,1,2,36,0,0,-1,-1,-1,-1,44801,42003,44927,51999,44889,37893,25182,23671,33694,29498,22549,5291,0
70000,2,2,2,36,0,0,0,0,-1,-1,24349,25458,24134,15645,23822,18494,17730,16666,15483,8674,20451,11185,0
160000,1,3,2,35,-1,-1,-1,0,0,0,15998,17046,10096,19273,18422,14370,6325,14140,9534,16105,10790,5703,0
80000,2,3,2,34,0,0,0,0,0,0,11322,12417,12842,10660,10997,12524,4708,10668,5846,5903,4367,11025,0
90000,1,1,2,40,1,0,-1,0,-1,0,26039,26832,20473,21469,21450,19643,246,15687,5719,17027,9305,19053,0
90000,1,2,2,38,0,2,1,1,-2,2,17281,20600,17338,25150,0,22159,15315,2400,1729,2844,0,1270,0
180000,1,1,1,42,0,-1,-2,-2,-1,-1,14798,13874,0,0,16174,12934,13915,12553,0,0,9928,9820,0
100000,1,1,1,39,0,1,2,3,2,2,27925,29706,25364,25639,33579,27733,21896,1652,3943,10363,3035,9773,0
90000,1,3,1,34,2,1,-2,1,0,1,17090,17533,0,14512,18842,13118,111,484,0,3628,15587,337,1
40000,1,2,2,37,0,0,1,-2,0,0,4156,3203,5966,0,2898,3019,1319,2695,1169,0,2250,1500,1
170000,2,2,2,31,0,0,-2,0,0,-2,100357,94142,0,83012,85733,0,91504,11688,0,66862,49913,0,1
140000,2,2,2,50,0,0,0,0,0,0,106006,83249,99914,93458,93213,87795,58310,60216,83131,36192,69980,68107,0
150000,1,2,2,33,0,0,0,0,0,0,61759,60578,73000,53857,60018,57665,57818,28638,54903,27658,31932,32720,0
160000,1,2,2,37,0,0,0,0,-1,-1,13604,19819,19258,16213,19876,15954,5955,11688,14002,3710,15792,7712,0
90000,2,2,1,30,0,0,-1,-1,-2,0,57388,57831,56099,50625,0,44137,39275,43525,16962,39396,0,33935,0
130000,1,2,1,37,0,-2,1,1,1,0,42828,0,36429,44218,50614,44378,30296,0,5254,2367,5492,38414,0
200000,1,1,2,32,0,2,2,0,1,1,33149,41132,32423,38647,35235,43361,27908,6959,1184,23910,1364,3732,0
30000,1,2,1,36,-2,2,1,0,2,2,0,9030,11410,9507,12622,9299,0,752,1095,6940,3114,2064,0
70000,2,2,2,40,-1,0,0,0,-2,2,34862,38043,33360,40215,0,27559,8975,19424,9401,15683,0,169,0
50000,1,2,1,33,0,0,-2,0,-2,-1,33977,31141,0,26015,0,24903,32234,28564,0,8847,0,19183,0
150000,1,2,2,41,-2,0,0,0,0,1,0,50948,68511,58389,87565,61679,0,12425,53508,17200,47399,2953,0
50000,1,3,2,30,0,0,0,0,0,0,9160,9755,9623,9245,9249,10294,7053,5059,6886,5365,8886,9735,0
90000,2,2,1,39,1,2,0,-1,0,0,47042,47461,49919,45936,48636,37395,2844,16085,35636,41169,26864,33144,0
20000,2,3,2,34,0,0,2,1,0,0,10718,9440,11858,11672,8378,11694,6478,6047,3414,177,8069,5695,0
140000,1,2,1,66,-1,-1,0,0,-1,-1,135712,81735,72772,75142,84016,94987,106735,38624,70327,57573,33999,69078,0
150000,1,2,1,32,-1,0,-1,-1,0,0,18321,22770,28474,24316,24197,26009,8801,19940,14622,10438,11587,24182,0
120000,1,3,1,42,-1,-1,-1,0,1,2,43407,38953,41474,50155,44662,42848,31207,13828,37957,24418,2341,2625,0
140000,2,1,2,41,0,-1,0,-1,-1,-1,70426,61830,74385,60073,61048,49885,40603,45877,45457,36703,42912,42905,1
490000,1,1,2,38,2,0,-2,0,0,-2,307953,272733,0,333603,271345,0,15696,204893,0,136114,166280,0,1
70000,1,1,2,64,0,0,0,0,0,0,29986,33040,27917,29076,26086,24371,11926,24974,4691,24121,5348,19564,0
230000,1,1,2,30,0,0,-1,-1,0,0,42430,28373,37461,32712,32494,27846,14440,7204,23784,26573,32263,26451,0
150000,2,2,2,30,1,0,0,0,0,0,37846,37521,31529,29896,42998,32894,788,5227,13744,10463,36407,21301,1
170000,1,3,1,39,1,1,0,0,0,1,60705,69304,64610,89255,86765,82726,868,735,21882,28211,78589,562,0
40000,2,1,1,36,0,-1,-1,-2,0,0,10337,9416,8849,0,7451,9833,4578,2147,6274,0,1207,3769,0
110000,2,2,2,32,3,2,1,0,0,0,75399,85082,94808,77730,62604,99307,13548,1743,9939,15716,39358,48656,1
150000,2,2,2,31,1,1,-2,0,0,-1,76840,51645,0,67691,62597,70659,9156,3776,0,48796,41608,31685,1
30000,2,2,2,30,0,1,0,0,-2,2,24068,23379,26375,22308,0,29066,21779,654,22388,12109,0,1356,0
130000,2,1,2,36,-2,0,0,-2,0,0,0,20189,16416,0,17534,25070,0,9513,6804,0,12471,8314,0
70000,2,2,2,41,0,0,2,0,0,0,14267,13592,11381,11214,10494,6856,6341,4513,1213,1697,5679,4046,0
90000,2,1,2,34,-2,0,0,-1,-1,-1,0,53055,48908,48755,50306,55945,0,25432,38873,41801,23365,21521,0
50000,2,2,2,31,-1,0,0,0,0,0,42302,41534,35766,36209,37404,40296,41048,27277,23045,21130,32664,12039,0
90000,1,1,2,35,-1,-1,0,0,0,0,45553,44703,38886,47865,45130,51751,36172,6357,23394,34534,31390,21948,0
290000,2,1,2,34,0,-2,0,0,-2,0,111313,0,111204,103075,0,101486,15916,0,70919,90739,0,47687,0
40000,1,3,2,53,0,0,0,0,0,0,11761,11035,14755,13407,15330,12569,1114,7475,7914,5570,13425,3177,1
40000,1,2,2,30,2,1,0,1,-2,0,19661,31179,28514,26215,0,25761,230,4139,18707,1661,0,22405,1
110000,2,1,2,36,-1,0,0,0,-1,-1,9730,8908,7712,8965,8911,7539,7971,5933,5641,4879,4465,3026,0
190000,2,1,1,46,0,0,0,0,0,0,9952,8575,9449,10283,11180,8297,7755,2786,6983,6274,6638,2930,0
170000,2,2,2,36,0,-2,-1,-1,-1,-1,67770,0,44144,58025,65495,73587,43333,0,33242,7299,47370,51061,1
300000,2,2,2,30,-1,-1,-1,0,0,0,249809,202232,177159,229543,209935,223541,205432,199812,131297,97833,162338,178999,0
40000,2,2,2,49,-1,-1,-2,-1,-2,1,16498,12416,0,15723,0,9766,14786,7730,0,14405,0,664,0
60000,2,1,2,45,0,0,2,2,1,1,33674,37840,31855,33446,35108,26021,21814,19094,3253,3573,1530,6240,0
120000,1,2,1,34,1,0,0,0,2,-2,40774,44294,46040,43785,47031,0,7077,29902,24703,28326,7772,0,1
150000,2,2,2,74,1,1,0,0,-1,-2,93256,74806,81113,84736,86096,0,10149,23025,74959,37310,74638,0,0
50000,2,2,1,33,0,0,0,0,2,-2,44757,40865,44733,47689,45509,0,13611,32050,40632,6002,3987,0,0
50000,2,3,2,48,1,2,0,0,0,1,8569,8228,7755,8496,8946,8283,761,1208,5583,8329,3821,770,1
80000,2,1,2,30,0,0,1,0,0,0,26389,28567,31127,25069,27823,30669,15134,18326,1009,23391,21434,19324,1
140000,2,3,1,42,0,0,0,-2,0,0,32767,40991,40347,0,41115,28337,32485,18102,32917,0,14175,19968,0
280000,2,2,1,32,-1,-1,0,-1,0,0,46784,53082,50898,58570,45886,42369,16212,30826,44158,48381,33793,34807,0
270000,2,3,2,30,0,0,0,0,0,0,187011,169006,179701,151541,166028,130991,98936,115046,131589,146083,106388,118074,0
90000,1,3,1,40,0,0,0,0,1,1,52351,56643,61387,49563,46242,58567,42815,40503,25441,38592,8289,3127,0
180000,2,2,1,39,0,1,2,2,1,0,17151,11369,12355,14159,10756,11918,3640,3948,824,1329,7,8452,1
110000,1,3,2,33,0,1,0,0,1,0,19900,25242,15917,22655,15514,21407,15679,7093,7597,18322,19,18058,0
190000,2,2,1,35,0,0,0,0,0,1,40045,36540,42472,35052,35339,43266,36085,30357,31337,15669,30141,1869,0
40000,1,1,2,36,0,0,0,0,0,0,18227,20339,16133,16131,16759,17957,17259,10211,8339,4390,12773,11849,0
220000,2,1,2,32,0,0,0,1,-2,0,81685,90049,89982,100586,0,89464,74951,41961,38126,8904,0,42890,0
50000,1,1,2,40,-2,0,0,0,-1,-1,0,23633,28677,35766,33886,31258,0,4835,22359,28391,30291,17479,0
60000,1,2,1,30,0,2,2,2,1,0,3594,4107,4145,3316,3475,3820,1012,47,111,6,11,3092,0
60000,1,2,2,39,0,-2,0,1,1,0,17476,0,18647,16271,18197,17687,9858,0,14514,52,354,15245,0
330000,2,2,1,38,0,0,0,-2,-2,-2,238458,230630,189257,0,0,0,136662,157468,132748,0,0,0,1
80000,2,1,2,46,-1,0,0,-2,0,0,24255,26580,21625,0,23307,30543,16036,7610,13142,0,16387,19357,0
280000,2,2,1,34,-1,-2,-1,-1,-2,-1,81702,0,67712,83688,0,77435,59766,0,30471,44791,0,69880,0
60000,2,2,2,38,0,0,-1,-1,-1,-1,29621,26954,32753,21373,25511,28278,13807,20897,19024,18181,16928,11092,0
120000,1,2,2,37,0,0,1,0,1,-2,39961,32426,33234,34535,32323,0,21118,31162,4364,11999,9736,0,1
100000,2,3,2,30,0,0,0,0,0,0,78171,70555,87979,70529,69568,87000,46673,35616,81604,54223,66172,80564,1
20000,1,2,1,36,-2,-1,-1,0,1,1,0,12421,13588,13309,12248,12277,0,8034,9406,4273,1235,821,0
80000,2,1,1,30,0,-2,-2,1,2,1,66891,0,0,57993,38180,56074,12912,0,0,10024,4171,1837,1
70000,2,2,1,32,0,-1,-1,-1,-1,-1,28701,30994,23215,24320,23018,24395,13103,25693,9349,14778,14583,8929,1
80000,2,2,1,41,0,0,0,-2,-1,-1,35674,41700,35606,0,38335,46220,27217,18588,24563,0,26459,14899,0
60000,2,4,3,32,0,0,-2,0,-2,1,32435,40409,0,32340,0,24399,16312,34382,0,20629,0,2078,0
100000,2,1,1,51,0,-1,-1,-1,0,0,47084,46047,45927,40438,47792,31494,34601,43364,45675,31000,15699,12936,0
110000,2,1,1,43,1,0,0,1,1,1,94472,86182,78449,83220,98883,83634,3305,39936,49789,13172,4500,17858,0
20000,1,1,2,31,0,0,1,0,2,1,11531,9508,10440,8095,7864,8048,5852,4591,217,2980,362,410,0
80000,1,2,1,30,0,0,0,1,-1,-1,23214,35975,31447,32425,33955,25026,19541,22984,30281,347,20255,22487,0
200000,1,2,1,32,1,2,0,0,0,-1,95113,115492,114969,106428,88229,122895,10551,20481,34340,70387,45165,28988,1
80000,1,1,2,52,1,0,0,0,0,0,30018,19291,26942,23767,24896,22413,8872,4721,18050,16378,23788,13484,0
40000,2,3,1,43,0,0,0,0,0,0,15992,18820,19426,20544,19446,17524,13852,8535,11068,3469,11887,14905,0
180000,1,1,1,47,0,0,0,0,0,0,100170,118059,106080,109332,104226,111804,48980,69198,94060,91517,21609,81925,0
160000,2,2,1,47,0,0,0,1,0,0,19926,15427,20211,20709,16253,16635,18824,6991,4005,1083,5264,9955,0
130000,1,1,2,36,2,-2,-2,1,3,5,37036,0,0,34972,43400,35852,1387,0,0,90,14631,107,0
410000,2,1,2,33,0,0,-2,0,0,0,201301,200758,0,194403,207639,193400,96572,159268,0,101910,30761,187586,0
90000,2,2,2,38,-2,0,0,-1,-1,-1,0,27037,27042,22635,24362,24893,0,19775,15976,9573,15050,20224,0
60000,2,3,1,32,0,1,1,0,0,0,32366,46051,41629,32573,42289,37501,25648,2675,696,19926,26133,22787,1
70000,2,3,2,44,0,-1,0,0,-2,-2,6538,4916,6682,5379,0,0,2455,2472,6355,4973,0,0,0
100000,1,2,2,59,0,0,0,0,0,-1,56928,49403,51101,45873,39174,41174,46614,43503,26530,33530,32290,38487,0
90000,1,3,1,33,1,2,1,3,-2,2,46715,37961,37749,39400,0,27872,2473,4580,2040,6817,0,978,0
140000,2,2,2,36,0,1,-2,1,1,0,72700,64405,0,55483,55899,63085,48969,871,0,12312,9096,26176,0
180000,1,1,2,38,2,-2,2,0,0,0,73421,0,67134,60907,65998,47015,3338,0,17703,52797,34465,34100,0
80000,2,2,2,52,-1,-2,0,0,0,-2,21480,0,20345,22243,22257,0,15625,0,9966,10487,13234,0,0
70000,1,1,1,65,0,-1,0,0,-1,0,13737,14450,14059,13437,14395,11169,7253,4495,8761,6110,9936,8233,1
80000,2,1,2,37,0,0,0,0,0,-1,30667,22577,25227,26433,27640,25558,17199,17934,21933,20651,16369,18185,1
50000,2,2,2,51,0,-1,0,1,1,0,13099,16134,14243,13434,12729,12454,8422,11663,3732,2916,467,6597,0
90000,1,1,1,32,1,0,0,0,-2,0,18721,21427,19420,20159,0,19483,3341,20319,12020,11188,0,10469,1
110000,2,1,1,31,0,0,0,0,-1,-1,54982,59210,54759,49790,49737,47645,47520,57209,49128,29086,27620,30722,0
40000,2,2,2,36,0,0,-2,-2,0,-1,21162,29252,0,0,24612,18423,10721,20261,0,0,7073,16333,1
360000,2,1,1,33,-2,0,0,0,-1,-1,0,96807,97508,66629,76636,65363,0,45472,40877,37645,16393,60748,0
60000,1,1,1,42,0,0,0,1,1,1,35454,33912,33730,25285,27920,24310,30243,21194,21109,3697,297,1343,1
20000,2,3,1,46,0,0,0,0,-2,1,5005,6605,4671,5391,0,6010,2332,515,1860,3727,0,4,0
30000,2,2,2,36,1,2,1,2,2,1,7741,8575,9923,9968,9452,9731,43,23,77,2774,879,3828,1
160000,2,2,1,33,2,1,-2,1,1,1,132260,127359,0,92122,118658,100366,2627,15575,0,1675,11838,1240,1
150000,1,2,2,42,-2,0,0,0,0,0,0,23977,25088,25640,17352,15425,0,23671,14556,25405,16500,8994,0
240000,1,2,2,36,-1,-2,-1,-1,-1,-1,39993,0,37176,31713,33094,44368,20184,0,11965,22665,12189,32178,0
320000,1,3,1,41,0,0,-1,0,0,0,46335,49255,46764,33943,35160,37953,35548,30640,13661,23247,19698,30983,1
30000,2,2,2,45,-1,-1,-1,-1,-1,0,2759,3391,3536,3095,2666,3432,1736,1268,3499,2247,2241,2527,0
70000,2,2,2,53,-2,0,2,2,2,0,0,21327,19195,19780,16855,20041,0,20784,4,1965,1248,10500,0
220000,2,2,2,39,-2,0,-1,-2,-2,0,0,31257,30789,0,0,25325,0,19508,7430,0,0,14838,0
190000,2,1,1,35,1,0,0,0,-1,0,84400,91069,97055,65041,66456,87530,2170,89026,80556,40995,48693,19058,0
320000,2,3,1,30,-1,-1,-1,-2,-1,-1,59296,60138,55783,0,82612,45896,53579,22877,36060,0,36343,29470,0
100000,1,2,2,33,0,0,-2,-1,0,0,73878,63171,0,60780,56420,56813,16510,60636,0,47957,20952,26210,0
170000,2,1,2,32,0,0,2,2,-1,-1,43767,42242,41120,48420,31926,34786,32655,35174,848,1373,22374,32056,0
40000,2,1,1,32,0,0,0,0,-2,1,30817,23605,26545,20976,0,22073,26414,10882,24226,17320,0,2125,0
60000,2,2,2,72,2,1,0,0,0,0,13496,16706,10676,14596,11123,13619,1345,318,5158,7325,5289,12121,1
120000,1,1,1,33,0,0,1,2,1,1,28263,29126,26359,30788,29441,27488,22663,19205,1067,3609,241,50,1
40000,2,2,1,39,0,-1,0,-1,0,0,11826,10869,13254,10074,10358,8472,10056,5219,8022,9072,6064,2576,0
80000,2,2,1,48,1,1,1,1,-2,0,36100,35595,32776,34719,0,31678,857,2524,3602,3230,0,16549,0
50000,1,3,1,33,2,0,0,1,1,2,20153,13527,13002,17088,13777,9501,1007,11254,4312,3687,880,289,1
30000,1,1,2,42,0,1,7,2,2,2,17140,15603,18049,13548,13470,16521,12993,1465,1666,3499,847,605,1
70000,2,2,1,31,0,-2,0,1,0,0,46200,0,32154,47834,44370,47049,14045,0,16616,2621,37696,5769,0
100000,2,3,2,47,0,0,2,2,1,2,15687,11959,17661,12701,16176,13342,5809,11074,2239,2150,204,315,0
140000,2,3,2,31,-1,-1,-1,-1,-1,-1,35452,33806,22042,38729,25376,29013,27810,30800,15725,31988,14479,22808,0
60000,2,2,2,31,-2,1,1,0,-2,0,0,4883,4157,4699,0,4889,0,154,850,3657,0,3689,0
90000,2,2,1,37,0,0,0,0,-2,0,5266,5714,6335,5889,0,5398,2387,3581,3079,4954,0,2351,1
150000,2,1,1,70,0,0,0,0,0,-1,44719,50377,48801,49145,52889,44797,25566,13694,41763,42846,30407,32520,0
90000,2,1,1,36,0,0,-1,0,0,0,30070,30376,41670,42203,27587,37882,10508,10854,12217,15080,10624,32773,1
90000,1,1,2,33,0,0,0,1,1,0,25336,34384,26991,29408,29402,22441,18236,23272,13735,2241,1740,4787,0
10000,1,3,1,39,-1,1,-2,0,-2,2,1594,1308,0,1249,0,1226,861,208,0,353,0,42,0
60000,1,1,1,41,0,0,0,1,0,0,27610,34594,28921,40490,24543,29252,22311,10296,28510,2513,21656,10040,1
270000,2,1,2,34,0,0,0,0,0,0,9374,16557,13923,12873,11239,14794,8246,10425,12725,11185,6109,4132,0
160000,1,1,2,31,0,0,-2,-1,0,0,59502,73140,0,48729,61598,54596,26626,39540,0,4617,55577,18256,1
50000,1,3,2,34,0,-2,0,0,0,0,16919,0,12524,19081,14904,12351,14018,0,4012,16829,6987,7783,0
100000,1,1,1,32,-1,-1,0,1,-2,1,33178,35577,49034,41028,0,36494,15920,25261,47644,14373,0,5614,0
70000,2,3,1,66,0,0,-2,-1,-1,-1,3880,3445,0,3302,3039,2032,3677,708,0,2502,1573,1115,0
200000,2,2,1,40,-1,-1,-1,-1,-1,-1,26251,26594,34659,24588,24306,20794,19644,11281,30115,20579,14222,17345,0
190000,2,1,3,35,0,-2,0,0,0,0,57480,0,54997,62239,41785,49831,31415,0,16990,34312,38712,15498,0
160000,1,2,1,46,1,-2,1,1,-2,0,58395,0,55670,53287,0,58387,1332,0,11951,905,0,48562,1
230000,2,2,1,39,-1,-1,0,0,0,0,89975,109368,87377,100356,103427,126716,74555,54229,59810,78969,42116,109950,0
70000,1,2,1,39,0,-1,-1,-1,-1,-1,34680,23487,42381,29911,40467,44915,26863,16928,27803,16693,16371,14379,1
240000,2,3,2,34,0,-1,0,-1,-2,-1,36529,40240,36840,24730,0,32023,30124,37177,28758,22702,0,20668,0
130000,2,2,1,52,0,-2,0,2,1,2,11474,0,10690,9318,11239,9068,10627,0,8037,2409,2508,1903,0
160000,2,1,2,38,0,-2,0,0,-1,-1,22227,0,23594,24567,20483,17329,18770,0,16641,22278,11540,9555,0
90000,1,1,1,45,1,0,1,0,0,-2,56627,65911,52065,63253,56201,0,6388,21907,24791,35719,40372,0,0
110000,2,1,1,49,0,0,0,0,-2,1,67653,84343,83205,57370,0,74558,24525,60156,75678,44269,0,6250,0
110000,2,2,2,43,1,0,0,0,-2,-1,69554,94439,66017,68741,0,53896,2218,79399,60016,45227,0,7763,0
70000,2,2,1,40,-2,-1,-1,-1,-1,-1,0,7009,6722,5616,6560,6766,0,5450,6380,1802,4274,3892,0
20000,1,1,1,56,1,0,0,-2,1,1,10426,10530,10857,0,10167,13470,243,10377,4752,0,1641,493,1
30000,2,2,1,33,3,2,1,1,2,2,21963,22547,26635,24946,24537,23690,379,865,5384,5609,4165,1459,1
50000,1,2,2,36,0,0,0,0,0,0,7635,7232,5355,5485,6941,6633,5984,5865,4773,3845,6287,6115,1
100000,1,1,2,47,0,1,0,0,-2,-1,61240,61453,58140,53666,0,55535,40691,1207,13786,45862,0,37916,0
60000,1,3,1,33,0,1,2,2,8,2,25861,25591,23047,27520,27496,28037,21479,9472,1740,6316,172,5933,0
80000,2,1,1,40,0,-1,-1,0,-1,-1,63603,57813,58739,55762,57040,45939,13670,33198,36577,7800,41527,25582,1
50000,2,1,2,38,0,-2,0,1,0,-1,12222,0,9082,9497,10244,8210,10602,0,8429,1363,9283,5025,0
40000,2,2,1,31,-1,-1,-1,-1,-1,-1,9686,8942,11617,9543,7875,8029,8055,2837,8242,7260,2652,5597,0
40000,1,3,2,31,1,2,2,5,3,1,29745,24028,22390,25380,23278,23176,1671,1873,412,5561,137,7974,0
590000,2,3,1,34,0,-1,-1,-1,-1,-1,158737,194877,187789,156125,201433,184377,104130,148075,163639,111770,107954,28204,0
30000,1,3,1,32,0,0,0,0,0,0,1733,1361,1993,1342,1615,1322,1295,1125,1207,911,1426,887,0
90000,2,3,1,33,1,1,1,-2,0,-1,103959,70579,73696,0,78393,74290,1214,8433,14620,0,38304,45992,0
80000,1,2,2,43,1,1,0,0,0,-2,44439,35646,35145,38076,42685,0,243,132,31845,6386,25048,0,1
140000,2,1,1,32,0,-1,-1,-1,-1,-1,64967,56731,43400,61248,58659,53648,55315,52273,23253,35130,41659,24680,0
70000,1,2,2,30,0,2,1,0,0,-2,16688,15521,13458,11696,11884,0,3645,2918,1530,10312,7515,0,1
40000,1,1,1,30,0,0,0,-1,0,0,12714,11877,10702,10710,8533,12095,8619,6467,5696,6607,7468,7903,0
70000,2,1,1,46,-2,-1,0,-1,0,0,0,36649,38198,34035,38881,39520,0,25298,30186,26447,18746,30032,0
20000,1,2,2,38,-2,-1,0,-2,1,0,0,4675,5900,0,4596,4231,0,1414,4792,0,691,3453,0
120000,2,2,1,46,-2,1,1,0,0,-1,0,58983,54108,58739,54685,54018,0,6299,5890,4752,45000,48091,0
190000,2,2,2,31,1,1,1,1,0,0,83485,102011,83863,88449,86829,59982,4194,1657,1746,7417,57947,19767,0
120000,1,2,1,47,0,0,0,0,-2,0,42027,55688,43814,49347,0,53830,19160,31663,34183,12037,0,38869,0
330000,2,1,1,35,0,0,1,1,2,0,85991,161747,115484,137609,149743,108402,53848,114905,15492,3002,10642,50449,0
130000,2,1,2,42,1,-2,0,-1,-1,-1,29248,0,28806,29007,27903,23182,456,0,10646,25758,20899,20903,0
620000,2,1,2,42,0,0,0,-1,-1,-1,23636,35719,26639,29108,29256,27207,19390,31276,13128,21665,17780,7356,0
210000,1,2,2,42,0,0,0,2,1,-2,64288,59083,65594,62951,57422,0,51588,36233,37376,9186,3917,0,0
70000,1,4,2,31,0,0,1,0,0,2,49191,48585,33730,42016,42172,49555,5247,6292,3765,34647,22004,265,1
100000,1,2,2,48,0,-2,0,0,0,0,74964,0,66207,48793,53360,51834,47292,0,46842,28658,49951,25696,1
70000,1,1,2,59,1,1,3,1,2,2,22541,19804,17836,25173,20349,22657,3252,761,1223,1990,1910,92,0
30000,2,1,2,30,0,-2,2,2,0,-1,6073,0,5124,4467,4465,4807,2598,0,544,223,3147,4062,1
130000,1,1,1,34,0,0,2,1,2,-2,70997,72618,69114,55863,62604,0,31511,32740,1567,4507,12199,0,1
120000,2,2,1,46,-1,0,0,0,0,-1,10236,11908,9876,9491,11128,9488,6766,1717,2693,8837,3437,6702,0
150000,1,1,2,37,0,2,1,1,0,-1,70368,76559,49256,60169,62351,64402,61945,12993,1306,2828,50729,34952,0
30000,1,2,2,31,0,-1,-1,-1,0,0,13740,14365,14496,12937,14558,12913,13492,11632,11776,10603,13717,9484,0
40000,1,1,2,32,0,-2,0,0,0,0,1483,0,1555,1883,1581,1560,1263,0,1421,1344,1257,912,0
170000,2,3,1,44,-1,-1,-1,-1,-2,-1,111471,88986,93480,91176,0,88425,64840,66618,82136,54104,0,48303,0
50000,2,2,2,41,0,1,0,0,0,0,2494,2565,3166,2348,2187,3533,2315,23,3102,1272,2067,2726,0
330000,2,1,1,45,0,-1,-1,-1,-1,-1,136378,120871,114739,138368,128753,108690,49190,56070,55047,96911,118501,89086,0
170000,1,1,2,34,-1,-1,0,0,-2,-1,34493,42252,33518,35798,0,38601,12243,34535,12599,13372,0,36208,0
60000,1,1,1,38,-1,-1,-1,0,-2,0,5238,5469,5330,4028,0,5293,3719,1498,5150,1582,0,3543,0
50000,1,2,1,46,-1,-1,0,0,0,2,14649,10986,15264,12815,18743,16245,11230,8976,13141,10132,15832,34,0
100000,1,2,2,48,-1,-1,-1,-1,-1,0,11139,11386,10007,8770,9878,6423,2832,9401,8749,6017,5408,6379,0
290000,1,2,2,32,-2,-1,0,0,-1,0,0,88365,95603,77460,83489,86451,0,78892,44973,61749,46697,36060,0
140000,1,2,2,43,0,-2,0,-1,-1,0,6189,0,4413,4393,4298,4058,5957,0,2734,4374,4014,2758,0
100000,2,1,2,36,-1,0,0,0,1,0,9131,7255,7467,6430,8828,8094,6544,5926,2537,6248,1426,4438,0
120000,2,1,1,30,1,1,-2,1,2,2,96208,77158,0,95312,93539,102886,9226,4527,0,23995,2660,34718,0
130000,2,2,2,49,-2,0,2,1,2,2,0,31069,28048,28979,23846,26775,0,19838,361,694,3409,4569,0
120000,2,2,3,32,-2,0,-2,0,0,0,0,47176,0,49252,50059,45475,0,30082,0,41426,20910,36682,1
30000,2,3,1,30,0,0,0,1,0,1,17984,20992,19285,22402,22462,17524,12628,18432,4248,2678,16990,4491,0
90000,1,2,1,30,-1,-1,-1,0,-2,-1,28822,21969,21243,25716,0,22685,19460,11546,13809,18031,0,14415,0
70000,1,2,1,35,0,0,0,-1,0,0,4563,3653,3132,3559,3767,3182,4361,3634,1657,771,3719,2008,0
40000,1,1,1,39,0,-1,0,0,0,0,13632,13152,16958,15917,12740,9482,7849,11924,13409,10728,7091,5930,1
80000,2,2,1,34,0,0,0,0,1,1,32680,25896,30232,25395,29885,26041,18588,17707,14601,9471,4761,1883,0
60000,2,2,1,58,0,0,1,2,0,0,5261,5663,4036,4354,4119,4785,1864,3228,61,249,3703,4094,1
270000,2,2,2,33,0,0,0,0,-2,0,120701,100461,116431,112919,0,89210,104667,84852,51989,42013,0,86028,0
50000,2,2,2,31,0,1,0,1,0,0,30178,25995,26741,28288,28714,28273,23632,1868,11858,467,16434,17409,1
120000,2,1,1,47,0,0,-1,-1,-1,-1,18123,18878,17126,14737,17443,16293,12987,16529,8513,12177,8583,13916,0
130000,2,2,1,33,-1,-1,-1,0,0,0,46150,48754,46734,51523,34520,37477,21198,29262,29298,50800,17116,14397,1
60000,2,2,1,33,-1,-2,1,1,0,-1,34626,0,25044,30526,32330,28875,14734,0,569,188,21678,11281,0
80000,1,1,1,37,2,1,1,1,0,0,22963,17481,21628,20301,17127,18204,239,1073,1987,1366,9066,9410,1
160000,2,1,1,52,0,1,-2,0,0,0,77164,81005,0,79605,81345,81218,75262,8249,0,34955,77003,26444,0
120000,2,2,2,40,1,0,-1,-1,-1,0,41983,47684,39235,33287,36744,41311,1459,12883,27322,19613,14014,27195,1
80000,2,2,1,48,1,1,2,0,0,-1,24269,17740,24368,21794,14565,20201,485,4188,1037,16836,11518,7133,1
60000,2,2,1,42,0,-2,1,2,0,0,29960,0,22606,24242,23730,22990,27495,0,10698,2177,20300,11998,0
20000,1,2,2,32,1,1,0,0,0,2,14505,16361,13982,14092,13258,10473,2730,3685,5830,8472,4667,1856,1
40000,1,3,2,46,0,0,-1,-2,1,-2,11349,9425,9861,0,12141,0,7652,5774,9332,0,1652,0,1
70000,1,3,2,42,0,0,0,0,0,0,51464,53224,55387,43124,52148,41903,33819,18475,51903,22427,35926,40344,0
40000,2,2,1,33,0,0,0,0,1,-2,1945,2220,1533,1975,1684,0,939,872,719,973,426,0,0
150000,2,2,1,52,-1,-2,0,-2,0,0,59402,0,51499,0,54674,61121,53670,0,25636,0,23590,58322,0
180000,2,1,1,43,0,0,1,2,1,1,71505,95773,85535,80321,90020,93026,45660,60356,7985,13982,4865,4740,0
190000,2,3,2,30,0,0,0,-2,-1,-1,65490,89290,88733,0,80049,74534,55329,61291,50372,0,37815,54132,0
40000,1,2,2,36,-2,1,1,1,0,-1,0,17006,13677,13710,13470,8960,0,753,2814,731,10367,4748,0
90000,1,3,1,33,0,1,0,0,0,1,32369,31732,25957,31694,19895,26882,16538,4506,19907,21489,17010,184,0
130000,2,2,1,36,0,-1,-2,-1,-1,-1,46574,48117,0,35273,46446,39370,28313,24160,0,22789,31084,35345,0
20000,1,2,1,40,-2,0,0,1,1,2,0,3721,3299,2505,3722,3506,0,2533,1653,55,1217,31,0
70000,2,3,2,34,0,0,0,0,0,0,36702,42918,37918,28869,41313,37836,27740,27021,21713,28225,37936,34141,1
120000,1,3,1,35,-1,-1,-1,-1,-1,-1,49596,65560,57209,72947,41018,53745,40662,59442,9651,68533,27187,37007,0
70000,2,2,1,42,0,2,-2,1,0,0,21883,18681,0,23772,27722,26013,6181,2194,0,1621,27034,20215,0
190000,2,1,2,31,-2,1,1,2,-2,-2,0,31202,31295,38924,0,0,0,1496,4863,6677,0,0,0
110000,2,2,1,36,0,0,0,0,0,0,28608,22764,28199,15473,21822,21206,25144,12691,22746,8504,11155,4355,0
240000,1,1,1,34,0,1,0,-2,0,0,29998,28838,25552,0,29091,30358,7873,4148,15020,0,18071,20780,1
320000,1,1,1,37,0,0,0,0,-1,-1,102063,94337,103297,91927,78024,99630,83033,82372,41656,44876,44104,46687,0
220000,1,1,1,50,-1,-2,-1,-1,0,-1,36285,0,38770,36937,28696,35312,22335,0,26255,23758,13816,14485,0
60000,2,1,1,42,0,1,2,5,-2,2,40286,28171,25593,31745,0,31563,23796,9224,1484,4336,0,4418,1
30000,2,2,2,31,2,0,0,1,0,1,6862,6714,5132,5984,6546,6827,463,6196,2263,289,5500,223,1
20000,1,2,2,31,3,3,-2,1,1,1,4220,2995,0,2481,3280,3697,1537,249,0,260,39,139,1
220000,1,1,1,45,0,0,0,0,0,0,16863,13627,18707,16431,16128,16481,12510,4558,11368,10647,7197,12756,0
340000,2,1,2,38,-1,-1,-2,0,0,-1,37911,34449,0,48883,42099,36633,29601,14099,0,19502,28304,22214,0
130000,1,2,1,35,0,0,0,1,1,0,64744,52576,49759,49320,52629,43898,40644,44686,30896,2153,2696,21189,0
60000,2,1,1,34,0,-2,0,-1,-1,-2,8766,0,10475,7468,8357,0,7202,0,7766,4519,5867,0,0
130000,2,3,2,50,0,1,1,1,0,0,40472,54356,44965,41810,46658,45830,20634,1969,7368,52,37714,11375,1
150000,2,1,2,60,0,0,0,0,0,0,36990,38148,32624,37300,30204,45976,10054,13913,24949,33891,20653,25237,0
290000,2,1,2,60,0,0,0,-2,0,0,56255,54433,52445,0,37679,54200,47081,52618,41235,0,36670,43737,0
160000,1,1,2,30,-2,0,-1,0,0,0,0,67425,65098,58429,47559,61038,0,25705,50030,29738,33246,44600,1
140000,2,1,2,40,-2,-1,0,0,0,0,0,101652,81758,76517,73189,74969,0,50065,68341,24563,51536,57460,0
50000,1,1,2,40,-1,0,0,0,0,0,11652,10771,11351,11484,10133,7621,4701,5303,8582,3903,8545,7461,0
50000,2,2,1,44,-1,-1,0,0,0,0,2686,2874,2448,2326,3513,1749,1536,2387,2445,1970,997,1639,0
210000,2,2,2,31,0,0,-2,0,-1,-1,106687,90348,0,121985,126903,121363,16446,8336,0,49689,118819,46085,0
190000,2,2,3,30,2,-2,0,0,1,1,58217,0,55580,58083,56216,42210,4689,0,19644,29778,1062,2280,1
180000,2,2,1,43,0,0,-1,-1,-1,-2,7971,5800,6175,6889,6562,0,4234,5318,5948,5912,2580,0,0
60000,1,2,1,36,-1,0,0,-2,2,1,37507,45216,28188,0,31024,34983,22257,44168,24744,0,12496,529,1
260000,1,3,1,32,-1,-1,0,-1,-1,0,185597,163100,212713,194108,125828,143527,137878,114010,171557,95162,103802,91720,0
50000,2,1,1,40,0,0,0,1,0,0,30111,40008,37922,35654,39167,28460,9532,34163,10224,40,10814,14952,0
60000,2,1,2,41,0,0,0,-1,-1,-1,19131,19886,17222,22232,14527,16815,6668,9210,12002,19668,8804,15330,0
100000,1,2,2,44,0,0,0,-1,0,0,52497,53082,48488,46936,47278,45956,24147,50182,26207,23446,15261,7024,0
70000,1,2,2,33,-2,0,1,0,-2,1,0,6231,6215,6501,0,5652,0,2016,76,4529,0,980,0
50000,2,2,2,30,0,0,0,-2,0,1,7241,6281,6006,0,6468,5772,7008,2095,2566,0,3012,458,0
160000,1,3,2,38,0,0,0,0,0,0,96931,101078,99628,80710,72556,91115,73647,68917,63983,53673,20848,82496,1
120000,2,1,1,47,-1,0,0,-2,0,2,73554,77574,89244,0,68666,68222,42129,41658,63390,0,35720,24482,0
150000,2,1,1,43,-1,0,-2,0,0,-1,93438,71904,0,83994,69287,67650,75974,57826,0,58098,26258,39931,1
60000,2,3,1,40,0,-1,0,0,-1,-1,29561,34298,30347,32566,38672,36746,15067,27868,19440,18037,17617,34822,0
40000,1,3,1,46,-1,-1,-1,0,0,0,15013,16526,15725,16076,16738,13527,10932,7514,5079,11771,13090,6695,0
380000,1,1,2,33,0,0,-1,-1,-2,-2,5220,4618,5510,6699,0,0,2923,2802,2513,2611,0,0,0
70000,1,2,2,31,0,2,0,0,0,0,41209,40909,35549,45259,32911,31766,20244,6763,24417,25548,24285,24674,1
80000,2,1,2,38,0,0,1,0,0,2,17198,18358,18205,14044,16252,15072,8319,12994,1008,12072,6669,1774,0
250000,1,1,1,38,0,-1,-1,-1,-1,-1,120252,94677,152345,127616,110184,126786,67985,11243,77164,56286,75265,97979,1
150000,2,3,1,51,-1,0,0,-2,0,0,24730,19093,17974,0,18544,16196,21705,10639,10618,0,15303,12939,0
100000,2,2,1,50,-1,0,0,0,-1,-1,50619,61815,49829,55417,44084,56131,29478,20922,40650,25226,38641,32516,0
210000,2,2,2,38,0,0,1,0,0,-2,51630,44195,63157,49796,50195,0,11885,10116,718,30544,39978,0,0
290000,1,2,1,35,0,-2,1,1,1,0,57909,0,48109,32303,40723,41059,47057,0,13125,821,3831,27827,0
770000,2,2,2,31,0,0,0,0,-2,-1,146657,183487,163291,188301,0,149937,74406,161564,56352,44585,0,123607,0
80000,2,1,1,50,-1,0,0,0,0,-1,23927,21104,24606,23073,19814,19389,18709,7946,19968,1550,5362,6817,0
50000,2,2,2,40,1,0,0,1,2,2,38269,32016,25484,34547,31900,29101,1656,21464,18632,2763,4150,2990,0
150000,2,3,2,33,0,0,0,0,0,0,36076,33598,39004,20096,37504,36813,24257,19074,30576,19459,15822,14525,0
190000,1,1,1,36,0,0,0,0,0,-2,123829,95961,127450,116719,84855,0,115453,79582,81762,47057,79175,0,0
190000,1,2,1,37,1,1,0,1,1,0,128170,110036,152049,97884,129821,107470,28084,9158,140828,10280,1433,69479,0
200000,1,1,2,43,0,0,-2,1,-2,0,12859,17099,0,20163,0,19851,4901,13440,0,2178,0,16444,0
70000,1,1,2,38,0,1,0,-2,0,0,38662,29803,41217,0,29512,30722,33757,604,31110,0,24723,18897,0
60000,1,2,2,38,0,0,0,1,0,0,9579,5759,8800,7268,7748,8460,5952,5004,2546,619,2167,4227,0
110000,2,3,2,43,-1,0,0,0,0,-1,18474,24954,27566,28443,25952,27416,16882,12177,19130,8396,25526,24228,0
580000,2,1,1,39,0,0,-2,0,-1,-1,142754,171781,0,132980,127362,121621,76779,131370,0,97235,49770,45901,0
90000,1,3,1,37,2,-2,1,2,-2,2,53137,0,51741,49187,0,61161,2679,0,6885,8830,0,4486,0
100000,1,1,2,40,0,-1,-1,-2,0,0,48938,53349,40493,0,43024,37640,26381,49444,29499,0,32542,6436,1
350000,1,1,1,30,-1,-1,0,-1,-1,-1,243020,242434,319047,277475,259125,152852,167317,20227,132564,205319,164362,120193,0
60000,2,1,2,37,0,-1,-2,0,-1,0,23286,22627,0,22964,29318,21832,5334,14553,0,19623,15918,3802,1
20000,1,2,1,32,1,0,0,0,1,3,9668,8568,8862,9662,7884,7946,476,4494,6596,6558,385,932,0
90000,1,3,2,43,0,0,0,0,1,3,38911,47530,47516,62039,45538,48529,19283,18209,37282,32014,15408,2596,0
90000,2,1,1,41,0,-2,1,0,0,0,58070,0,66171,66354,72955,57889,52868,0,4061,63753,70429,34192,0
40000,2,2,1,36,0,0,-2,0,-2,0,8871,10201,0,7423,0,6284,7415,5802,0,6541,0,4208,0
90000,2,2,1,40,-2,0,0,0,0,-2,0,73854,71120,77398,64087,0,0,67407,37063,18828,46532,0,1
120000,2,3,2,34,0,0,-1,-1,-2,-1,24006,30144,32884,27576,0,28021,17797,18409,25531,21660,0,19218,0
150000,1,2,1,30,-2,-1,-1,-1,0,-2,0,39454,34494,41295,25525,0,0,14337,25939,39594,12138,0,0
80000,2,3,1,45,0,0,1,2,1,2,38341,39261,37567,38832,39638,35553,27483,32055,1483,3239,160,6044,0
330000,2,3,1,50,1,1,3,1,0,0,139424,126534,128333,129340,110078,79816,12921,12446,6373,19502,87065,33753,0
150000,2,2,2,31,0,0,-1,-1,0,0,77467,51170,63390,83594,72879,69952,50449,40349,38402,60395,35507,16221,0
180000,1,1,1,30,0,0,-1,-1,-2,-1,52983,47756,67816,61492,0,52144,49257,42060,45437,46899,0,43704,0
140000,2,1,2,38,0,0,1,1,0,0,100752,88463,96431,88673,80487,109901,38971,32168,6431,26764,44294,58582,0
40000,2,2,1,32,-1,0,0,0,1,1,22693,17964,22863,18276,24200,20113,18869,14428,12501,8785,2077,1508,0
230000,2,2,1,36,-1,0,0,0,0,0,121684,108816,152119,117518,130963,111023,91396,82361,125968,58935,110225,61100,0
270000,2,1,2,35,0,0,-2,-1,0,-1,178164,180539,0,192588,182428,153872,128024,132016,0,190662,80115,56013,0
120000,2,1,1,37,0,-1,-2,0,0,-1,2510,2557,0,1988,2367,2683,1860,1414,0,1321,1375,1838,0
120000,2,3,1,41,0,0,0,-1,-1,-1,33715,37048,28822,33260,21394,28723,26927,10148,8410,17275,13061,25085,0
30000,1,2,1,32,0,0,-1,0,0,-2,19531,19724,14840,11849,12802,0,11239,19454,3782,7724,10313,0,1
60000,1,3,2,30,0,0,0,-1,0,0,13208,10154,12463,11829,8152,10305,1453,5671,8773,5533,4548,6187,0
90000,2,2,2,36,0,0,-2,1,1,1,20690,22673,0,23449,21797,21625,14367,12185,0,1589,4267,2320,0
160000,1,1,1,42,-1,-1,-1,0,0,-2,10176,15664,14202,16829,12171,0,3921,11657,11446,9909,8661,0,0
50000,1,1,2,34,-1,0,0,0,-1,-2,1765,1808,1661,1770,1279,0,533,1183,987,892,1082,0,0
80000,1,2,2,33,-1,0,0,1,0,1,7316,6722,5052,4210,5858,6227,4616,2716,2071,719,4404,888,0
80000,2,2,1,30,-1,-1,-2,0,0,0,11695,8259,0,10518,9355,9828,7745,4755,0,7820,3955,4502,0
60000,1,2,1,31,-2,2,2,1,1,2,0,19653,18315,13760,17033,17813,0,356,1151,349,1021,6041,1
70000,2,2,1,51,0,0,0,0,-2,-2,22226,18656,29011,19422,0,0,12817,17988,6922,8151,0,0,0
170000,2,2,2,34,0,-2,0,0,0,-2,49070,0,44028,46516,49832,0,20550,0,35942,28575,35864,0,0
60000,1,3,1,55,-2,1,-2,-2,0,2,0,17613,0,0,15695,15523,0,1782,0,0,7528,303,0
130000,2,1,2,36,1,1,2,1,-2,0,35932,35443,33678,37628,0,25474,2966,1335,9081,572,0,19664,0
90000,2,3,2,36,-2,0,-1,0,-1,-1,0,70181,56666,53858,53537,55099,0,13060,41889,33457,41376,44377,0
20000,1,2,1,60,0,-2,1,3,2,3,283,0,250,286,258,226,95,0,1,51,37,23,0
120000,2,3,2,38,0,0,0,-1,-1,-1,51573,33109,28413,33608,33888,34949,46590,28348,14105,10035,20422,4079,0
40000,1,1,2,33,0,1,2,0,0,0,11168,7913,10198,12285,13358,13181,5870,2,669,10947,11419,8693,1
10000,1,1,1,39,0,-1,-1,0,0,0,2650,2339,2755,1908,2509,1825,1171,117,2696,1055,1689,1183,0
180000,2,1,2,30,0,-1,-1,-1,-1,-2,9683,10490,9895,10307,8675,0,5845,9630,5258,4956,892,0,0
240000,1,1,1,36,-2,-2,0,-1,-2,0,0,0,158285,185092,0,165625,0,0,24944,143394,0,111109,0
210000,1,3,2,34,0,1,-2,1,0,0,40816,30620,0,24140,27822,27894,35998,1165,0,1245,17266,24250,0
340000,1,1,1,50,2,0,0,0,-2,0,141642,202353,241835,208234,0,239591,27462,124560,153346,84137,0,206596,1
140000,2,1,1,30,0,0,0,0,0,0,10545,14189,10929,10496,7109,9896,5632,11853,4301,5754,5476,7230,0
130000,1,2,2,36,0,0,0,-2,0,0,79148,78667,56526,0,59952,59835,66970,57291,20115,0,48079,27810,1
140000,2,3,2,31,-2,-1,0,0,1,0,0,39036,47968,39894,43534,41547,0,14080,18311,25526,2880,7227,0
60000,1,2,2,32,-2,-1,-1,0,0,1,0,1769,2646,2488,2078,2059,0,1143,1482,1776,773,179,0
50000,2,2,1,35,0,-1,-1,-2,0,0,5059,5809,4569,0,5262,5655,1586,3339,2347,0,4080,3940,0
150000,2,2,2,39,0,0,-1,-1,-1,-2,104227,77311,104399,80748,67546,0,82495,42080,39018,44547,11158,0,0
110000,1,2,2,34,0,-2,-1,-1,-1,-1,78496,0,54330,57056,55994,55434,72883,0,23465,43585,24399,24952,0
210000,2,1,1,30,-2,-1,-1,-1,-1,-2,0,46592,41692,38574,52125,0,0,40042,29284,15789,40680,0,0
100000,2,2,1,37,0,0,0,0,0,-1,61805,52663,52579,49466,47881,51484,41465,46928,48015,29721,26451,12756,0
50000,1,2,2,32,2,2,2,0,0,0,9326,8407,8127,8230,7504,6777,245,204,565,6324,5929,4476,1
180000,2,2,2,33,-1,-1,-2,-1,0,-1,3872,3956,0,4029,3099,3729,2613,376,0,1851,815,563,0
110000,2,3,1,45,0,0,0,0,0,-1,35768,27306,28521,31862,31972,23336,29222,21558,19940,25980,27423,15249,0
30000,1,1,1,45,0,1,1,0,0,0,7971,6827,7287,9229,8567,5814,4456,188,190,7220,4434,4518,1
120000,1,1,2,33,0,0,-1,-1,-1,0,16914,16408,17261,17453,15354,11684,4069,14228,16297,13586,8714,7636,0
270000,1,1,2,38,1,0,0,0,0,-1,70032,95802,93069,68315,71369,81790,5374,93252,53274,23102,58367,70003,1
260000,2,1,2,44,-2,0,-1,0,-1,-1,0,66448,54217,46337,60198,57619,0,50663,47936,24616,49235,7353,0
120000,2,3,1,41,-2,0,1,0,0,0,0,72407,51752,79111,61053,66848,0,48614,2784,47673,28405,26849,1
20000,1,3,1,32,0,0,0,0,-1,-1,10952,8930,7486,5837,9216,8266,6303,7781,6063,2936,2611,7534,1
20000,1,3,1,56,0,0,0,0,1,0,6086,4960,6031,4978,5100,5184,2637,2508,2617,3366,527,3247,0
220000,1,1,2,43,0,-1,0,0,0,-1,104699,85522,84892,97980,118881,75669,94864,64000,67024,71926,59005,33461,0
100000,1,2,2,38,0,1,1,1,-2,0,57125,40620,51720,46626,0,38534,18651,9176,8354,1628,0,27024,0
50000,1,3,1,54,0,0,0,-2,0,0,14978,12259,16079,0,11301,12103,12863,9737,11248,0,6005,7500,0
110000,1,1,1,40,-1,-1,-1,0,0,0,13465,13890,9966,13716,14844,8570,10868,11621,5754,11245,6140,6705,0
110000,2,2,1,32,-1,-1,-1,-1,-2,-1,80145,64697,86165,46259,0,55744,64959,9976,71909,34742,0,45351,0
110000,1,2,2,38,0,0,0,0,0,2,36549,45393,54561,55219,45778,40703,31076,23439,27006,26155,26348,10086,0
80000,2,2,1,33,1,0,0,0,-2,0,60332,66025,49052,50663,0,41931,7295,49793,34325,26815,0,17269,0
200000,1,1,2,36,2,2,0,0,0,1,145124,124751,142175,137105,99402,107112,26930,3138,79065,120655,17667,6927,1
60000,1,1,1,40,0,2,0,1,0,0,27898,28559,38399,26671,31068,32353,7583,5166,21624,233,23845,26936,1
170000,1,1,1,36,-1,0,-1,-1,0,0,15901,25827,21735,23867,19994,19079,13751,16345,17200,15644,12060,16202,0
100000,2,2,3,49,1,0,0,0,-1,-1,45324,54456,44148,59076,50223,51705,4262,40713,41564,9803,19736,47145,1
260000,1,1,2,42,-1,0,0,-2,-2,-1,67862,53841,70222,0,0,71173,32956,39618,27210,0,0,25883,0
80000,2,2,2,37,0,0,0,1,1,0,7871,6783,8352,6253,7621,6975,4971,5217,6148,45,60,3005,0
60000,2,1,2,49,0,0,0,-1,0,0,28569,19129,19951,25405,24924,21315,9730,18387,14226,16249,5771,14607,0
170000,1,1,2,33,0,1,1,-2,0,-2,146022,140048,116702,0,127220,0,46065,22232,2455,0,86487,0,1
100000,1,2,2,30,-2,1,0,0,-1,-1,0,35323,28562,37261,27311,34925,0,474,11477,35216,23989,17265,0
90000,2,2,2,38,0,0,0,0,0,0,19768,18054,21585,19760,18873,19040,8058,2614,14744,13394,11002,6715,0
50000,1,1,2,30,0,0,1,0,0,0,27990,25347,32081,21291,23564,32298,21231,20476,5849,12409,13256,26221,0
590000,2,1,2,30,1,0,0,0,-2,0,170316,204785,198515,185910,0,194294,886,123218,128075,154109,0,73790,1
70000,1,3,2,38,0,0,2,1,1,0,47024,38198,40528,43720,39678,43091,27484,11750,6979,6466,5095,26872,0
130000,1,2,1,49,3,2,2,2,1,-2,35773,43160,25855,32720,32184,0,2181,4950,2987,2645,5235,0,1
90000,2,1,2,38,0,0,0,0,0,0,8879,7448,8033,9130,7736,8722,4845,3819,5333,6719,5674,5196,1
70000,2,1,2,41,-1,-1,-1,-1,-1,-1,56749,60422,55682,36815,51388,51440,35124,41440,23921,3800,29336,28091,0
80000,2,1,1,48,0,-2,0,-2,0,-2,7006,0,7536,0,7469,0,3767,0,5766,0,4459,0,0
180000,1,2,2,52,0,-2,0,0,-2,0,96995,0,85026,76984,0,89699,62282,0,69813,36584,0,62989,0
340000,2,1,1,34,-2,1,-2,1,1,0,0,164737,0,155762,174611,142158,0,4893,0,38466,33044,82439,0
170000,1,1,2,36,0,-2,-2,0,0,0,17287,0,0,14379,15496,10913,6052,0,0,11133,9593,8285,1
70000,1,2,1,37,1,-2,2,1,0,0,49132,0,64907,54957,46058,57404,1241,0,1022,7668,36890,44935,0
40000,2,3,2,44,-2,0,0,0,0,1,0,5427,5651,5069,5255,5232,0,4188,4874,4214,3242,246,0
200000,2,2,1,51,-1,0,0,-1,-1,0,10259,8342,9016,10652,10466,7815,4418,2083,4109,5722,2363,5246,0
100000,2,1,1,30,0,-2,0,0,-1,-2,10783,0,10746,11422,8691,0,9633,0,2785,4037,6441,0,0
110000,2,1,2,30,-1,0,-2,-1,-1,0,11949,18309,0,16697,13626,13569,8797,2943,0,14363,9923,6838,0
40000,1,3,1,38,-2,-1,-1,0,0,0,0,2843,3639,2378,2416,2523,0,529,3243,1543,809,1320,0
130000,1,1,2,32,1,0,-2,-1,-1,-2,63348,70781,0,60527,57318,0,12271,27098,0,52108,17746,0,1
30000,1,1,2,34,0,-2,0,0,0,0,20707,0,13181,18354,12921,12995,14268,0,1349,17165,5649,10166,0
90000,2,2,2,36,0,0,0,0,1,2,20866,18613,23500,22299,15653,15276,7442,13268,21423,5391,3819,426,0
70000,2,2,2,32,-1,-1,-1,0,0,0,12850,11792,11040,10110,9194,9673,6321,11307,3383,6441,6740,7076,0
80000,2,2,1,41,0,-2,0,0,0,-2,11258,0,14815,13707,9839,0,8528,0,8744,9790,7733,0,0
30000,1,3,1,32,0,0,-2,0,0,0,15857,14856,0,20564,16962,15513,3737,7373,0,11156,11002,4881,0
200000,2,2,2,64,0,0,-2,0,-1,0,48496,52042,0,46174,43831,43050,21124,42447,0,18936,34327,22723,0
30000,2,4,2,34,2,2,0,1,0,0,8856,6529,6220,7096,6063,6158,20,85,3707,19,3872,5126,1
150000,2,1,2,36,-1,0,0,-1,0,0,15297,25891,25576,21710,23261,23299,14879,11419,18317,4151,15076,6429,0
60000,1,3,1,36,-2,2,1,2,2,0,0,32084,36821,35859,25905,15798,0,4544,1712,2826,1556,4903,0
40000,1,2,2,34,0,0,-2,0,-2,0,17473,21569,0,18172,0,22596,15537,16187,0,3414,0,13389,0
80000,1,1,3,39,0,0,0,0,-2,0,26480,27207,23429,23420,0,27552,11000,21609,8556,20187,0,22215,0
70000,1,2,1,31,1,2,-2,2,3,1,30514,31031,0,39272,30785,35300,4831,485,0,4202,1913,3914,1
50000,2,2,2,47,0,0,0,0,0,0,19586,20746,21020,14031,19387,17083,10048,9554,13567,11968,8060,13871,0
400000,2,2,2,59,-1,0,0,-1,-1,-1,59636,50788,48621,48294,49054,46117,22534,20538,38352,19347,44350,19740,0
140000,2,2,2,34,0,0,0,1,1,0,104669,109567,123679,104012,75283,90440,79472,92182,41846,8917,15372,30924,1
50000,2,2,2,35,0,0,-1,0,0,0,2691,2757,3028,2648,3208,2344,353,1758,2548,2242,396,1182,0
210000,1,3,2,42,0,0,0,0,0,0,86802,97392,117457,120048,95695,91212,57596,73047,107897,59164,53658,70425,0
100000,1,2,1,36,0,0,0,0,0,0,9457,11070,7862,8282,7287,10133,9353,10939,6087,2872,5398,7900,0
190000,2,2,1,37,0,0,1,0,0,1,9929,9492,8431,10204,10075,8909,7911,8766,2496,5713,8520,131,0
70000,2,2,2,32,0,-1,-2,0,0,0,9438,8083,0,8697,9714,9076,6470,5407,0,4111,4552,2846,0
260000,2,1,1,37,0,0,0,0,0,1,184193,179596,166379,160962,149743,173274,175618,156304,155321,33955,52855,8132,1
110000,2,2,2,49,0,0,0,-2,1,0,39574,33429,33425,0,29690,33535,18020,25456,1992,0,274,21577,0
120000,2,2,2,37,0,0,0,0,0,0,72630,69288,76342,72456,51367,66661,57391,39705,41199,2442,2995,38422,1
20000,1,3,2,34,0,0,0,1,2,5,1901,1740,1773,1892,1833,2149,1073,1176,1588,137,293,96,0
80000,2,2,2,33,0,-2,0,0,1,1,12889,0,13924,13991,13297,13059,10005,0,7097,13587,4738,261,0
100000,2,3,2,32,0,2,2,1,-2,0,576,475,434,547,0,496,377,159,68,18,0,184,1
110000,2,2,2,31,0,-1,-1,-1,0,0,31350,25689,25573,38963,41976,32565,8060,20833,15738,12468,34884,10241,0
220000,2,2,1,36,0,0,1,1,1,0,85617,64150,61730,58280,60887,58464,84436,42477,2439,3186,4370,30407,0
40000,1,2,2,36,0,-2,2,0,1,0,17504,0,13058,15891,13772,14798,14377,0,1182,9322,352,14152,1
80000,2,1,1,30,1,2,1,-2,0,0,32534,38935,33813,0,36265,28222,4758,1232,2473,0,23811,23719,1
190000,2,2,2,33,-1,-1,-1,0,0,-1,106425,116277,122327,74407,93758,62047,28911,74804,27134,44339,13804,21147,0
210000,1,1,2,33,-1,0,0,0,0,0,54365,61406,46047,46330,44365,55257,22608,41227,18007,40139,13234,33119,0
100000,1,1,1,34,-2,-1,0,-1,-1,-1,0,47577,65436,49465,51712,31768,0,22200,11656,27407,19192,26802,0
50000,2,3,2,46,0,0,1,3,2,3,15131,16316,15209,14707,13279,13044,10096,7036,2075,4,313,1661,1
70000,2,2,2,36,-1,-1,0,-1,0,-2,28743,26058,23391,29772,27982,0,12703,23525,13276,3360,13316,0,0
30000,1,1,1,37,0,0,0,0,-2,2,15885,15405,15433,12684,0,14893,4655,12250,8234,8951,0,257,0
80000,2,2,2,37,0,0,0,0,-1,0,10058,13972,9201,11870,11374,9239,2720,8142,1284,5343,7801,6801,0
170000,2,1,1,31,1,1,0,-2,-2,0,92865,94718,90565,0,0,83692,5471,11087,39689,0,0,68305,1
50000,1,2,1,33,0,0,0,0,0,0,9295,12754,9794,8123,10984,12210,9112,2637,8594,6858,3145,9008,1
380000,2,2,2,36,0,1,0,1,1,0,113939,156683,143347,127795,136471,145931,64714,1389,79214,17456,10320,72525,0
70000,2,1,2,46,0,-2,0,-1,-1,-2,18199,0,23780,18686,21143,0,13099,0,21632,13689,16991,0,0
110000,2,2,1,42,0,0,0,-1,0,0,33636,32517,23886,35836,32498,42751,31688,22278,11898,35500,16375,29656,0
360000,2,2,2,51,-2,0,0,0,-1,-1,0,145495,106399,132383,112814,127949,0,46388,91726,125645,18357,60669,0
50000,2,2,2,44,0,0,1,1,2,0,28118,37571,30486,33996,27732,29643,4838,16595,3281,2329,3782,28016,1
250000,2,3,3,30,0,0,0,-1,-1,-1,123729,149756,143416,118045,153387,138771,9123,47923,87313,38266,115480,13666,0
90000,2,3,2,31,0,0,-1,-1,-1,-1,33040,28545,38994,27866,33713,26488,22689,22628,33083,20411,3852,24068,0
270000,1,2,1,47,0,0,0,0,1,0,164639,204074,173736,172506,136307,153377,112330,123347,147140,30891,6016,91871,1
40000,1,1,2,32,0,-2,0,0,0,0,8098,0,8811,9101,9700,7864,3605,0,6671,7852,7682,4083,0
20000,2,2,2,32,0,0,0,1,1,0,3161,3662,3605,2965,3163,3155,2942,2012,1760,72,761,1542,0
120000,2,3,2,33,0,0,0,0,-1,-1,24309,27566,22163,22426,22224,24247,19856,24275,17916,14016,11659,19717,0
50000,2,4,1,35,0,0,0,0,0,-2,7953,7620,9682,11387,12960,0,6927,2397,6625,3965,5269,0,0
170000,1,1,3,44,0,0,0,1,1,2,20055,19706,18801,14163,18741,22232,3738,11122,11651,500,280,6239,0
100000,1,3,2,51,0,1,1,0,0,0,53089,49859,43682,46519,48536,29609,29704,1242,1630,36077,16691,10427,0
120000,2,1,2,49,0,0,0,0,0,0,84192,86670,91286,78520,61024,73132,72433,36575,69871,73405,26588,62450,0
140000,1,2,1,39,0,0,0,0,0,0,20650,27983,25011,26191,20413,16325,3822,13978,18937,23797,10469,13459,0
120000,1,3,2,39,-2,0,0,-2,-1,-1,0,22996,18245,0,14246,16514,0,4627,8946,0,5964,8334,0
170000,1,2,2,35,0,0,0,-1,-1,-1,80841,72440,82975,85108,64551,97473,42912,34197,31154,35844,59178,88965,0
70000,2,1,2,42,-2,-2,2,3,2,0,0,0,44032,34404,31919,38545,0,0,6550,6056,2136,25621,0
250000,1,2,1,32,-1,-1,-1,-1,0,0,146482,119111,179529,165487,157244,99408,131615,874,66118,136835,138516,94669,0
250000,2,1,1,62,1,1,2,-2,1,1,161883,115981,162552,0,127034,149700,6867,6554,33050,0,23761,2025,1
70000,2,3,1,46,-1,-1,0,-2,0,1,22755,27034,19285,0,26428,23209,9166,10063,16687,0,7178,326,0
400000,2,1,2,31,0,0,0,0,0,-1,233413,178961,210247,291849,163745,210050,104004,109452,136298,85236,91261,51615,0
30000,2,3,2,31,0,0,0,0,-1,-2,7936,11194,9430,8646,9305,0,1777,5927,8586,2489,4311,0,1
50000,2,1,1,46,0,1,2,3,2,2,2312,2169,2215,1747,1618,1637,1383,26,10,60,33,100,0
70000,1,1,1,42,0,0,0,0,0,0,17335,17910,16406,14256,16368,18180,16557,12290,14076,9742,13643,10736,0
270000,2,1,2,32,0,0,1,0,0,-2,56808,43398,56942,49167,53603,0,56027,31707,8527,39309,52382,0,0
80000,2,1,1,46,-1,-1,0,-2,0,-1,23608,19938,13806,0,20073,17871,15102,6555,11818,0,12725,11187,0
60000,2,3,1,36,-1,0,-1,0,0,0,14112,12279,12799,11972,10151,10524,11647,1959,11334,1894,1966,4502,1
100000,2,2,2,32,0,1,-2,0,0,-2,49368,37657,0,35172,40237,0,46169,6846,0,13940,31560,0,0
170000,2,3,1,39,0,0,0,1,2,-2,92500,113403,92747,88892,95562,0,63918,97076,83662,8364,9239,0,0
70000,2,3,1,43,-1,-1,-1,-1,-1,0,6624,7480,7651,7620,8072,6667,6131,6023,6654,2119,4867,5235,0
40000,2,2,2,33,1,0,0,1,1,1,31352,36205,36885,40812,27498,30371,1543,6562,30617,5204,1284,3021,1
180000,2,2,2,40,0,0,0,0,0,1,65003,81509,75567,88133,64329,78057,57885,60240,68008,52595,62711,8657,1
110000,1,3,1,30,0,0,-2,-2,-2,-1,80923,61804,0,0,0,54864,49432,56490,0,0,0,37891,0
140000,1,2,2,35,0,0,-2,-1,0,1,52895,69027,0,61646,50252,49045,19471,24989,0,53681,22279,553,0
190000,1,1,2,37,1,-2,0,0,0,0,129688,0,112960,127746,129620,144167,6328,0,33589,107374,113796,140675,0
130000,1,3,1,37,2,1,-2,2,1,1,75055,71474,0,82303,68116,60744,4627,4321,0,10015,5850,24600,1
80000,2,2,1,31,1,0,1,0,0,0,52607,54182,53833,55573,63129,51451,4800,44067,6053,42192,34873,32558,1
260000,2,1,1,43,-1,-1,0,-1,-2,-1,164386,182110,162861,170465,0,138000,152360,108222,72353,162696,0,109214,0
140000,2,3,1,47,0,0,-1,0,0,-1,37639,39791,35873,41523,32842,29012,21053,5475,20260,35099,27987,18753,0
240000,1,3,1,33,0,0,0,-1,-1,-1,66994,71648,56921,60776,60033,54433,27410,62354,41161,22391,34515,39257,0
30000,1,2,2,50,0,-2,1,0,0,0,6700,0,13065,12488,10126,9151,3960,0,1952,9534,5765,7499,0
90000,2,3,2,35,1,1,0,1,-2,0,94596,63573,82730,61678,0,83618,659,718,24712,6781,0,42710,1
220000,2,1,2,46,-1,0,-1,-1,0,-2,155171,174334,152410,138020,142043,0,141332,146185,129319,83608,54242,0,0
90000,1,1,2,37,0,-1,-1,0,0,-1,28000,24983,21172,21559,21105,24289,20241,17239,15501,7026,15625,8710,0
310000,2,3,2,41,-1,-1,0,0,0,0,121943,119239,151996,103103,105430,109579,60743,90746,82148,79032,49232,66940,0
100000,1,1,2,58,1,2,0,0,-2,0,53737,57520,44126,46151,0,53134,4079,13361,34392,33568,0,41982,0
60000,2,4,2,34,0,1,0,-2,0,2,3371,2564,2678,0,3000,2312,1172,213,2349,0,2415,70,0
190000,1,2,2,30,1,0,0,1,0,0,142399,133967,113531,149567,105615,121497,14125,100655,67532,28469,98646,71689,1
50000,2,2,2,40,0,0,1,0,0,2,28071,26103,29601,28588,20426,21400,4312,11786,4163,17976,20262,374,0
150000,2,1,1,36,2,2,1,0,0,0,87050,102160,98760,67022,52231,79493,327,2294,10653,43026,11824,63425,1
50000,2,2,2,40,0,0,0,1,1,2,32716,37521,35031,34851,35472,31021,25855,36487,12420,1662,6014,3248,1
90000,2,2,2,35,-2,0,0,-1,-1,0,0,28720,26405,23299,27705,24168,0,13022,19339,15383,22768,14816,0
50000,2,1,2,43,0,0,0,-1,-1,0,9973,11538,10995,9839,7877,10794,3261,11337,2601,8989,5922,6661,0
40000,2,4,2,31,0,0,-2,1,-2,0,14043,12736,0,9411,0,9386,12188,7851,0,881,0,5872,0
40000,2,1,1,33,-1,-1,-1,-1,-1,-1,22785,26117,18982,18276,19191,19436,22209,15807,8459,11525,17624,9489,0
110000,2,2,3,37,0,0,0,0,-1,-1,15788,19118,13881,15030,15555,14249,7897,3827,1749,11282,13348,4466,0
140000,1,3,2,71,0,0,0,0,0,0,20353,26776,28936,23945,21147,22089,12953,21553,14014,18070,13698,9590,0
410000,2,2,1,34,1,1,0,0,0,-2,139918,152362,138156,131809,170926,0,1332,758,115806,86234,87399,0,0
20000,1,1,2,40,0,-1,0,1,3,1,4118,3363,3990,2924,2270,3018,2561,2094,3797,339,682,154,0
230000,2,2,3,39,1,-1,-2,0,0,0,39329,40517,0,33261,38650,40835,3859,25587,0,11565,17064,23784,0
60000,2,2,2,48,-2,-1,-1,-1,-1,-2,0,26291,26322,16052,33308,0,0,13915,20426,11107,15986,0,0
80000,2,2,1,31,0,0,0,0,0,0,23793,21210,21129,17618,12407,16810,16411,14632,16317,11992,10053,4960,1
110000,1,1,2,35,2,2,1,-2,-2,-2,36217,28922,34164,0,0,0,3293,387,1070,0,0,0,1
80000,2,1,1,40,0,1,2,2,0,0,16391,22246,19886,16113,19136,17038,6626,998,3956,4268,10278,5500,0
70000,1,2,1,32,0,1,1,2,0,-1,31110,29872,25954,31929,28172,31853,17959,4961,1878,4689,20569,22378,0
130000,2,3,2,42,0,0,0,0,0,-1,75518,60972,82943,58765,67563,50048,41230,46504,82094,47454,38966,25433,0
60000,1,3,2,32,0,0,-1,0,0,0,9533,7313,9097,7249,10284,7597,1704,6232,8288,6356,5494,4895,0
60000,2,2,2,32,0,-2,3,2,2,3,32648,0,42256,25283,30738,27431,21130,0,9598,1126,4892,4528,0
160000,1,2,2,52,-1,0,-1,-2,-1,-1,71811,65343,55347,0,44346,72737,41830,35605,15905,0,29560,37199,0
30000,1,2,2,41,0,0,0,0,1,0,371,260,318,392,394,307,328,144,270,285,29,157,0
30000,2,3,1,30,0,0,1,2,2,3,4133,4745,5513,5261,3471,5766,1166,3144,437,27,974,556,0
150000,1,4,2,53,0,0,0,-2,1,0,43148,53877,66561,0,48617,46963,29293,30956,53104,0,500,41696,0
40000,1,2,2,33,0,0,0,3,0,0,2613,4289,4064,2730,2996,2644,1462,3178,2869,636,1996,1402,0
60000,1,1,2,30,1,1,1,1,0,1,28100,24749,32694,33132,22587,24773,2899,3263,3080,7858,19419,1225,1
180000,2,1,1,35,-1,-1,0,0,0,-1,64182,75480,52026,64349,64936,56156,24841,40172,33336,58936,45626,39019,0
20000,2,2,1,34,0,-2,0,1,1,1,4658,0,3762,3034,3615,2577,3966,0,1410,77,380,33,0
100000,2,2,1,37,0,0,1,0,0,-1,5926,6417,6992,7244,5948,5678,5294,5602,925,5396,3146,3354,0
80000,2,2,2,33,0,0,0,0,0,0,48684,41860,41306,50195,30358,37810,31695,25248,37632,21298,19554,35172,0
20000,2,3,2,30,0,0,0,0,0,0,7192,6651,8090,6082,6505,5511,6443,5446,916,4864,4478,3077,0
170000,2,3,2,37,2,-2,1,0,-1,0,68447,0,54107,46547,61655,64112,3514,0,5522,28717,33986,39888,1
170000,2,3,1,54,0,-1,-1,0,-1,-1,42777,28440,34427,38243,36115,33816,18101,23120,15538,10347,9845,7596,0
30000,1,3,1,46,0,0,0,0,-1,0,7146,7048,8385,8067,9917,8361,2958,5006,3537,7836,5904,6999,0
170000,2,1,2,36,0,0,0,0,0,0,18797,12820,15259,16833,19306,14078,1683,3615,7504,11433,12964,1698,1
110000,1,2,1,30,0,0,2,0,-2,1,52644,37009,45479,39144,0,36367,23772,18737,2690,31343,0,256,1
420000,2,2,1,39,0,0,-1,-1,-1,0,174817,187613,149880,189895,168765,149690,71691,174033,131832,83311,111074,130771,0
40000,1,2,1,36,1,1,-2,-2,-2,0,11822,10247,0,0,0,11050,2069,1079,0,0,0,9933,0
70000,2,1,1,34,0,0,0,0,0,0,15988,12557,18101,14904,16089,18458,7015,4899,303,6675,2177,10956,0
130000,2,2,2,36,0,0,1,0,0,1,8390,6618,7120,7236,5591,6351,3362,6513,1147,2640,1208,326,0
30000,1,2,1,35,-1,-1,0,0,1,0,613,825,614,845,599,549,463,167,356,424,155,481,0
160000,2,1,2,38,0,0,-1,-1,-1,-1,46610,43091,47619,41210,38396,47633,20496,33827,24166,2293,19561,22831,0
140000,1,1,2,30,2,3,3,3,1,1,76511,77678,96767,66122,72372,99945,7615,3235,14937,2974,8180,3672,1
130000,2,2,1,30,-1,0,-1,-1,0,0,55890,90792,72869,71418,59457,55896,50713,74885,44896,54822,53243,15242,0
60000,2,1,2,51,0,0,0,-2,0,0,20671,18380,18291,0,14258,12451,11302,16070,8623,0,12349,6727,0
110000,2,2,2,30,0,0,1,0,0,-2,5902,4065,6347,4971,5617,0,4643,2785,948,3248,5365,0,0
60000,2,2,2,38,0,0,0,0,0,1,16442,17265,17298,13181,14207,15994,9290,17166,13363,11084,6175,20,0
160000,2,2,1,34,0,0,0,0,0,0,148127,144390,104143,110945,105156,107217,112800,53501,45075,80574,54444,42713,1
70000,2,1,2,35,0,0,0,-1,0,0,8026,8338,7948,9278,10387,11436,6790,7654,814,7380,4173,3090,0
260000,1,2,2,49,1,1,0,0,0,0,183819,158173,143722,201468,153505,135246,4176,24491,88048,144307,107582,80441,0
70000,2,1,1,49,-1,0,0,0,0,-2,36173,35249,34667,35096,31963,0,29464,17990,26584,22850,20740,0,1
90000,1,1,1,43,1,1,1,0,-1,-1,56978,57394,63185,44876,58636,43363,703,1055,11239,31377,45509,19424,1
180000,1,1,2,33,0,0,0,-2,-1,0,19512,19982,20171,0,16451,21360,13976,15775,17372,0,13256,19704,0
180000,2,3,2,55,0,0,0,0,0,0,83197,62647,84782,51036,68502,72010,27302,23367,58582,13135,36473,41011,0
80000,1,1,2,35,0,0,0,0,1,1,28952,27932,33396,20616,21837,21246,20887,6179,29498,17418,4708,2283,1
10000,2,2,2,43,0,-2,1,2,-2,2,6788,0,6932,7020,0,6325,2174,0,533,452,0,759,1
50000,1,2,2,36,0,0,0,1,1,-2,42239,42129,40308,40061,34667,0,22204,23740,34544,8632,852,0,1
100000,1,1,2,48,0,-1,0,-1,0,-2,18947,30373,34808,32615,22347,0,7363,21884,13257,8343,18926,0,0
210000,2,4,1,50,-1,-2,-1,-2,0,-1,24023,0,23518,0,18822,21488,18056,0,18386,0,10777,8941,0
100000,2,1,2,40,0,0,-1,0,0,-1,19069,22829,13735,20540,24143,17699,12604,5220,9421,9316,6794,4336,0
140000,1,1,1,38,0,0,0,1,-2,0,44300,53243,47739,41822,0,37998,13448,35832,41073,3121,0,25676,0
300000,2,3,1,37,0,0,0,-2,-2,-1,142541,86354,95901,0,0,90377,92368,23574,16225,0,0,57032,0
20000,1,3,1,42,0,0,1,1,1,0,5582,8270,7559,6928,5457,4336,3247,5254,349,2043,452,1795,0
40000,2,3,1,31,-1,-1,0,-1,-1,0,30274,24887,26732,31936,27146,30783,25088,17564,19939,23351,13299,12156,0
180000,2,2,1,44,0,0,-2,0,0,0,52636,53181,0,59160,57454,56765,11495,50292,0,32402,27418,28008,1
40000,2,3,2,33,-1,0,-1,0,-1,0,8300,5997,6750,5310,4625,6270,6230,1747,3425,788,4120,5202,0
190000,2,3,2,57,-2,0,0,1,1,0,0,53871,31763,42742,38748,32750,0,21464,10980,5685,860,16833,0
70000,2,2,3,47,0,1,0,1,0,0,12224,9337,10023,10902,7038,10660,6870,18,1914,370,5260,7132,0
230000,1,2,2,37,1,1,1,2,3,2,75071,55919,91182,69234,91107,64469,635,6233,18951,13373,37988,4587,1
130000,2,2,1,35,-2,0,0,-1,-1,-1,0,30495,25871,18138,27524,23398,0,18643,20450,11135,25515,18020,0
50000,2,2,1,33,0,0,-1,-1,0,1,27425,26230,29447,22039,17708,19706,10606,4790,19279,17149,8858,327,0
200000,2,2,2,47,1,0,0,0,0,0,80993,102190,90593,89401,81163,98654,6347,45420,53802,48407,32485,75691,1
120000,1,1,1,44,2,2,1,2,2,1,57197,67349,62048,72599,60242,62430,5571,1075,1606,12142,9409,2817,1
100000,1,2,2,33,0,-2,-1,-1,0,0,53696,0,61559,66632,59469,55004,44908,0,53002,65948,31330,24098,0
100000,2,2,1,47,-1,0,0,0,0,0,20295,18238,18369,14269,16256,15480,17217,2246,11786,4499,13132,12226,0
230000,2,2,2,34,0,0,-2,-1,-1,-1,111879,100948,0,107278,91062,94094,70034,75302,0,63607,88881,39937,0
30000,1,1,2,37,1,1,2,1,3,3,15195,21955,17459,29824,12846,19182,3732,2043,3122,747,4227,2077,1
30000,2,1,2,32,-1,-1,-1,0,-2,-1,15659,12684,19538,12790,0,10762,5331,9230,14141,10223,0,6887,0
180000,1,2,1,37,2,0,0,0,0,0,53957,65297,38918,60440,54150,64820,1066,30916,24838,53746,39805,56168,1
40000,2,2,2,34,-2,0,0,0,0,0,0,11094,10551,9255,10153,9260,0,5880,6830,7716,6829,4129,1
110000,2,1,2,45,-1,-1,-1,-1,-1,-1,58423,54682,49612,58899,63799,59411,41922,43665,42865,44140,20126,41001,0
60000,1,2,2,38,1,0,0,0,0,0,22079,17163,14053,19231,19416,17780,780,12683,8685,11793,15502,8619,1
150000,2,1,2,34,0,-1,-1,0,-1,0,42632,32501,42284,42395,46339,50612,24913,24666,6931,27596,18382,34866,0
80000,1,1,2,41,0,0,-1,-1,0,0,28008,31057,28273,22353,31209,16785,25684,10723,17896,21239,2330,15600,0
40000,2,1,2,53,0,0,-1,-1,0,-1,11431,10413,9220,10127,11334,9466,8740,8682,5917,4600,3493,8818,0
50000,2,2,2,43,0,0,-1,-1,-1,0,19953,15018,20715,18665,12933,17770,14990,945,13427,13941,12154,12893,1
270000,2,1,1,30,-1,-2,0,0,0,-1,255400,0,231243,160193,200639,180990,112660,0,70673,68049,109410,80328,0
50000,2,2,1,53,-1,0,0,0,0,0,4444,3803,3841,3705,4992,4081,2718,2903,1581,2838,2478,3442,0
230000,1,2,1,35,0,0,0,0,0,0,33015,28821,35892,38686,36082,32082,23399,22260,11690,27765,21691,24410,0
300000,1,2,2,39,0,-1,-1,0,-1,-2,66158,77457,53786,56200,67725,0,20064,21481,29795,38315,26347,0,1
160000,2,2,2,51,0,0,0,0,0,1,31284,27353,31587,26456,29104,34958,12393,11207,15315,11431,13577,3454,0
270000,2,3,1,43,0,-1,-1,-1,-2,-1,91061,93963,68804,78171,0,81853,75312,37822,41017,34689,0,53202,0
80000,2,2,1,40,0,-1,-1,-1,0,0,72069,67251,57453,67454,45281,55324,38329,18646,49711,53769,32254,35381,1
320000,2,3,1,31,0,0,-1,-1,-1,-1,46279,43591,41457,39143,36054,34976,26679,32168,37121,27129,32536,18965,0
320000,2,1,2,31,0,0,-2,0,0,0,38921,41860,0,46351,41752,32299,29829,9061,0,27118,20325,20038,0
110000,2,2,2,34,0,-1,0,-1,0,0,5257,7153,5873,6758,4281,4788,1717,3379,3497,3196,2114,3352,0
170000,2,2,2,30,-1,0,0,1,1,2,8820,6886,6284,7043,6601,6328,7878,1102,2034,422,188,2217,0
50000,2,2,2,38,2,1,1,0,0,0,12161,9041,10835,11153,13892,12026,274,413,2424,6508,6225,6771,1
190000,1,2,2,45,1,0,0,-2,0,0,176660,151920,167030,0,191051,149540,7898,62190,133915,0,101585,103949,0
90000,1,2,1,33,0,0,1,0,0,0,10237,8064,10167,9014,7161,9051,2769,7565,63,5305,5569,5304,1
150000,1,1,1,35,0,-2,-2,2,0,-2,51895,0,0,44229,36551,0,36494,0,0,6680,9066,0,0
110000,2,3,2,41,-1,-1,-1,0,-1,0,8138,5893,7019,7103,5882,6334,2649,2477,4854,6604,5440,3200,0
360000,2,2,1,44,-1,-1,-1,-1,0,0,94522,88166,87835,100507,85038,88259,32028,77393,55160,61313,57872,66302,0
100000,2,1,2,30,1,0,-2,-1,-2,0,25696,22920,0,26561,0,33068,2206,20097,0,12252,0,30620,1
40000,1,3,1,46,0,0,0,0,0,1,17645,12702,14273,15125,12265,11467,3949,9447,8882,8677,6308,3086,0
60000,2,1,2,36,-2,1,1,1,1,0,0,55057,54047,33624,47248,40357,0,11551,9569,3102,16269,32782,0
60000,1,3,1,32,0,0,0,-1,-1,0,24409,36444,37661,30133,32806,21514,19487,31383,31110,10346,5995,17514,0
120000,1,2,1,49,0,0,0,-1,-1,-1,69926,67948,72160,64082,66097,45997,44601,57162,61153,38741,59449,44609,0
40000,2,2,2,42,-1,0,-2,1,0,0,13676,10140,0,11754,9399,11348,9655,8476,0,113,7855,6727,0
50000,2,3,1,33,-1,-1,-1,0,0,0,24955,32363,27326,27384,30241,34584,13264,18623,22184,16276,15823,30907,1
90000,2,3,2,31,-1,0,-1,-1,-1,0,55862,49109,50922,45052,52777,43334,6860,19604,45735,28940,16680,30538,0
210000,2,1,2,52,0,0,0,0,0,0,52336,46194,45596,51087,57931,36207,40313,25521,33439,38562,7394,20701,0
40000,2,2,2,39,0,0,0,2,0,0,20710,25662,23370,20739,27350,24962,10943,24835,12537,2380,18589,7982,0
220000,2,2,2,34,-1,0,0,1,1,0,108334,99054,138176,133096,136862,128975,102090,59097,130374,5551,45141,26743,1
240000,2,2,1,30,3,2,1,0,0,0,39036,35420,44441,23612,33053,32045,4499,2557,8595,20252,21385,29063,0
20000,2,2,2,30,3,3,-2,3,2,3,7048,7047,0,7284,7512,9012,1352,955,0,684,2697,514,1
80000,1,1,1,35,0,0,1,1,0,0,9494,8534,7018,9643,8632,5276,7320,5741,18,585,7651,3406,0
10000,2,3,1,41,0,0,0,0,-2,2,2291,2781,3347,2654,0,3072,679,2485,1475,2253,0,80,0
120000,2,2,1,33,-1,-1,-1,0,-1,-2,13838,15832,15343,17220,13285,0,12483,4806,8016,15396,6634,0,0
90000,2,3,1,43,0,0,0,0,-1,0,16176,16143,13982,14316,16287,17462,9690,12562,5749,7060,5514,6260,1
60000,1,1,2,35,0,0,1,1,0,2,12467,10748,10392,12152,12368,6303,12239,7648,626,1328,7513,113,0
240000,2,2,2,30,1,2,1,0,0,0,35560,40887,40121,41332,45481,39375,2924,18864,5405,31032,25084,25565,1
100000,2,2,1,31,1,0,0,0,0,0,46522,45330,44888,44444,52260,41628,1935,17467,28872,34393,41892,38335,0
70000,1,1,1,32,2,-2,0,1,1,0,53619,0,66220,53023,59650,62228,2332,0,24075,3760,166,27448,0
280000,1,3,2,39,-1,-1,0,1,-1,-2,117598,108254,100215,118718,116100,0,46740,45680,83791,7656,61766,0,0
30000,2,2,1,39,0,0,0,-1,-1,0,9778,12785,11341,10602,10041,12401,6111,5258,7542,4984,3813,10247,1
120000,2,1,1,50,0,0,1,0,0,0,13295,15083,15476,11755,14503,14393,11372,7188,1043,8687,12338,8035,0
20000,2,2,1,34,1,2,1,1,0,0,7208,5652,4071,5759,4716,5282,125,14,170,899,2056,3353,0
50000,2,2,2,39,-2,2,0,0,0,-2,0,24932,29019,18078,25720,0,0,5127,25187,8268,17982,0,1
140000,2,1,2,34,-1,0,0,-1,0,-1,48386,40496,41179,31035,37203,34206,29349,26627,36207,13050,27145,24756,0
40000,2,2,2,43,0,-2,1,-2,0,-1,17054,0,17255,0,14939,15247,11228,0,3203,0,4121,11709,0
110000,2,1,1,40,-1,-1,0,-1,-1,-2,39490,60118,55174,45328,48951,0,35397,22732,22205,24516,18435,0,0
110000,1,1,1,49,0,0,0,-2,0,-1,62586,50043,67634,0,52194,37608,52174,27234,29224,0,15873,23062,0
130000,2,1,1,41,0,0,-1,-1,-2,-1,94546,100702,90222,99798,0,106560,16862,63286,34655,22455,0,35353,0
200000,2,2,2,36,0,-1,-1,-1,-1,-1,30829,28253,28175,25206,28038,27742,24501,16485,24440,18920,8545,20625,0
290000,2,2,2,35,0,0,0,0,0,0,70575,57523,76582,73671,75984,72524,48886,41113,68490,46778,55411,23583,0
130000,2,1,2,52,-2,0,-2,-1,-1,-1,0,11729,0,15735,19228,21250,0,10997,0,3837,18865,19484,0
70000,2,2,2,42,0,0,1,0,1,1,21541,22118,27255,23055,18519,18992,16524,10294,556,18205,835,1992,0
120000,1,1,2,33,2,0,-1,-2,-1,0,66031,67039,51892,0,75495,62571,414,29462,1361,0,61553,52864,1
120000,1,1,2,40,-1,-1,-1,-1,-1,-2,27996,26998,32392,28953,28248,0,20167,25661,29602,18359,27502,0,0
80000,1,2,2,34,0,0,-1,-1,0,0,39760,31918,30647,33024,35025,30051,5760,29623,25361,30362,25732,17799,0
50000,2,2,1,30,0,0,1,0,0,0,31790,42083,38765,46471,41245,44761,18931,28300,8828,28312,15844,19864,0
280000,2,2,1,33,1,1,1,0,0,-1,89065,85606,105216,60855,73026,80451,3714,7443,10577,45924,39051,50754,1
170000,1,3,2,35,1,0,1,2,-1,0,56391,74650,67501,66295,66140,67045,378,29053,5083,13499,59611,31906,1
150000,2,1,2,52,0,-1,-2,-2,0,-1,29229,26253,0,0,24537,25018,23910,9989,0,0,23765,18989,0
170000,2,3,2,37,1,2,0,1,1,2,90414,90533,102187,68298,92285,110492,5594,10185,85971,2241,20385,20140,1
90000,2,1,2,30,0,0,-1,0,0,0,11821,15518,17938,14727,13896,16195,9524,15329,7581,9837,11387,11021,0
120000,2,2,1,49,-2,0,0,0,-2,1,0,28889,28508,23948,0,22304,0,25170,15576,16365,0,156,0
260000,2,2,1,52,0,0,-1,-1,-1,-1,22830,14126,24215,19040,22417,16122,9069,9397,19119,15071,10004,6310,0
80000,2,2,2,40,-2,0,-2,0,0,0,0,44630,0,34190,43757,58081,0,23368,0,18310,36304,41270,0
80000,2,1,1,34,0,-2,0,0,0,0,48056,0,38079,44593,45838,56040,25087,0,6860,34025,35802,24855,0
60000,2,2,2,31,0,-2,0,0,1,2,31937,0,24865,24637,36138,23060,23575,0,5234,22204,10485,1331,0
170000,2,1,2,35,0,2,2,3,3,2,19339,19728,13864,18123,14511,15915,8442,4030,264,738,361,985,1
210000,1,2,1,34,0,0,0,0,0,-1,19173,21977,17046,15668,19672,21031,18566,10546,3283,14526,12202,3097,0
50000,1,3,1,39,0,-1,0,0,0,1,3795,4016,3073,3441,3288,3271,3139,3919,1892,1251,1436,680,0
40000,1,2,2,35,0,1,0,0,0,-1,7450,9398,8170,8060,7765,8741,1734,187,2814,4560,3883,6577,0
30000,1,2,2,34,1,0,1,0,-2,-2,20820,24209,12379,23034,0,0,63,19111,774,4508,0,0,1
120000,1,2,2,32,0,0,0,0,0,0,59339,76833,44675,66196,54008,45590,37347,49641,8119,55755,27057,43539,1
50000,2,1,2,44,-1,0,0,-1,-1,0,12313,12367,11201,10925,10730,11347,2931,9096,4618,4729,4773,10138,0
80000,1,2,2,42,2,3,2,0,0,0,55089,48829,55412,44684,47705,42331,204,1308,27,23502,20134,32416,0
160000,1,2,1,39,-1,-1,0,-2,0,0,45961,77244,65701,0,59312,73501,29741,31584,61469,0,39394,57148,0
400000,1,3,1,31,2,1,0,0,0,0,162141,190377,175712,166136,155668,163092,14077,17794,89030,152156,132715,33723,0
100000,2,2,1,37,0,-1,0,-1,-2,-1,8046,9189,7914,8540,0,7515,1819,8659,5531,7297,0,7371,0
10000,2,1,2,37,0,1,0,1,0,-1,1071,1696,1439,1404,1480,1380,961,118,633,106,894,428,0
140000,2,1,1,32,-2,-1,-1,-1,-1,-1,0,46621,30682,42965,49305,34017,0,10243,9727,20677,18630,19420,0
220000,2,1,2,30,0,0,-1,-1,-1,-1,54051,48873,49272,51016,42680,41684,45516,41528,40093,28962,39405,33053,0
160000,1,3,2,38,0,-1,0,0,-2,0,75049,69705,89319,60613,0,63343,25764,67042,77008,24648,0,48637,0
230000,1,1,1,37,0,-2,0,-1,-1,-1,30262,0,33442,37112,32057,33587,25021,0,9854,13783,6258,2237,1
50000,2,1,1,30,0,-1,0,0,0,-1,20935,21756,21273,21901,19250,20591,13290,10628,9421,11930,16598,17024,1
130000,2,2,1,36,0,0,0,1,1,-1,43478,44127,32476,46596,47678,36862,12988,22996,21327,4838,2361,5882,0
40000,1,1,1,39,0,-1,-1,-1,-1,-1,12160,7805,9481,9146,9416,10308,4061,1730,8481,6548,7120,691,0
230000,1,1,2,35,0,0,0,0,-2,0,149007,159115,158559,130637,0,164692,143165,121166,116016,57748,0,152216,0
120000,2,1,1,30,0,0,0,0,0,0,22618,18173,27625,21303,20766,21094,19064,7140,19767,18402,12192,7148,0
100000,2,3,1,36,0,0,-1,-1,-2,-1,27113,28379,26482,25292,0,17947,24419,10515,23306,22224,0,15179,0
10000,1,2,2,36,0,0,-2,0,0,0,3617,3271,0,3270,3310,2938,2742,2159,0,1061,3163,2038,1
70000,2,2,1,32,1,0,0,-2,-2,1,30036,27489,20449,0,0,21244,2429,19694,12137,0,0,1731,0
90000,1,1,1,46,-1,0,-1,-1,-1,-1,10371,10002,9775,9355,8733,9530,9968,6377,9150,1313,7409,2826,0
110000,2,2,1,30,-1,-1,-1,-2,-1,0,5808,7774,6312,0,6310,4953,2307,3290,5458,0,3378,3693,0
50000,2,1,1,41,0,2,0,0,0,-1,9127,7398,6079,7080,7021,6049,6128,315,1472,5161,5235,3412,0
140000,1,1,2,32,-1,-1,-1,-1,-1,-2,58350,59682,61588,53724,53908,0,55226,53143,50237,36323,38730,0,0
50000,1,1,1,31,-1,-1,-1,0,1,1,18849,21103,20308,13193,18542,22021,9278,13941,6327,9013,1024,166,0
150000,1,1,1,33,-2,0,0,0,0,0,0,119144,119273,118288,94834,119143,0,104107,95782,72782,27350,74683,0
60000,2,3,1,34,0,1,1,0,0,0,38142,35095,25563,36827,25869,31183,32442,5543,1818,33324,12307,7949,0
120000,1,2,2,48,-1,-1,0,-2,-1,-1,5449,7075,4947,0,5943,5438,4530,6989,2717,0,3763,4292,0
10000,1,2,1,32,0,1,0,0,1,-2,2581,1952,2463,2051,2510,0,1081,279,1720,1485,143,0,0
220000,2,1,2,32,0,0,0,-1,0,-1,58472,81529,71322,57766,71107,56052,31604,58440,46882,34751,37607,20682,0
100000,2,1,2,33,0,-1,0,0,0,0,27660,26773,21445,29541,31286,24777,19800,8390,17680,14386,22649,21593,1
230000,2,2,1,65,0,0,0,-2,-1,-1,49049,49882,46546,0,45147,39772,35306,35851,23548,0,40436,7870,0
150000,1,2,1,37,-1,0,0,-1,-1,0,35957,32768,44399,39394,34334,38852,30411,14216,37113,21454,17968,26201,0
40000,2,2,2,43,0,0,-1,0,-1,0,18167,19720,11181,18344,17105,15862,11774,6355,10494,15241,11176,12904,0
130000,2,1,1,31,1,0,1,0,1,-2,111702,94493,107906,74825,108810,0,16676,77230,7459,59843,613,0,1
130000,1,1,1,50,1,-2,0,0,0,2,22907,0,25380,22487,26072,23310,2859,0,9019,21536,20715,4399,0
170000,2,3,2,46,-2,0,0,0,0,0,0,120854,91705,95228,103360,80546,0,42067,14379,50039,51910,52029,1
250000,2,2,2,47,0,0,0,-1,1,0,2746,2460,2770,1770,2275,2016,1436,2412,2002,1718,58,351,0
110000,1,2,2,45,0,1,-1,-1,-1,-1,42736,56975,40157,40567,40173,42231,34092,3993,33777,26492,35337,17967,0
70000,1,1,2,54,2,1,2,1,1,1,11975,17557,12045,16344,14246,14916,167,91,3847,2353,701,1186,1
130000,1,2,1,32,-1,-1,0,0,0,-1,66381,77621,60940,60606,49393,58213,23643,75862,8195,21055,36030,41217,1
120000,2,2,2,31,0,0,0,-1,-1,0,65418,62717,54938,62463,61731,57604,44729,60586,45976,10426,29083,40462,0
90000,2,3,1,43,-2,0,0,0,1,1,0,11597,20211,18002,17208,17699,0,6253,8332,7676,4834,142,0
170000,1,3,2,30,0,0,0,0,0,0,28772,25819,26360,30789,29842,32432,16809,15165,6166,25008,6577,9303,0
100000,2,1,2,52,1,1,-2,0,0,0,27563,30463,0,27464,26284,23367,160,1005,0,15791,17088,15211,1
70000,2,1,2,36,0,-2,0,0,0,0,16714,0,23445,18931,17679,14737,14997,0,8641,9518,5412,7421,0
140000,2,1,2,31,-1,-1,-1,-1,0,0,4060,5092,4884,4915,4082,3700,2207,1340,3822,3624,3239,2051,0
60000,1,1,1,34,0,1,0,0,0,0,18767,16888,17982,19286,19101,14275,14792,1706,10968,11458,15314,8964,0
130000,2,2,2,42,1,0,0,0,0,0,103458,121205,101852,119896,94946,102623,1135,109617,61918,117975,72610,71717,0
40000,1,2,1,35,-1,-2,0,1,1,1,12774,0,10136,12800,8819,13426,12363,0,5347,847,132,3855,1
290000,1,2,2,35,0,0,0,0,0,2,154884,129871,132394,175199,159759,139436,103844,76399,69710,152927,92924,5763,0
730000,2,2,1,31,0,0,0,0,-1,-1,34825,30605,30009,28642,33612,33207,21600,8253,13655,20735,10317,26108,0
40000,1,2,2,47,0,0,-2,0,0,1,11491,13124,0,12115,12430,12420,4075,5670,0,4302,3344,2641,0
60000,1,2,1,42,0,0,0,1,1,1,17566,16564,17644,16432,14665,15345,9194,10530,7242,2112,24,202,0
180000,1,1,2,32,1,1,0,-1,-1,-1,58578,45308,40889,46332,52300,51796,9169,1613,17524,22545,13705,14641,0
70000,2,2,2,43,0,-1,0,0,0,0,40818,43778,40900,42546,55081,49889,20594,19990,17585,39076,45622,46400,0
240000,2,2,1,79,1,1,0,-2,-1,0,102769,124591,124806,0,156893,163744,14320,2773,63296,0,81621,101098,0
70000,1,1,2,46,-1,-1,-1,0,-2,-2,8659,10150,8566,8035,0,0,4265,3981,4182,5323,0,0,0
470000,2,1,2,30,0,0,-1,-2,-1,-1,162248,163217,157574,0,183764,163109,65482,56720,137966,0,33954,117585,0
240000,2,1,1,37,0,0,0,-2,-2,0,11233,7906,8184,0,0,7684,10976,7065,4609,0,0,3668,0
100000,1,1,2,37,-2,-1,-1,-1,0,0,0,41093,35765,42397,36050,29547,0,32432,26551,33843,22228,28239,1
70000,2,2,1,38,-2,0,0,-2,-1,0,0,26737,20184,0,18677,18375,0,22448,8200,0,9106,14575,0
50000,1,2,1,42,-2,0,0,0,0,-2,0,856,1239,1205,1008,0,0,110,903,1120,859,0,0
140000,2,1,2,45,0,-1,0,0,-2,1,78910,104035,71639,99739,0,64605,43009,103619,56932,45614,0,4079,0
260000,1,2,1,33,0,0,1,0,-2,0,90657,72952,59731,79428,0,76966,22494,65109,15223,74368,0,49392,0
30000,2,2,1,34,0,1,0,0,0,-2,12589,12554,14383,10904,11860,0,8314,625,12089,6943,7381,0,0
120000,1,3,1,42,3,3,1,0,-1,-1,43805,49699,48014,44373,47410,29448,8538,2912,3339,33190,45775,16209,0
340000,2,1,1,37,-2,1,0,-1,-1,-1,0,18938,16866,17678,20791,17345,0,1588,15602,15639,9383,9185,0
380000,2,1,2,31,0,0,0,1,0,-2,61544,78236,69662,70787,69514,0,59737,60224,46239,5401,45245,0,0
50000,1,1,1,34,0,0,1,2,2,2,6891,5530,10210,7735,8592,7282,2947,3849,1991,536,249,370,0
90000,2,2,1,35,0,0,0,1,-2,-1,42687,40283,44725,46125,0,38378,14790,33338,42628,662,0,21488,0
150000,2,2,2,39,1,0,0,-2,0,0,83999,95225,101583,0,100887,85348,22454,70966,95376,0,57659,40089,0
110000,2,3,1,33,-1,0,1,0,0,-1,20015,29560,33148,29294,20166,24277,16973,29344,4815,13309,13966,13847,0
110000,2,1,2,37,0,1,0,-1,-2,-1,35218,28871,28423,36825,0,20642,25857,42,15898,30898,0,11653,1
210000,2,3,1,31,0,1,-2,0,-1,0,121235,76822,0,93136,113738,112223,76277,1417,0,71224,85481,60559,0
90000,2,2,2,41,0,0,-1,-1,0,-1,12260,15739,11588,17328,12961,11729,5667,12595,7694,15888,7003,8303,0
170000,2,3,1,34,0,0,0,0,-2,0,26331,26034,25312,23716,0,26970,13428,13290,15943,16422,0,23990,0
130000,1,1,1,32,0,1,0,-1,-1,-1,16980,14159,17100,13567,11727,15420,5390,14,7114,10162,3031,2432,0
40000,1,2,2,48,-2,-1,-1,0,-1,0,0,12434,14950,12378,10256,10047,0,5811,11260,6229,6651,4745,0
40000,2,2,2,34,0,1,1,-2,1,1,1031,1538,1110,0,1130,1200,188,661,7,0,401,6,0
50000,2,2,1,32,0,0,0,0,0,0,31746,39896,38573,33192,36415,39762,14126,7244,28064,2477,20335,16758,0
170000,2,2,2,38,0,0,-1,-1,-1,-1,64018,64566,55377,78284,60433,57319,41815,38704,47226,51751,28012,50275,0
230000,1,2,1,34,-1,-1,-1,-1,-1,-1,99567,132734,127935,124191,113038,124759,72607,71723,126592,102780,96822,90546,0
130000,2,2,2,50,-2,1,0,-1,0,-2,0,88552,75162,51406,79197,0,0,1730,41746,21015,29296,0,0
290000,1,2,2,31,-2,0,1,1,0,-1,0,95384,141634,77216,142237,123551,0,41933,3039,927,100151,72779,0
130000,1,2,1,31,0,0,-2,0,0,0,39645,47712,0,35048,50188,42577,7769,37880,0,22643,30180,7367,0
160000,2,1,2,54,-1,0,-2,0,0,0,94473,108857,0,105946,75548,111130,78202,108230,0,80905,47762,78401,1
130000,1,1,1,37,0,-2,1,0,0,-1,25045,0,20811,14216,24720,18501,16784,0,205,12938,10013,15735,0
40000,2,2,1,31,0,0,0,0,0,2,12334,18536,18018,15604,14230,14751,5772,8036,13123,8841,1485,2530,1
60000,2,2,2,31,1,1,1,0,-2,0,31930,34160,26642,33661,0,25856,2117,11648,1317,6467,0,4816,0
130000,1,1,2,30,0,1,2,0,0,-2,13431,13798,12883,11997,13816,0,12139,2753,1267,2607,4685,0,0
70000,1,1,1,36,-1,-1,-1,-1,-1,0,15671,12683,12927,13084,12180,10795,8413,2886,9048,9230,5004,6107,0
50000,2,3,2,33,-1,0,-1,0,0,-2,9100,7258,9260,9667,6924,0,5452,3854,8015,4602,1269,0,0
50000,1,1,2,32,0,0,1,1,0,0,30492,35412,28464,21554,32273,29842,24409,17805,230,2570,28242,18383,0
50000,1,2,1,64,0,1,0,1,0,1,37699,37877,37861,25277,30393,32024,31728,607,25292,2760,7068,2483,0
200000,2,3,2,49,0,0,-2,0,0,0,26149,16549,0,17859,18630,18033,17818,13567,0,14821,8270,8834,0
90000,2,1,1,40,-1,-1,-1,-1,-1,-1,33334,39878,36316,32634,37600,40244,25107,17665,26217,15513,22626,26050,0
300000,1,1,2,34,-1,-1,-2,-1,0,0,101062,129030,0,105708,119006,125209,59581,90999,0,68712,45035,72486,0
100000,2,1,2,37,0,0,1,2,1,1,14062,14101,13109,12739,11648,10641,8986,1099,1200,1585,703,4783,0
110000,2,2,2,38,2,2,2,3,-2,3,47155,38010,38247,41693,0,39698,548,628,368,4995,0,10136,1
180000,1,1,2,32,0,0,1,0,0,0,30919,32007,27859,30945,35203,31787,29740,28596,5183,3875,12308,7012,1
140000,2,3,1,42,0,0,-2,1,0,-1,96260,74788,0,71646,58964,91011,50656,38598,0,13273,37333,51487,0
140000,2,2,2,32,-1,-2,0,-1,-1,-1,22523,0,28663,23347,18121,20038,17154,0,15765,13320,6564,15713,0
100000,2,2,1,34,0,0,0,0,0,0,70458,40912,66359,52028,60462,58497,24643,28078,22112,26121,46454,33156,0
50000,2,2,2,33,0,0,-1,0,-2,0,17668,20963,20773,15376,0,15441,4975,13940,12642,9942,0,9011,1
50000,1,1,1,36,0,0,0,-1,-1,-1,37361,34373,34054,21095,32443,36577,26665,13041,26129,11931,13678,32486,0
160000,2,2,2,47,0,0,0,0,1,-2,57732,55484,42564,67905,39104,0,29008,15843,30451,20174,823,0,0
130000,1,1,1,32,1,0,0,-1,-1,0,66582,63280,49949,53668,62241,47545,4101,59879,44422,51004,51383,29672,0
30000,2,2,1,31,1,0,0,0,-2,0,11961,9667,10575,8485,0,9440,1171,6448,8456,4582,0,3449,0
60000,2,1,1,32,0,0,-1,0,0,-1,4605,5928,5103,6076,7310,5066,3700,3105,4155,2213,5364,3521,0
180000,1,2,2,33,0,-1,-2,2,2,2,2958,3430,0,4146,3099,3188,1945,2621,0,161,292,58,0
40000,2,3,1,37,0,-1,0,-2,0,0,7112,7577,7666,0,6165,5245,6110,5342,4886,0,4190,3500,0
420000,2,1,1,34,0,0,0,0,0,-1,157976,155345,171476,137142,117700,130051,100268,75154,100074,41529,85968,68883,0
10000,1,4,1,32,1,2,0,-1,0,0,2809,2207,2133,2284,1854,2314,167,155,2123,1813,1236,1309,1
310000,1,2,2,47,0,0,0,-1,-1,0,153325,155813,173060,162087,163391,144061,73753,116741,152804,159722,102161,92637,1
50000,2,3,2,33,0,0,0,0,0,-1,33760,30108,32362,27102,33231,30808,29273,7665,19174,21273,28787,29669,0
100000,1,3,2,39,-1,-1,-1,-1,0,-1,38253,37573,33447,40398,34349,24277,27462,36574,27043,34492,19150,18723,0
60000,2,1,1,39,0,0,0,0,0,0,35176,45231,40310,43281,40844,39229,23648,37233,20504,18317,23096,34319,0
140000,1,3,1,53,0,0,0,1,1,1,40793,42101,50678,56211,48100,39604,34215,23024,31492,15040,2086,3417,0
220000,2,2,2,52,0,0,-1,0,-1,-1,9379,9676,14117,11744,10907,11105,7343,7577,3560,8697,6796,6613,0
20000,1,2,1,41,0,0,1,2,2,2,7172,7933,9341,6946,7548,5901,4960,6024,1021,64,194,204,1
280000,2,1,2,32,-2,0,0,0,-2,-1,0,152931,143139,145440,0,177959,0,46961,82233,100606,0,78020,0
80000,1,3,1,33,0,-1,0,0,0,1,10776,10176,12951,13293,9727,10599,7545,9716,7061,2062,1637,1182,1
190000,1,1,2,34,0,-1,0,0,1,1,124532,112764,101537,100774,92641,121469,99754,72476,65188,57079,3301,42349,1
60000,2,2,2,37,0,0,0,1,0,1,16678,19990,18954,16972,20199,18765,10460,8749,4159,2054,9059,1835,0
250000,1,3,1,32,0,0,0,0,0,0,58622,65062,59393,55528,60528,56750,48521,6165,52160,5363,21154,32975,0
260000,2,2,2,48,0,0,0,0,0,-1,22882,26874,26464,30183,20761,24894,16561,13780,10891,12307,15739,20230,0
80000,2,2,1,48,0,0,0,0,0,0,58215,54960,46475,52891,63111,60126,30155,21726,31434,33675,42633,22880,0
90000,2,3,2,33,0,0,0,0,-2,-1,40746,45306,37483,38187,0,40619,18598,43476,16992,25908,0,29469,1
100000,1,4,2,41,0,0,0,0,0,0,7511,7168,5237,5006,5984,5665,4812,3136,3187,2796,4889,1135,0
390000,1,1,2,35,-1,-1,-1,-2,0,0,87919,80894,92785,0,60694,84699,67283,28463,92355,0,38688,44689,0
50000,2,2,2,34,0,0,0,0,0,2,9160,11520,12256,11196,8549,10267,1952,3128,9855,10848,6913,525,0
70000,2,2,2,45,-2,0,0,1,2,1,0,20238,19986,15364,20186,19204,0,8308,6149,132,2321,755,1
90000,1,2,2,36,1,0,0,0,0,1,45290,36897,45701,50578,36928,32696,1998,29393,28031,33754,26837,11082,1
150000,1,2,2,34,1,0,0,0,0,0,27187,37000,36478,30933,33408,32447,2828,29853,34924,21405,24947,19099,1
80000,1,3,2,31,0,0,0,0,0,0,44182,38445,47072,41950,51616,38793,40635,26864,43369,15602,44631,8810,1
160000,2,1,1,45,1,0,0,0,0,0,94447,70818,98041,77818,79245,71083,2288,40690,43445,49722,66191,51326,1
130000,2,1,2,45,-2,0,0,-1,-1,-1,0,35325,42514,44116,48725,34095,0,4737,29901,8655,16060,14985,0
40000,1,2,1,39,0,-1,0,2,1,3,15006,16462,11463,11430,10365,13100,6513,13465,8007,46,194,283,0
20000,2,2,2,42,-2,2,6,3,-2,3,0,1582,1795,1695,0,1486,0,104,33,44,0,176,1
150000,1,2,1,31,1,0,0,0,-1,0,92023,88346,82531,85461,78710,92015,2368,67515,61616,61681,30147,59224,0
50000,2,1,2,42,-1,0,0,0,0,0,24070,20290,21190,19963,26774,22377,16628,14878,4861,12209,12175,13054,0
70000,2,2,1,41,0,0,1,-2,-2,0,33465,42864,35793,0,0,44513,23090,28894,3880,0,0,8119,0
310000,2,1,2,57,0,0,-2,-2,1,0,73498,56272,0,0,62666,70387,23568,15597,0,0,12096,58546,1
60000,1,2,2,36,1,1,2,1,0,0,35043,29846,35918,29358,33926,31523,922,3501,3958,1352,21202,24779,0
180000,2,1,1,43,-2,-2,1,0,0,0,0,0,19782,16003,17833,19598,0,0,1082,14451,17293,14463,0
120000,2,1,2,30,0,1,1,-2,0,0,2635,3203,3761,0,3425,3433,1708,1070,100,0,2693,2019,0
30000,2,3,2,35,0,0,0,1,0,0,6544,5727,5023,6535,5974,5275,3980,5555,1444,760,3385,2290,0
400000,2,2,1,32,0,0,0,-1,-1,-2,90970,89253,78231,72753,63362,0,80108,70347,41059,69765,54490,0,1
620000,2,3,2,40,0,-1,0,0,-1,-1,90879,112460,115170,91937,78521,114669,24158,54540,54565,57111,69857,103617,0
250000,2,2,2,31,0,1,1,2,2,1,74898,68650,59943,68504,60327,65778,32271,5522,998,4011,377,384,0
160000,1,1,1,55,1,0,0,0,0,0,96518,85565,85281,108089,116376,84979,4550,48193,14004,41552,55782,55983,0
180000,1,1,1,51,0,-2,0,0,-2,-1,36436,0,37168,29050,0,33642,20433,0,15551,13812,0,19042,0
440000,2,3,1,33,-2,-1,-2,-1,-1,-1,0,143532,0,209184,193185,198926,0,99984,0,139329,184241,38770,0
100000,1,2,1,41,1,-2,2,1,0,0,21319,0,21908,22907,18581,20601,6139,0,639,31,14225,3941,0
40000,1,3,1,45,0,0,0,0,2,1,8917,8151,7316,9777,10276,8363,7772,4265,5343,9279,687,474,0
210000,1,1,2,42,0,0,1,0,1,0,47270,54167,38858,53263,25282,43702,40500,38922,3838,39575,2112,30426,0
50000,1,2,2,30,-2,-1,-1,-1,-1,-2,0,19743,20396,17281,15272,0,0,12538,14461,13966,2732,0,0
280000,2,2,2,31,0,2,-1,-1,0,0,91338,86836,81525,75438,79821,82758,71738,10737,44978,36932,53088,63007,1
20000,1,2,2,32,1,1,1,1,-2,0,6530,6605,6987,5901,0,6625,185,22,693,78,0,4905,0
390000,2,3,2,47,2,1,1,0,-2,0,199803,190589,138139,135696,0,155934,26772,16071,77724,98051,0,104731,1
50000,1,1,1,44,0,1,0,0,0,0,25966,30131,28110,22461,25308,18033,22208,3715,17685,15198,18474,15950,0
240000,1,1,2,35,1,-2,0,-1,0,-1,70187,0,63189,52922,62396,59565,11647,0,27552,13731,48413,18300,1
30000,2,2,1,32,0,1,0,0,1,1,7559,5939,8206,9030,6255,7995,3434,472,4533,6017,91,678,1
230000,1,3,2,37,0,1,2,1,1,2,60114,73165,81902,75637,64842,73064,30436,9778,3255,12002,984,7431,1
490000,1,1,2,30,0,0,0,2,1,0,238431,269607,183199,220545,178410,236512,193990,174096,79760,8986,42454,201731,0
80000,1,1,2,30,-2,0,0,0,-2,0,0,12629,12782,12886,0,9903,0,4811,7014,3286,0,9362,0
50000,2,4,2,34,0,0,1,0,0,0,16165,19240,17735,13537,13926,12650,11037,13080,943,4806,10360,7391,0
60000,1,2,2,34,0,-1,-1,0,0,0,44014,36465,36379,44614,30295,40079,40491,21659,30651,10960,8990,36579,0
90000,2,1,1,35,-2,-1,-1,0,0,-1,0,4951,4479,4404,4368,4804,0,1541,4066,1739,2683,4499,0
180000,2,2,2,31,-1,-1,-1,0,1,-2,42657,42232,36729,36337,37561,0,32800,32583,32784,22020,657,0,0
150000,1,2,2,32,0,1,0,0,0,-2,6344,4405,5500,7289,6353,0,2749,308,5194,2143,3876,0,0
60000,2,3,2,39,0,0,0,0,1,2,6809,5615,4516,4881,5270,4676,3421,4724,403,4409,690,35,0
60000,2,1,2,36,0,0,0,0,0,0,10939,16140,15633,13679,16807,18179,5822,9248,14620,5878,10048,14390,1
220000,1,1,1,33,-2,-2,0,-2,0,0,0,0,11285,0,11194,8338,0,0,1859,0,5060,8038,0
50000,2,1,2,40,0,-1,-1,-1,-1,0,36220,32069,33927,29641,23850,31244,32412,23931,26627,20097,7663,28393,0
60000,1,1,2,31,-1,-1,0,0,0,1,36493,34273,27697,38370,33799,35722,14790,18426,25804,16191,22215,980,0
460000,2,2,2,37,0,0,0,0,-1,0,87951,96763,78250,70259,72168,79614,69870,64205,51676,19439,30639,44028,0
30000,2,2,1,35,-2,0,0,0,-1,0,0,6441,5937,4837,6297,5779,0,4400,3872,3131,4888,5692,0
60000,1,2,2,37,0,0,0,0,0,1,6554,3961,8239,7097,9881,5476,4608,1643,6520,2204,4812,108,0
40000,2,3,3,35,-2,1,1,6,8,5,0,23848,20205,22788,23536,19325,0,353,736,591,581,1321,1
390000,2,2,1,37,0,0,1,0,0,-1,98209,140934,155077,151334,127363,150531,65896,51143,40769,91813,102398,101876,0
70000,2,2,1,33,0,0,0,0,0,1,29522,25687,30399,26064,27955,26276,19908,22382,13078,25974,13350,1419,0
100000,1,2,1,30,0,-1,0,0,0,0,19628,24164,28973,28723,25510,21813,6123,15395,18355,14737,9346,9236,1
120000,2,2,2,39,0,0,0,0,1,0,36610,37554,29003,34494,28212,34186,28555,12350,22298,16811,4736,13698,0
60000,1,3,2,35,-2,-1,0,-1,0,1,0,31243,33905,24137,27172,33570,0,20783,23898,17603,19432,187,0
110000,1,1,2,37,-2,1,2,2,2,2,0,21124,27757,27472,25252,24342,0,2413,2688,1970,6382,3178,0
130000,1,1,1,63,0,-1,0,0,0,0,89729,85820,77632,86250,83714,83696,34659,59610,62213,47940,35780,74342,0
110000,2,1,2,34,0,-1,-1,-1,-1,-1,14479,15637,17892,17014,11148,16630,13989,4843,13448,14411,8544,10493,0
40000,1,2,1,31,-1,-2,-1,-1,0,-1,10988,0,9251,9470,6493,8793,8987,0,5829,8136,4282,4110,0
70000,2,3,2,40,-1,-1,-1,-1,-1,-1,32054,28526,30388,19857,25624,31080,24876,13087,28392,15340,8738,6585,1
70000,2,1,1,35,0,0,0,0,0,-1,3545,3825,3413,4463,3426,3702,3031,3745,1256,4282,2973,1560,0
120000,2,2,1,44,-1,0,0,0,0,0,84247,94472,87813,93296,92446,78972,76598,73161,66955,27843,46070,49431,1
110000,2,2,2,36,0,0,0,0,-1,-1,31689,46316,39148,32720,39596,26614,26262,31618,30952,22562,24093,11930,0
70000,2,2,1,30,0,0,1,1,0,0,32918,26552,32204,29543,24325,23503,22452,18195,914,2575,17846,14659,0
220000,1,1,2,40,-1,-1,-2,-1,0,-1,35763,22590,0,35727,40978,40790,8643,13577,0,9809,22570,29189,0
20000,1,2,2,33,0,0,0,-1,0,0,4358,5458,3871,5019,3649,4221,2271,4132,2250,4314,3064,2395,0
70000,1,1,2,35,0,0,-1,0,0,0,33104,34098,45667,37189,41966,35933,27133,22049,37466,19199,11349,20625,0
120000,2,3,1,35,2,-2,0,0,0,0,56286,0,55186,47647,42965,56542,11417,0,36140,22885,27123,42579,1
180000,2,2,2,34,-1,-1,-2,-1,-1,-1,4273,6835,0,4456,6051,5793,2996,4804,0,3929,1773,1333,0
80000,2,1,2,33,0,0,0,0,1,1,1985,1595,2483,1820,1710,2216,1213,418,1021,1514,112,43,0
60000,2,1,1,34,0,0,0,0,0,-1,16365,18955,13053,17123,12058,14303,11191,8600,9795,14729,9960,4535,0
160000,2,2,1,33,1,0,0,-1,0,-2,90688,92335,52500,75675,89349,0,1400,86014,44235,34677,69710,0,0
60000,2,2,2,38,0,-1,-1,0,0,0,3187,4025,4263,3325,3906,3726,747,3134,3056,2329,3516,3487,1
270000,1,2,1,32,0,0,0,0,0,0,47995,50055,43482,64879,72184,59760,10880,47071,31040,43151,36566,23982,0
110000,1,2,2,31,0,0,0,-1,0,-2,23488,24377,23167,19301,19623,0,20337,14957,6181,12875,16753,0,0
230000,2,2,2,38,-2,0,0,2,2,2,0,11997,11195,15617,14490,14840,0,6468,5430,3338,525,562,0
90000,2,3,1,38,0,0,0,0,-1,-1,56662,46216,47189,39055,35537,40446,22995,32550,38812,35204,26544,29015,0
120000,2,2,2,33,0,0,0,0,-1,0,93425,100270,64977,56027,92807,73502,76236,88970,63727,21813,30504,38768,0
70000,2,1,2,59,0,0,0,0,0,1,48360,45968,40373,53232,44276,49120,13586,32379,19224,14964,29585,3234,1
80000,2,1,1,47,0,0,0,-1,-1,-1,15163,17991,13220,15109,11803,10928,4117,15144,3541,13224,7338,4842,1
190000,1,2,1,31,-1,0,-1,-2,0,1,40432,33323,28128,0,39877,25866,30610,12074,20110,0,34679,416,0
240000,2,3,2,52,0,-1,0,-1,0,0,7754,8261,7245,9320,8440,9133,7701,4503,4118,9184,5025,3239,0
120000,2,1,1,32,-2,-1,-1,0,-1,-2,0,42028,28582,36982,20243,0,0,9854,19862,21143,9925,0,0
370000,1,2,2,37,0,0,-1,-1,0,0,218502,205659,216394,198616,149722,186886,187914,92149,177391,162909,108198,68572,0
190000,1,2,1,30,0,0,0,-1,-1,-2,20213,20846,27354,21742,16860,0,18742,17555,20472,11428,6300,0,0
50000,2,3,1,32,0,-2,1,6,2,-2,5502,0,5546,6964,5438,0,4443,0,835,304,900,0,0
30000,1,4,1,37,0,0,0,-2,0,0,6419,5793,6659,0,3626,4712,3519,4474,4035,0,2750,3239,0
290000,2,1,1,36,0,-2,1,1,1,0,40210,0,40263,31248,26828,18840,32114,0,1707,2332,1661,15490,1
130000,2,1,1,30,1,1,0,0,0,0,54283,45690,46249,50182,54598,44218,7395,4173,22566,14047,40773,18192,1
70000,1,1,2,51,0,0,0,0,0,1,46024,44229,39397,45118,25502,30037,29360,18024,31809,8304,10955,359,0
90000,1,2,2,37,0,0,0,0,-1,-1,23735,24338,23368,26692,19784,25881,13409,14759,20726,11525,8892,22023,1
130000,2,2,2,45,-2,1,1,0,0,-2,0,44330,52257,38621,41906,0,0,13,5283,7252,34404,0,0
40000,2,2,1,30,2,1,-2,0,1,1,22658,23420,0,24071,19903,19269,2509,820,0,4279,1700,474,0
100000,1,2,1,45,-1,-1,-1,-1,-1,-1,47581,37878,47648,42436,47732,23787,21018,13478,19196,40524,39121,18993,0
110000,1,2,2,50,3,2,2,1,1,0,40554,34938,40973,41233,37954,36672,6256,1245,126,6118,8815,19609,1
150000,2,2,1,37,0,0,0,0,0,0,31261,35377,51928,37446,51655,33534,28268,19605,48528,33980,37311,27317,0
180000,2,1,2,45,0,-2,0,1,2,0,64043,0,78435,59616,70866,45695,41181,0,60134,891,11033,18408,0
190000,1,2,2,43,-1,-1,-1,0,-1,-1,63247,66635,61544,67260,63896,61793,44164,60503,39208,59754,24265,37257,0
60000,1,3,2,32,0,1,3,3,0,0,21915,16537,16872,19934,21331,20665,19738,4042,842,3185,13464,7015,0
30000,1,3,1,35,0,0,1,2,2,2,6286,6444,6721,6504,5348,5057,2620,5450,902,817,300,78,1
50000,2,2,1,34,0,0,0,1,0,-2,10355,7862,8292,9366,8233,0,4889,3991,5632,530,7470,0,0
200000,2,1,1,36,1,0,1,2,0,0,84993,82616,75301,51293,90795,67140,25855,51844,18563,891,61214,58571,1
310000,1,1,1,39,-1,-1,-1,0,-1,-1,92805,104381,106701,101569,106703,89548,84265,42947,64372,48367,72482,61528,0
210000,2,2,2,32,-1,-1,-1,0,0,0,26360,28368,31762,30226,23561,25028,8693,26042,15448,16829,15277,14490,1
100000,2,1,2,36,-1,0,0,0,2,2,39334,29549,29487,30752,29249,32949,31558,25835,24671,2909,929,5363,0
40000,1,1,2,32,0,-2,1,0,0,0,16945,0,18782,16000,15290,19694,1530,0,2181,6354,5685,7478,0
150000,2,2,1,46,0,0,0,0,-2,0,69644,69769,60391,62134,0,48973,13992,39432,26176,52088,0,39592,0
50000,2,1,2,39,0,1,0,0,0,0,11192,11714,11752,12333,11680,11293,2453,467,3283,5604,11563,6216,1
80000,2,2,1,36,1,1,1,0,0,0,60367,53243,50040,52657,61524,60496,3954,2963,2372,24508,51965,16479,0
60000,1,1,1,38,1,0,1,0,0,-1,14799,14092,10859,12920,14952,13015,971,8495,1607,5231,3679,4723,0
200000,2,2,2,32,-1,-1,0,-2,-1,-1,111028,78375,99675,0,122943,100420,107017,56839,23130,0,77206,40872,1
250000,2,2,1,41,-2,1,1,1,1,0,0,122587,92769,129966,105224,116655,0,2750,2348,1821,4851,83462,0
60000,2,3,2,36,-1,-2,0,0,0,-2,36976,0,28828,31427,28023,0,20090,0,23325,25630,22451,0,0
110000,1,2,1,31,0,0,0,0,-2,0,21898,14972,22349,23971,0,16993,14257,4456,14928,6380,0,7361,0
110000,2,1,2,41,0,0,0,0,0,0,32445,45795,40678,43757,37539,41144,23132,33411,34240,32490,29383,34420,0
40000,2,3,1,43,0,0,0,1,0,-2,21930,15373,21682,22520,15919,0,14268,10532,7382,1822,8566,0,0
40000,2,2,2,36,0,0,0,0,0,0,6781,8108,6094,5184,6628,5437,3389,7511,4764,3264,4382,1141,1
30000,2,2,2,40,0,0,0,0,-1,-1,10166,6950,9221,9210,9194,8468,8469,3511,4551,5510,8137,3215,0
210000,1,1,2,46,0,0,0,-2,-1,0,94230,67497,64156,0,75953,75256,71095,40888,45330,0,46243,62863,0
160000,2,2,1,33,0,0,-1,-1,-1,0,71927,108773,79854,107214,89870,80792,46559,96261,49866,88836,63279,70011,0
80000,2,2,2,36,0,0,0,0,0,0,45238,53485,48505,40100,37353,48072,11318,32111,35351,18603,16390,10185,1
110000,2,2,2,40,0,0,0,0,0,-1,9781,11019,7238,7568,7894,8365,4278,5588,6749,5812,3156,2504,0
90000,1,2,1,52,0,-2,1,1,2,0,24055,0,16469,14125,19438,20889,19951,0,1219,546,282,17834,0
110000,2,3,1,36,-1,-2,0,0,-1,-1,86949,0,74302,70328,47874,65213,60377,0,67790,37821,27362,28980,0
90000,2,3,1,34,-1,-1,-2,-1,0,1,36793,35906,0,32677,34797,33876,10459,8206,0,30449,22967,9064,0
50000,2,1,3,33,3,-2,2,1,0,0,23365,0,25785,17870,18493,19390,3836,0,2048,1143,14079,11085,1
50000,1,1,1,52,0,0,-2,0,0,-2,1232,1192,0,800,959,0,1104,883,0,478,669,0,0
80000,2,3,2,41,0,0,0,0,0,0,5367,5747,5716,5778,7521,5562,3336,3954,1520,3794,1349,593,0
110000,2,2,2,37,-1,-2,0,0,0,-1,7305,0,6741,7822,6903,5798,3769,0,4013,6436,5753,5135,0
270000,1,2,1,41,0,0,0,0,1,1,76886,80803,96363,74139,73973,80763,52040,33660,57191,36818,1897,6999,0
50000,1,1,2,38,1,1,-2,0,0,1,29144,34297,0,36825,29256,32458,8076,2074,0,20588,22513,1185,1
30000,1,2,2,35,1,-1,-1,0,0,0,29995,19560,25102,23280,27388,23184,5084,17218,14355,10303,22269,16807,0
120000,2,3,1,33,1,0,0,0,0,0,26925,20413,20002,19531,20881,19188,1272,17235,12799,9148,5851,15459,1
110000,1,1,2,37,-1,0,-1,-1,-1,-1,26047,23373,16017,25690,14687,20024,19688,8345,15003,11181,7070,13246,0
270000,1,2,2,31,0,0,0,-2,-2,0,26210,35166,32085,0,0,27529,14271,22186,24383,0,0,24659,1
40000,1,2,1,33,-1,0,-1,-1,0,2,8288,9033,9295,10481,8820,7594,5379,2140,6083,6287,7313,323,0
610000,2,1,2,37,0,0,0,-1,-1,-1,417392,518162,409680,457782,482798,490888,270867,517226,319348,379427,316749,297363,0
50000,2,3,2,33,2,1,2,1,-2,0,27786,15934,24591,24988,0,19532,7673,735,4876,345,0,16221,1
200000,2,2,1,49,1,-2,1,0,0,1,104397,0,79747,95332,69055,76780,14582,0,1808,17866,65526,2023,0
90000,2,2,2,44,-1,0,0,1,0,0,64784,57652,57761,56815,61018,61226,32598,19866,45291,7620,40125,58054,1
70000,2,1,2,39,0,0,0,0,0,0,23558,25142,21232,25304,28957,22620,924,13278,19997,24191,20161,7216,1
380000,2,1,1,33,0,-1,-2,-2,0,-1,107068,119833,0,0,95834,85050,94834,98769,0,0,90752,63305,0
60000,2,2,2,43,1,0,0,0,0,1,9616,15353,10945,12820,12036,10418,1294,7394,5158,10039,7062,35,0
60000,1,1,2,34,0,1,1,0,0,1,10187,11972,10399,8492,9522,8898,7420,3757,41,1759,5484,72,0
70000,1,1,2,35,-1,-1,-1,-1,-1,-1,84470,71478,68532,50966,41557,54811,45236,62532,31587,31733,18175,25969,0
90000,2,1,1,45,0,0,0,-2,0,0,61501,46582,43226,0,30376,39931,47292,34491,38923,0,16528,9074,0
110000,2,2,2,45,1,0,0,0,1,1,57029,56314,57099,42688,60939,51750,6659,52800,36162,22030,506,180,0
70000,2,3,1,31,-1,-1,-1,-1,-1,-1,3935,5574,6439,5735,6609,5103,3316,5365,5039,3231,3558,3706,0
210000,2,2,2,39,-2,0,2,1,0,-1,0,92038,58375,80527,86695,68725,0,45121,681,6546,56919,46545,0
90000,2,2,1,33,-1,-1,-1,-2,2,-2,15841,17798,18071,0,14289,0,14167,15355,12424,0,43,0,0
120000,2,2,1,31,0,0,0,0,0,0,25922,41731,43758,23925,46600,27182,23469,40145,31683,16099,35018,12421,0
30000,2,1,2,36,0,0,0,-1,-1,0,6970,6126,5360,6035,5499,4765,3933,5969,3266,2939,4501,2263,0
30000,1,2,2,45,0,0,0,0,1,1,4084,3268,4427,3610,4443,3713,2445,2215,2707,2245,730,82,0
150000,1,3,1,35,0,0,0,0,0,0,47527,52500,50856,44651,46525,46251,43514,35955,23754,37370,33012,39449,0
150000,1,3,1,34,0,-1,-1,0,0,0,24129,25103,26061,22287,20388,21061,15821,23521,9545,6078,16694,19548,0
100000,1,2,2,36,-1,-1,0,0,0,0,24858,22198,23796,19846,21413,17413,11840,6234,21924,12789,16742,6904,0
240000,2,1,2,30,2,1,2,2,-2,0,142491,158347,122124,121883,0,123638,425,14434,20679,11798,0,108428,1
120000,2,4,2,46,0,0,0,-2,-1,-2,68356,61261,48085,0,43053,0,33992,45540,30813,0,35574,0,1
70000,2,1,1,30,0,0,0,0,1,1,22970,24911,26773,18747,17630,14930,15026,10380,20979,3773,643,1506,0
60000,2,2,2,49,0,0,0,-1,-1,-1,30852,23521,20157,27237,22685,17271,24374,17053,15009,4661,8997,14173,0
420000,2,2,2,46,0,0,-1,0,-1,0,202033,308323,190518,282887,245938,226190,165417,190600,97892,205135,231700,183246,0
40000,2,1,1,30,0,0,0,-1,-2,-1,3420,3374,3634,2655,0,3130,1904,1076,2854,1617,0,2598,0
90000,2,2,1,35,0,-1,-1,-1,0,-1,19677,27363,25292,20696,19838,20766,9652,18072,22429,16052,7184,7645,0
40000,2,2,2,34,-1,0,-1,-1,-1,0,22053,25855,31762,29493,25707,31621,18684,21095,11802,17239,3580,14785,0
60000,1,2,2,34,-1,-1,-1,-1,0,0,20787,21212,22986,22411,17518,23453,14511,19612,20057,16572,7858,15869,0
20000,2,3,2,44,0,0,0,-1,0,0,3748,3627,4366,3654,4449,3585,1505,3176,3926,3119,2831,2929,0
210000,2,2,2,37,0,0,0,0,0,0,59393,53316,54933,62255,60410,55302,46379,40401,37785,13144,55841,38832,1
130000,2,1,2,42,1,0,0,0,0,-1,69499,109349,115867,115297,83062,148162,20637,66535,69478,43383,15627,41868,0
50000,2,2,2,33,-2,0,-1,0,-1,0,0,14761,15391,18141,11200,12839,0,8087,12070,7764,10259,7880,1
70000,1,1,2,41,0,0,0,0,0,0,1431,1765,1707,1503,1643,1900,965,1464,1479,1003,855,1514,0
260000,1,2,1,30,-2,0,0,0,0,-2,0,36492,37548,33521,28352,0,0,23817,32132,16505,10947,0,0
150000,2,2,2,37,0,0,0,0,-2,-2,60645,41460,48681,57186,0,0,36108,18426,30609,35593,0,0,0
70000,1,2,2,33,1,0,0,-1,0,0,31865,27392,33124,31338,26196,29374,4617,15033,25428,25889,11258,16579,0
180000,2,1,1,39,0,-1,-1,-1,-1,-1,39712,49409,45075,39195,39108,37071,28762,36724,18353,9516,25635,19987,0
200000,2,3,2,31,0,-1,-1,-1,-1,-1,35030,23876,30731,39889,26993,27069,12252,11124,10235,36013,21364,23602,0
520000,2,3,1,33,-2,-1,-1,0,0,-2,0,5026,8099,6060,7851,0,0,4522,4198,4587,5271,0,0
110000,2,2,2,48,-1,-1,0,0,0,0,30946,36319,31848,36584,38480,39078,13843,21998,26908,20184,28687,16786,0
180000,2,2,2,30,0,0,0,-1,-1,-1,33380,31338,42635,31887,32722,39163,15040,24433,11150,10206,31169,33610,0
50000,2,3,1,41,2,2,1,0,1,1,16757,27041,27389,30001,19093,21750,4514,1138,5648,17630,9866,1543,1
60000,2,1,1,47,0,-1,0,-1,0,0,35116,38697,43840,31344,31757,30179,31531,33637,38364,21396,21568,24522,0
260000,2,2,1,35,1,0,0,0,0,-1,128293,129765,108216,104280,143940,92024,747,106370,42635,98150,94223,76630,1
110000,1,2,2,38,0,-1,0,0,0,0,11381,14741,11596,13444,11720,9659,7075,6346,1025,8750,8290,5584,1
120000,2,2,2,34,0,0,-2,0,-1,0,40723,38614,0,20570,42178,36839,30128,24440,0,14382,17215,28682,1
40000,2,2,1,36,0,0,0,0,-2,0,18188,21959,18754,14609,0,18769,9726,5019,4387,6477,0,14813,0
40000,2,1,1,36,0,0,0,0,0,1,13174,10774,15494,15013,15069,14831,5559,5281,5617,9687,8970,4510,0
170000,2,1,1,31,0,0,0,1,0,0,19628,22766,25033,17949,25792,16970,15629,22265,11274,842,22692,14464,0
200000,1,1,1,36,1,-2,0,0,-1,-1,82790,0,74764,98504,94874,69185,2047,0,34357,31936,43317,50013,1
120000,2,1,1,40,-2,0,0,2,0,0,0,26090,23355,22339,20837,21724,0,21003,15045,2286,8211,18896,0
210000,2,2,1,35,0,0,0,0,0,0,17469,19147,23971,24951,25557,21878,11418,3987,17040,10557,13292,17333,0
130000,2,2,1,39,0,-1,0,0,0,-1,17986,24970,20726,19767,18362,19782,5911,11427,9504,9970,10601,9841,0
70000,1,2,2,30,1,0,2,2,2,1,29085,28504,26559,26563,28053,25403,872,12431,3082,1036,993,2195,1
190000,2,3,2,42,0,0,-2,0,0,0,135695,88303,0,87758,88119,98943,135441,81529,0,75079,25219,44966,0
270000,2,1,1,40,0,0,0,0,0,-2,110127,83448,116918,93796,95163,0,41766,26443,61895,80631,23227,0,0
170000,2,2,1,58,0,0,0,-2,0,0,55748,63230,55677,0,45682,50313,16109,57965,53187,0,45623,37616,0
90000,2,2,1,34,-1,0,0,0,-2,0,20977,14357,18981,21061,0,16798,12620,5344,15169,5958,0,6178,0
160000,2,1,1,40,-1,-1,-1,-1,-2,0,78377,83093,55916,63133,0,54754,22854,73961,29265,43828,0,51373,0
230000,2,1,2,39,0,0,-2,0,2,2,151153,116082,0,147118,168525,103465,132591,79286,0,76780,6277,4390,1
60000,2,2,2,35,2,2,1,0,0,1,18165,19494,16782,14347,16987,15776,1069,2536,27,11012,6283,1326,1
90000,2,1,1,30,0,0,0,0,0,0,36862,27705,31316,34246,37634,33042,22920,19160,24356,25548,24123,26751,0
620000,2,3,1,39,0,0,-1,-1,-1,-1,212689,286343,275066,197495,254242,251474,33945,197262,170481,95330,125739,226594,0
180000,2,3,1,46,0,0,0,0,1,0,104369,100806,83336,116946,83108,83785,98733,57835,77212,29729,17359,60011,1
420000,1,1,1,30,1,1,0,0,0,0,170052,271842,192895,245008,225547,165272,5254,38022,166037,218351,215562,123604,1
40000,2,2,2,31,0,0,0,0,-2,1,3938,3382,3409,3428,0,3544,3483,2712,1263,760,0,26,0
120000,2,1,2,32,0,0,0,-1,0,-1,36091,43897,48956,53569,41216,48900,30706,38280,47875,27374,21872,37873,0
60000,1,2,2,32,0,-1,-1,-1,-1,-1,15227,11210,12133,13810,12459,14305,9018,3826,10508,3887,8535,9289,0
60000,2,3,2,41,0,1,2,2,4,3,24578,26150,23468,22633,25220,23179,13243,1570,3769,1963,825,843,1
60000,2,1,2,40,-1,-1,-1,0,0,0,42228,39107,39602,29651,32274,29154,20396,32525,29775,18018,14836,25506,0
40000,1,2,1,50,0,0,0,-1,0,-1,1128,1102,1073,1008,1136,1072,1084,500,927,412,696,932,0
210000,2,3,2,34,0,0,0,0,0,-1,18966,19930,19181,21679,22528,18841,10612,14778,4743,20075,2664,18469,0
30000,2,1,2,31,0,-1,0,-1,-2,-1,1649,1882,1417,1470,0,1598,1291,1429,1030,380,0,251,0
320000,1,1,2,41,0,0,0,0,-1,-1,167712,147975,158554,132763,131692,131669,96997,131509,65315,88911,80690,39302,0
160000,2,2,1,41,0,-2,-2,0,0,0,111655,0,0,77314,93408,57469,69932,0,0,50440,43640,34929,0
60000,1,2,2,32,-2,0,0,0,1,0,0,9867,9677,9413,12629,9826,0,9509,7905,1909,2083,8429,0
110000,1,3,2,36,0,0,0,1,1,0,92723,89914,82063,62467,74143,65460,25603,39176,31210,6993,8984,62150,0
90000,1,2,1,48,0,0,2,1,0,0,21035,23160,22683,18089,24075,23858,12289,15885,73,1388,19122,17555,1
60000,2,2,1,32,0,1,0,0,1,-2,19614,23339,20964,16756,20157,0,17613,5159,18600,12465,2631,0,0
50000,1,3,1,34,-2,2,0,0,0,-2,0,15822,19242,15830,11609,0,0,1088,18166,14292,7414,0,1
180000,1,1,1,42,-1,0,1,0,0,0,14900,12485,10978,11776,10831,12220,11234,10939,5906,6001,5222,5526,0
70000,2,3,1,39,-1,-1,-1,-1,-2,1,57362,41565,63324,45315,0,54305,47504,34262,27880,14092,0,837,0
50000,2,1,1,35,0,0,0,0,0,0,20733,23080,18672,24233,23361,20557,16637,16109,9121,20291,16028,8361,0
120000,1,3,1,32,0,0,0,0,-2,0,20130,21364,19807,16753,0,18372,19661,19813,15529,5473,0,4481,0
30000,2,2,1,37,1,1,0,0,0,1,6481,7789,8416,5011,5249,6535,1072,1480,4886,1904,4620,624,1
180000,2,2,2,48,0,1,0,1,2,1,120595,115510,94879,106086,110280,111507,49273,23320,74089,17311,2320,25776,0
70000,2,3,1,41,1,0,0,1,-2,2,31964,22100,29757,24994,0,20713,4726,20650,21926,6509,0,2537,1
70000,2,2,1,44,0,0,-2,1,1,2,10870,13563,0,12404,11428,10205,7138,11257,0,456,511,249,0
50000,2,3,1,34,0,0,0,0,0,-2,20390,18708,14839,16934,15594,0,12655,17367,1509,11319,12329,0,1
180000,1,2,1,38,0,0,0,0,0,0,107100,108429,113354,102165,126251,83396,59964,91057,77997,39689,45670,8742,0
230000,2,2,2,43,-1,0,0,-1,0,-1,161822,209170,133219,175235,143357,157856,113006,152187,80503,111747,110591,53819,0
50000,1,2,1,30,0,-1,-1,0,-2,0,13757,13709,13526,12139,0,12484,9676,2205,6754,10210,0,10865,0
150000,1,3,1,31,1,1,1,0,0,-1,121219,101213,82332,131489,119948,90095,17495,989,1089,99641,98680,63028,0
30000,1,1,2,36,0,2,1,-1,0,0,12537,11763,13657,9891,11332,15794,6891,2216,1266,3279,6877,15424,0
130000,2,3,2,44,-2,2,1,2,-2,0,0,1138,1463,1285,0,1092,0,13,96,114,0,459,0
140000,2,1,1,36,-1,-1,-1,-2,-1,-1,65213,59386,51551,0,68541,75655,41630,12809,19644,0,59202,59676,0
90000,2,2,2,31,0,0,0,0,0,0,21203,14402,20406,18207,19312,16716,14492,4624,9253,14713,12946,7284,0
30000,1,2,1,36,2,0,-1,0,3,2,17600,14404,17645,17149,13697,12342,1538,11127,14758,5612,1168,473,1
80000,2,1,2,42,1,1,0,-1,-1,-1,20336,18329,19612,16227,16895,13662,840,1867,15826,3713,15324,5191,1
200000,1,2,1,43,0,-1,0,1,1,2,22635,17571,21249,20120,17731,21876,21270,9229,17718,957,2085,12271,0
160000,2,2,1,33,0,-1,-1,-2,-1,-1,43774,42601,31887,0,36967,34660,28923,14898,17854,0,18020,28961,0
120000,1,3,2,30,-2,-1,-2,0,0,0,0,35621,0,61267,45706,32016,0,16976,0,47427,35076,22178,1
100000,1,2,1,36,1,-1,1,0,0,1,54100,33637,63208,29952,52258,51647,5119,29905,12553,22113,22832,1215,1
90000,1,2,2,43,-1,-1,-1,0,-1,-1,39865,42500,40745,36558,39760,30580,19476,24671,17797,29758,15776,25245,0
160000,2,1,1,46,0,0,0,0,0,0,34118,35241,37177,43244,36250,31944,17044,31514,23737,26442,32123,21276,0
70000,2,3,2,32,0,0,0,0,0,1,13753,10947,10741,11112,12765,12810,9113,7280,2891,9851,5784,454,0
80000,2,3,2,63,-1,-2,0,0,0,2,26123,0,26168,25153,26343,21533,19425,0,8595,16210,21245,1931,0
120000,2,2,2,53,0,0,-1,-1,-1,0,59355,60846,68239,70026,71146,52066,37039,25476,64930,34628,43914,34273,0
90000,1,2,1,52,0,-2,0,-2,0,0,16878,0,13477,0,17630,15145,11555,0,12922,0,8592,3867,0
50000,1,3,2,33,-1,-1,0,0,0,0,3521,3484,3241,3379,3647,2678,1876,699,2472,3152,858,2189,0
200000,2,2,2,37,0,0,0,1,2,2,24687,21845,22396,26448,22959,31496,7771,10628,13652,2414,520,734,0
110000,1,1,2,40,-1,0,0,1,-2,0,2587,1773,1908,2095,0,1463,1387,469,1258,263,0,1035,0
110000,2,2,1,36,0,-1,0,-1,-1,-1,46508,41811,52651,43578,54722,40330,29442,8207,16766,41113,41210,23708,1
140000,2,2,2,34,2,1,0,1,0,1,78915,71145,69842,97527,77797,76051,12016,9350,56981,11224,35146,1028,1
500000,2,3,2,31,0,0,0,0,0,0,240871,215379,225999,203077,186662,163845,139094,53988,159850,115362,78853,13663,0
90000,1,3,1,35,0,0,0,0,0,0,39226,39259,27618,25114,29371,33589,22930,13450,17309,12779,17852,7043,0
100000,1,3,2,56,-1,-1,-1,-1,-1,-1,31759,31178,28872,26877,30077,34304,29096,25344,11447,5936,11248,12718,0
100000,2,2,2,47,0,1,1,0,1,0,29569,27289,26730,26979,22730,30038,20132,2888,2799,13175,480,21994,0
390000,1,2,2,38,-1,0,1,1,0,0,66559,50729,51507,49089,35496,43398,48833,20315,673,9167,3797,18539,0
80000,1,1,2,31,0,-2,0,0,0,-1,27756,0,18782,25323,19407,20733,2842,0,5877,2194,15690,16920,1
210000,2,2,1,36,0,0,0,0,-2,-1,27656,19878,22003,16940,0,26962,16827,13803,20058,10597,0,19485,0
90000,2,3,1,38,0,0,1,1,1,3,21345,24262,21565,27267,22581,19908,11187,15532,7305,7294,324,3237,0
40000,2,2,2,36,0,0,0,0,0,0,28670,35061,33272,33961,25033,31677,21714,9293,13464,28045,14777,28020,0
110000,2,3,1,36,0,-2,0,0,1,1,75141,0,65971,87757,68852,65091,58902,0,21855,71099,6111,6111,0
80000,1,2,2,39,-1,-2,-1,-1,-1,-1,11957,0,8533,8261,8791,8034,6214,0,6713,5076,5825,7789,1
30000,2,1,1,49,0,0,1,-2,0,0,12887,16541,8908,0,10879,9847,10886,9775,1303,0,1086,6910,1
50000,1,2,2,34,0,1,-2,-1,0,-2,21735,19009,0,24600,21445,0,19538,6787,0,16711,5308,0,1
130000,2,3,2,48,0,0,-2,0,-1,-1,34289,41548,0,34368,29479,32072,15481,20771,0,9798,19929,29005,1
80000,1,2,1,40,-2,0,1,1,2,-2,0,41025,36111,37442,36852,0,0,29065,2805,1249,3858,0,0
40000,2,2,1,39,-1,-1,-1,-2,0,-1,22697,17754,21979,0,15371,15977,14161,9968,7839,0,13721,11302,0
30000,1,2,1,41,0,-2,0,0,-1,0,1977,0,1627,2027,2225,1938,1637,0,1288,284,830,797,0
130000,2,3,2,37,0,-2,-1,-1,-1,-1,22004,0,24483,19254,21100,22753,14654,0,7233,15485,16702,17484,0
50000,2,3,1,37,-1,-1,-1,0,0,0,21444,17567,19419,25345,24342,23530,9130,6593,9729,15560,18509,9810,0
240000,2,1,1,32,1,1,0,0,-2,0,138950,115446,155676,128308,0,131657,2824,6977,140870,93749,0,70779,0
80000,1,1,2,36,1,2,1,0,0,1,24772,26531,23933,25861,18003,17771,9199,6951,2243,20449,12915,275,1
30000,1,2,2,36,1,2,2,1,-2,1,5873,4970,4703,5528,0,5193,524,125,1196,18,0,97,1
20000,2,2,1,49,0,-1,0,0,1,0,5659,5409,5024,5659,4687,4517,489,2630,3339,4283,253,3567,0
200000,1,3,1,31,-1,0,-2,-1,0,0,70208,57338,0,68014,56217,49028,59171,18171,0,64437,49313,22953,0
20000,1,2,1,34,0,0,1,0,1,0,2857,2048,2704,2639,3110,2439,1097,1814,170,2329,24,1869,1
100000,2,3,1,33,-1,-1,-2,0,-1,-2,27720,25051,0,22907,27442,0,10912,13624,0,4277,12884,0,0
70000,2,2,2,33,1,0,-2,0,-1,0,11419,15333,0,16310,12938,10522,874,13170,0,8766,7527,4194,0
90000,2,2,2,46,0,-2,0,-2,0,-1,15031,0,15555,0,14694,15036,12730,0,14628,0,7337,9715,0
470000,2,2,2,33,0,0,0,-1,-1,-1,156641,144085,193162,149017,161397,124690,103671,95671,172448,126407,131853,64992,0
200000,2,2,1,36,-1,0,-2,0,0,0,49672,42256,0,39252,48228,39197,24128,31390,0,32771,35867,22510,0
60000,2,1,2,51,-1,-1,-1,0,-1,0,32212,32069,42435,38998,29039,26425,21811,17877,12707,22862,11097,11147,0
130000,1,2,1,36,-1,-1,0,0,0,-1,69706,45205,52449,38780,43067,57689,44990,7423,23604,21267,40293,40885,1
180000,2,3,2,42,1,0,-2,0,-2,-2,53420,69271,0,61883,0,0,3977,64595,0,46701,0,0,0
30000,1,2,2,36,-2,1,1,0,0,-2,0,6414,5576,4987,4897,0,0,943,1682,3680,3498,0,0
140000,1,2,1,34,1,1,-2,0,0,0,97000,97116,0,95254,84309,88064,2729,8618,0,51782,32320,54130,0
90000,2,1,1,36,0,0,-1,-1,0,0,23380,29280,24961,21586,20728,29068,17796,18505,1797,4867,13135,23619,0
130000,2,3,2,41,-2,0,1,1,0,0,0,34233,52974,43636,38586,39671,0,10949,7635,299,37897,22416,1
150000,1,2,1,30,-2,-1,-1,-2,-1,-1,0,49309,46263,0,48906,38276,0,27260,17905,0,34514,21174,0
230000,1,2,1,36,0,-2,-2,-2,-1,-1,37603,0,0,0,23469,24446,36125,0,0,0,22445,23155,0
50000,1,2,1,32,-1,-1,0,0,-2,0,14279,12663,14214,11307,0,11864,11087,11036,8270,2894,0,4088,0
40000,2,1,2,36,0,0,0,0,1,1,24032,23249,22225,23506,17896,22662,12147,18679,19779,12839,1442,1607,0
30000,1,2,2,33,0,-1,0,0,0,2,4849,3576,4688,5231,5288,4138,2847,2110,4383,3269,3150,1980,0
90000,2,2,2,32,-2,2,2,1,1,1,0,7929,7198,7058,5026,5051,0,309,1343,48,742,815,1
110000,2,2,2,34,0,-1,-1,-1,-1,-1,15399,12013,12005,18893,15030,13335,6933,6058,6801,14166,7265,3277,0
160000,2,1,1,34,0,0,0,0,0,-1,26775,20301,20949,18752,21089,18544,23847,11246,8356,16158,20188,9788,1
70000,1,3,1,32,0,2,0,0,-1,-1,12433,13793,16345,11045,12728,12376,10250,83,6244,5761,9388,4761,0
120000,2,2,1,42,-1,-1,-1,0,-1,0,14431,13882,16964,14584,15430,14382,4199,8683,10224,7885,1888,10718,0
140000,2,2,1,30,1,1,0,0,0,-2,64566,70045,79879,53404,60324,0,11213,2893,42075,41712,40908,0,1
70000,1,2,1,44,-1,-1,-1,-1,0,-1,4222,3910,4240,3727,3906,3402,3552,2728,2409,3261,3614,1183,0
460000,2,1,2,37,-2,0,-2,-2,-1,-1,0,82193,0,0,84980,83080,0,63552,0,0,14939,73742,0
70000,2,1,2,35,0,-2,0,-1,-1,-1,32612,0,28988,31293,25907,27272,13608,0,14290,25635,24426,19103,0
110000,2,2,2,37,1,-2,0,0,0,0,56499,0,47628,47929,54422,54882,14612,0,38150,29852,28576,19133,1
50000,1,1,3,46,0,1,2,0,-2,0,15546,17265,11296,15949,0,12158,8394,5944,558,9844,0,3336,1
150000,2,1,1,34,2,2,0,0,0,-1,32941,31949,33599,39062,31983,27624,4809,790,30342,19270,17033,22609,1
20000,2,1,2,36,-1,-1,0,0,0,0,10025,14288,14161,10615,12671,11467,8316,4852,7724,7605,9239,6421,0
80000,2,2,2,42,0,-2,-1,-1,0,-1,8066,0,11237,6804,5994,7865,5686,0,8119,5942,3847,5236,0
290000,2,3,2,30,-1,-1,0,1,1,1,43496,41146,46430,25086,38797,43790,41492,27768,32917,1633,2924,13259,0
70000,1,2,2,35,0,0,0,0,0,0,26656,32994,26087,19737,19473,25269,20805,16120,24877,13196,6782,20428,0
160000,1,2,2,38,0,0,0,-1,0,-1,74834,61138,74661,67297,55431,79242,19458,22942,47386,47727,47193,46212,0
70000,2,3,2,46,-2,0,-1,0,0,0,0,7142,8298,6322,5539,6537,0,5673,6844,6020,4945,2742,0
70000,1,2,2,60,0,1,0,0,0,0,12159,13015,12933,14182,17303,17925,5439,1938,2867,6495,8841,6631,1
100000,2,3,2,36,1,0,0,0,0,-2,58009,65914,52982,62036,43372,0,828,35022,28528,28895,10721,0,0
130000,2,1,1,30,-1,0,0,-1,-1,-1,7579,6032,6273,7009,6619,6404,6008,5738,3558,2710,3345,2658,0
150000,2,2,2,35,-1,-1,-1,-1,-1,0,13711,13445,14736,13619,14193,11857,5913,9368,12899,9793,7119,4042,1
90000,2,2,1,43,-1,-2,-1,-1,-1,0,35232,0,33818,28696,26693,33581,24609,0,24516,26029,21406,21406,0
190000,1,1,2,34,-1,-1,-1,0,-1,-1,21565,18917,20195,26059,23673,20020,12694,16317,14211,21186,20382,13991,0
100000,1,2,1,44,0,0,0,0,-1,0,31518,37947,34479,37746,24585,20518,26056,25491,12709,28162,16808,18989,0
70000,2,2,1,36,1,-2,0,0,0,0,35886,0,35948,30457,38681,26367,2743,0,23311,15051,21460,7657,1
140000,2,2,1,37,0,0,0,-1,-1,-1,32832,44064,41094,49649,29621,38259,25678,29807,31985,24958,27458,26510,0
100000,2,1,2,34,-1,-1,-2,-1,-1,-1,20655,23349,0,23829,24879,18054,14567,16946,0,22064,14097,8079,0
60000,2,1,1,31,0,0,-1,-1,-2,0,19672,21429,21653,21565,0,21020,11327,14426,16341,17184,0,9376,1
70000,2,2,1,31,0,0,0,0,-2,0,16519,13035,15722,14265,0,16594,14811,10390,5039,12828,0,13444,0
120000,2,2,2,33,0,0,0,0,-1,-1,68729,62868,63557,39137,63855,51952,28356,17916,41981,6985,32850,35698,0
70000,2,1,1,40,0,0,1,0,1,-2,26907,26653,31738,23447,18651,0,10080,19248,883,11736,5625,0,1
60000,1,2,2,41,-2,2,0,0,0,1,0,5171,6220,6510,4447,5680,0,304,4967,6280,3093,211,0
200000,1,4,2,43,-2,-1,-1,0,0,-2,0,9267,8576,8761,7989,0,0,4013,6561,5255,3958,0,0
330000,1,1,1,40,0,0,0,-1,0,-1,213917,191517,194193,150911,194330,208509,139589,108284,79336,115956,119612,90364,0
20000,2,2,1,30,0,0,-1,0,0,-1,1070,1236,1198,1016,897,1057,282,687,964,1002,755,868,0
50000,2,2,1,31,0,0,0,1,1,0,4967,3716,4128,3837,4227,4253,3208,2944,3493,57,687,2018,0
110000,1,1,1,35,1,1,0,0,0,0,36615,22364,33704,31641,23334,27841,1212,1988,13872,18420,17815,11535,0
90000,2,2,1,42,0,0,0,1,0,0,32460,28964,28895,20735,26996,30460,26940,20359,23718,116,25817,15074,1
190000,2,2,2,33,0,-1,-1,-1,0,1,134228,145280,136350,101022,96962,143758,64929,72901,104359,45881,67594,41525,0
70000,1,2,2,34,0,-2,0,1,1,1,26498,0,36596,34814,32337,18877,19792,0,17648,450,2551,1291,0
130000,2,2,2,31,0,0,0,1,1,0,13221,13883,9224,10810,14081,10901,5291,8911,4364,872,1195,5927,0
220000,2,3,2,44,0,1,1,1,0,0,63376,72326,62417,70303,73221,52493,45050,4228,12939,4536,65852,28826,0
130000,2,3,1,44,0,0,0,1,0,0,41883,39468,47160,36210,41687,44934,11763,12494,19981,820,24931,22051,0
70000,1,2,2,34,1,0,0,-1,0,0,20715,25547,20831,24109,22134,17101,1436,10194,9741,20141,19099,10873,0
70000,1,2,1,44,0,0,0,1,7,2,17161,11004,13009,11372,13190,13625,13192,6580,8452,533,963,1611,0
50000,1,1,2,40,-2,0,-1,-1,0,0,0,4286,3834,3547,2769,3454,0,3362,758,1823,1328,1526,1
50000,2,2,2,50,0,-1,-1,0,-2,0,11670,10538,10944,11615,0,7906,7718,2377,3754,6830,0,7562,0
80000,1,1,1,30,0,-1,0,-2,0,0,51061,41109,38230,0,41092,41832,37737,9051,19767,0,31660,28698,0
70000,2,2,2,36,0,0,-1,0,-1,-1,55564,55196,55030,48043,47677,49293,11409,30444,21689,18142,31168,31771,0
50000,1,2,1,32,-1,-1,0,0,0,-2,31206,38084,40885,27640,31892,0,8761,10927,39709,9520,24677,0,0
80000,2,1,1,34,0,-1,-1,0,-2,0,46636,38914,52276,36176,0,41231,11150,33928,20293,34662,0,28524,0
10000,2,2,2,34,1,3,1,0,0,0,4840,4607,4436,5569,5029,3942,689,1037,200,2066,4874,934,1
70000,1,3,2,36,-1,-2,0,-2,0,0,32332,0,35807,0,36286,33044,26021,0,22167,0,18197,21757,0
60000,2,1,1,32,0,0,0,1,0,1,35119,30843,27186,30770,28038,28944,33242,14833,5252,10631,17728,659,0
180000,2,2,1,31,0,1,0,0,0,0,24840,26409,24446,21733,26108,21840,20199,4408,11959,18726,14249,11601,0
50000,2,2,1,32,1,-2,-2,-1,-1,-1,14882,0,0,15716,11075,14019,2235,0,0,8079,6832,7182,0
70000,2,2,2,36,0,-2,-1,-1,-1,-1,6945,0,6396,4977,7497,7726,2638,0,5532,4464,3648,3175,0
100000,2,2,2,32,-2,0,0,0,1,1,0,3303,3391,3442,2323,2993,0,363,2300,810,62,146,0
290000,1,2,1,60,0,0,0,0,1,-2,186776,188562,165468,172602,150793,0,100379,139669,109209,76746,20936,0,0
50000,1,1,1,33,0,0,0,-1,-1,0,17041,13892,10894,17285,14167,9946,14012,10334,7997,8797,9118,7918,1
210000,1,3,2,47,0,0,0,0,-1,-1,39849,26251,45364,28912,38174,36803,32793,8681,34302,25557,14920,12118,0
60000,2,1,2,42,0,0,0,0,0,0,19322,17670,25161,17050,21690,12847,15525,13866,20233,12961,18183,6533,0
50000,2,2,1,57,-1,-1,-1,-1,-1,-1,13458,12198,12855,15345,17122,16412,10910,6086,5809,6663,12434,6111,0
70000,1,2,1,44,0,-2,-1,-1,0,0,34187,0,28977,29223,30159,26573,20187,0,17005,22670,16705,9636,0
250000,1,2,2,30,0,0,0,1,1,-2,134736,106717,152745,111142,126011,0,112027,84680,118946,726,3692,0,0
320000,2,3,1,42,0,0,-1,-1,0,0,67680,63489,67746,71019,73670,57672,32984,53728,26355,35182,23666,56094,0
140000,1,2,2,66,1,3,0,-1,0,1,44871,39704,31605,45062,40013,51663,391,3927,4537,14337,26984,3746,0
230000,1,2,2,59,0,0,1,1,0,0,26726,21257,20369,21058,23007,18117,19557,10116,4521,2787,14967,9331,0
380000,1,1,1,44,-2,0,0,0,0,-2,0,153998,106677,101346,142946,0,0,7159,48776,42283,105211,0,0
70000,2,1,1,32,0,-1,-1,-1,-2,0,15241,15999,15402,16405,0,14004,1957,13596,6235,10349,0,12083,0
100000,2,2,1,39,0,0,-2,-2,0,-1,26576,25024,0,0,22867,29085,23915,10219,0,0,18743,18004,0
120000,2,1,2,37,0,0,0,0,0,0,7363,7109,7558,8559,7626,7116,5952,4927,4113,3449,4347,5009,0
170000,2,2,2,38,-1,-1,0,-2,-1,-1,51818,32409,58056,0,43592,49593,13783,21477,6407,0,40871,39812,0
310000,2,2,1,34,0,0,2,2,1,1,41982,54497,42339,38478,48914,45152,19085,53123,2678,604,5166,2019,0
140000,2,2,1,33,-1,-1,-1,-1,0,-2,11289,8474,6980,8132,7573,0,9072,7415,5769,7465,3512,0,0
40000,2,3,2,35,0,-2,1,2,2,2,1165,0,1278,1078,1278,897,448,0,214,56,155,279,1
120000,1,1,1,41,-2,2,0,0,0,0,0,51701,45148,46915,64741,62621,0,1851,43872,28034,55707,40165,0
60000,1,1,2,32,0,-1,0,0,1,7,30768,26967,39868,30251,29673,32461,21327,19119,26464,23827,2331,357,1
50000,1,2,2,37,2,1,0,0,-2,0,17440,17590,14563,12293,0,16136,1475,125,12689,10819,0,13883,0
200000,2,1,2,32,-1,0,-2,-2,-1,-1,32495,40261,0,0,33424,36924,23764,3707,0,0,12502,10441,0
130000,2,1,1,43,0,0,-1,-1,-1,-1,44598,50330,37456,41430,42003,36749,34635,49017,11483,3830,14295,22164,0
160000,2,1,1,64,-1,-1,0,1,1,1,42217,72648,68680,53304,64839,61452,38811,37825,52691,2508,4536,7261,0
140000,1,1,1,35,-1,-1,0,0,0,0,13415,11265,12136,14076,12301,10100,10668,9192,2309,5168,10463,5364,0
100000,1,3,1,32,-1,-1,0,-1,-1,0,57609,84068,75046,58470,59669,69912,39426,52383,52096,38442,53475,64221,0
130000,1,2,2,32,-1,0,0,0,1,2,47933,59408,38596,50228,62356,43840,20447,45640,24534,27527,4401,2516,1
150000,2,1,2,34,0,0,0,0,1,1,33257,37716,29770,39428,33572,39726,31313,21678,25206,33464,3218,2197,0
200000,1,2,2,31,-1,0,0,0,1,0,53052,47134,52310,39913,44395,48429,52325,19820,23013,22684,4558,48301,0
160000,1,1,2,34,0,0,-1,0,0,-1,22566,26557,21010,18794,18103,20892,20113,7474,16117,7243,11654,12638,0
100000,2,2,2,36,-1,-1,-1,0,0,-1,28722,30166,26479,31352,30013,26187,23297,17393,15087,20367,21355,16483,0
100000,2,3,1,47,0,0,0,1,2,-2,51438,39554,48095,45332,49015,0,49308,28473,31570,214,792,0,0
180000,2,2,2,32,-1,-1,-1,-1,-1,-1,59883,61527,56677,70360,58606,56560,56626,35614,45280,31835,47893,55701,0
40000,1,3,1,47,0,0,0,0,0,0,23067,15433,27291,23763,18764,17335,5652,14617,22518,9237,9654,11286,0
190000,1,2,1,32,2,0,-1,-1,0,0,148444,90260,154079,133054,112637,109154,9115,62286,92003,72542,98720,32909,0
400000,2,3,2,33,0,0,0,0,-1,-1,176420,221422,182339,177952,234910,171522,173167,189702,98386,37428,212411,99583,0
190000,1,3,2,30,-1,-1,-1,-1,-1,-1,23746,19526,23903,21751,17736,23835,17409,7442,15748,21040,5067,11941,0
70000,1,3,2,33,0,-1,-1,-1,0,0,43977,30530,40405,38224,35049,25267,35682,5901,5454,26779,14789,14654,0
150000,2,1,2,35,-1,-1,0,-2,0,1,60590,46671,51628,0,49224,51852,39492,45995,31929,0,19123,5649,0
30000,2,2,2,35,0,0,1,0,-2,0,10176,9292,11998,9119,0,10906,9352,8864,212,8193,0,6777,0
110000,1,2,2,44,-1,0,0,-1,-1,-1,15316,16557,15141,18497,17581,18414,1580,12839,13813,6968,17128,15811,0
30000,2,3,1,40,0,0,0,-1,0,0,3194,2789,2182,2592,2440,2326,978,1534,2129,2154,1407,359,1
80000,2,2,1,40,-1,0,1,1,0,0,18300,21042,17072,15374,17070,18620,12010,9406,1808,918,15833,7860,0
100000,1,1,2,30,0,0,0,0,0,0,26026,27223,19539,27457,24250,21294,9739,6197,9259,26166,6839,19720,0
70000,2,2,1,36,0,1,0,0,0,0,8804,7525,10015,8918,6248,7420,1650,1427,6219,6777,4763,6501,0
40000,1,3,2,30,-2,-1,0,0,1,1,0,14563,17696,12418,16061,11954,0,9982,15889,6026,2572,418,0
210000,1,1,1,32,-2,0,-1,0,-2,-1,0,17197,16568,14918,0,18755,0,15165,10603,5730,0,2260,0
130000,2,1,3,58,0,-1,0,1,0,0,64247,64433,66876,40337,41081,65970,44442,34090,52038,1809,34314,50911,0
70000,2,3,2,31,0,-1,0,0,0,2,16786,15379,16683,13531,15567,11733,9733,9286,3628,9388,4142,631,0
40000,1,2,1,31,-2,-1,-1,0,0,0,0,37331,33612,29813,30558,28237,0,32975,23333,22538,22689,18884,1
120000,2,2,2,58,0,0,0,0,-1,-1,20473,16271,16492,14834,15681,15156,11973,11355,8889,10266,9013,12111,1
60000,2,1,2,41,-1,-1,-1,-2,-1,-1,1881,2543,2448,0,2161,2416,1259,1541,153,0,870,1115,0
250000,2,2,2,49,-1,0,0,-1,-1,-1,67795,73236,59293,65817,67778,59308,62258,10634,46105,50308,47239,46581,0
130000,1,2,1,36,0,0,0,-1,-1,-1,41832,46532,38278,27044,50211,38236,28699,32024,29705,15049,28130,26186,0
110000,2,1,1,36,1,0,0,0,-1,-1,63327,55197,53948,75789,66034,54562,34082,52176,21989,74669,31270,23471,0
90000,2,2,2,32,0,0,1,1,0,0,45173,34890,46970,36770,39132,46180,19390,10014,983,4555,29850,22379,0
90000,2,2,1,37,0,-1,-1,-1,0,0,13729,21975,15671,18344,15893,15161,9215,2770,9182,8237,11254,14411,1
60000,2,1,1,30,0,-2,1,0,1,2,42236,0,31748,43456,30696,41190,37160,0,1801,13888,4504,5996,0
110000,2,2,2,35,0,-1,-1,0,0,1,51042,29041,41455,37254,42568,44374,13047,19752,27259,20142,30738,940,1
100000,1,3,2,46,2,1,-2,0,0,0,23089,32314,0,32191,28745,26900,194,5686,0,26623,16716,15821,1
290000,2,1,2,35,-1,-1,-1,0,0,0,100227,80433,65162,76453,78938,57398,71862,34119,30526,53195,25899,34299,0
160000,1,2,2,33,0,1,0,2,0,0,117975,83036,106726,93403,82562,83656,102106,4860,24769,7675,44901,37630,0
230000,2,2,2,48,0,0,0,-1,-1,-1,101634,97224,85781,98326,84859,94229,71262,45558,59842,43836,33134,89524,0
150000,2,2,2,40,-2,0,0,-1,-1,-1,0,57737,40877,59249,40270,44737,0,32041,12936,27618,2830,19221,0
220000,2,2,2,40,0,0,-1,-1,-1,-2,71482,86082,83276,72715,54555,0,49429,65094,39122,66609,21147,0,0
70000,1,1,2,36,0,-2,0,-2,0,0,9128,0,9094,0,9620,7997,4367,0,8280,0,8039,4288,0
120000,2,1,1,47,-1,-1,-1,-1,-2,-1,54124,70391,50056,57409,0,57411,32632,65803,24169,15197,0,42689,0
150000,2,3,2,31,0,0,0,0,0,0,80001,68979,35838,78435,102804,84740,28678,12426,9826,59036,75150,73468,0
200000,1,2,1,59,-2,-1,0,0,0,0,0,44585,43721,46647,51156,51460,0,36950,26090,37840,45457,26399,0
50000,2,2,2,37,-1,0,1,0,1,-2,2904,2966,2426,2500,1613,0,1770,1847,226,2117,969,0,0
40000,1,1,2,31,-2,-1,-1,-1,-1,-1,0,14355,12061,13633,13029,13457,0,13232,5631,9439,7254,11832,1
50000,2,3,1,31,0,0,0,0,0,1,23092,18167,23767,22794,19539,21429,16320,7023,7351,10239,16195,4098,1
110000,1,2,1,32,0,0,0,0,0,0,19674,28158,17946,21208,24974,23173,14335,3306,10259,15855,18015,20578,0
60000,2,3,2,38,0,0,0,2,3,1,33934,42030,42876,34294,35943,30947,31014,31460,9820,585,1299,2523,0
290000,2,3,2,55,0,-2,-2,1,-2,0,25621,0,0,19107,0,34004,12012,0,0,248,0,27928,0
50000,2,2,1,40,0,0,0,-1,0,0,16392,16885,12938,16343,12318,13726,13424,6896,6534,7739,5027,11290,0
50000,2,2,2,35,1,0,1,0,0,0,25553,31245,21871,29250,28904,26220,1024,28695,7459,25066,13157,20072,0
80000,1,1,2,35,0,0,0,0,0,-2,10593,11234,11620,11559,10210,0,3230,10787,3782,8448,6780,0,1
70000,2,2,2,32,0,0,0,0,-1,-1,10844,15672,15468,17306,14121,15169,7607,14487,12136,7401,4796,12849,0
70000,2,1,2,30,-1,-1,-1,0,0,-1,28183,19654,28893,24630,26609,21530,13945,9601,14080,13788,10406,18440,0
170000,1,1,1,35,0,-1,-1,-1,0,-2,24469,16581,24668,20050,23106,0,9993,13975,11779,17068,10550,0,0
110000,1,3,2,50,0,0,-2,0,-2,0,35426,33862,0,31686,0,33966,24432,25351,0,21122,0,15828,0
100000,2,2,1,30,-2,-2,-1,0,0,0,0,0,53177,42548,44305,45241,0,0,44096,35922,10121,28138,0
90000,1,1,1,35,-1,-1,0,0,0,0,34405,34492,32813,34495,38144,29641,5291,27843,21939,20994,23140,14402,0
60000,2,3,2,35,-1,-1,0,-1,0,-1,7980,6462,6921,6710,6485,6364,7098,2494,5028,6219,2923,3965,0
240000,2,1,2,33,0,-1,0,0,0,-2,81033,86384,77503,77313,68787,0,58252,62057,45143,63344,20356,0,1
90000,2,2,2,36,-2,0,0,0,1,0,0,11207,11673,11606,11592,12105,0,4221,7921,7490,1172,11796,0
310000,2,2,1,34,0,0,0,0,0,0,78628,70417,72643,57412,61978,65013,47545,54473,56663,35679,39352,11076,0
90000,1,2,1,30,-2,0,-2,0,-1,-1,0,15328,0,18542,20951,21278,0,9033,0,12549,847,10120,0
90000,2,1,2,33,0,-2,0,0,0,0,39301,0,46257,48933,42537,41908,9285,0,29663,44731,26345,8630,0
310000,2,1,1,34,-1,0,0,0,0,-1,58445,55548,52748,40276,49241,56621,31933,49624,10270,12483,41514,41570,0
200000,2,1,2,36,-2,0,1,1,0,0,0,98699,83549,84358,96986,67912,0,84475,1198,2662,76617,35917,0
100000,2,1,2,35,-1,-1,0,0,-1,0,8090,8945,11821,10170,10619,12200,6470,3930,3405,1558,7442,10349,0
150000,2,4,2,40,0,0,0,0,0,0,87150,71322,85692,73071,73423,79786,55924,56372,62348,19223,59409,44291,0
700000,2,1,2,31,-2,0,-1,0,0,-1,0,82800,112437,90238,93884,92742,0,63122,88234,70390,81013,41904,0
50000,2,1,2,35,0,0,-1,-1,-1,-1,6788,7165,7893,6140,7590,7988,5574,5990,3762,3543,5249,4662,0
90000,1,2,2,41,-1,-1,-1,0,0,1,1836,1401,1660,1616,1522,1537,1424,805,53,1325,724,58,0
240000,1,1,1,32,1,0,0,-1,-1,0,129907,181350,129296,127392,119249,164202,8187,9570,61443,65650,56676,98883,1
70000,2,2,1,36,-1,0,0,1,0,-2,46687,36480,45182,30345,48389,0,28857,20808,32227,697,23324,0,0
240000,2,3,1,54,0,0,2,1,0,-1,123744,115839,134792,100970,132595,117898,99365,95949,5207,35344,82373,51580,0
90000,1,2,1,38,-2,0,0,0,0,0,0,33189,31503,36847,29825,34711,0,29779,4790,30081,10422,25657,0
120000,2,2,1,35,-1,-2,0,-1,-1,0,72750,0,106288,91216,75956,64482,72024,0,58953,40397,35178,38376,0
240000,1,2,2,39,-2,1,2,1,0,3,0,59558,58922,64681,67112,61687,0,569,6255,1816,37626,3489,0
40000,2,3,2,35,2,2,2,2,1,2,10555,10363,9741,10813,8582,8821,1149,687,811,296,600,1135,1
70000,1,2,1,41,0,0,0,0,0,0,35307,29648,32171,33202,31759,38298,19854,20609,18515,23549,19389,35534,0
70000,2,1,2,34,-1,-1,-2,0,0,0,13299,10292,0,7991,9487,9417,5932,3290,0,6100,6639,1034,0
130000,1,2,2,40,1,0,0,0,-1,0,106311,90077,92738,115381,98284,64495,14318,72926,61672,84548,19901,54298,0
120000,1,3,2,33,1,1,0,1,3,2,88632,114542,91641,56264,101276,79765,628,5138,69385,4659,13177,1182,1
150000,1,1,2,39,1,1,1,0,0,0,41893,53951,55470,40903,40912,39548,600,3977,11657,18983,20762,25049,0
70000,1,3,2,46,-1,-1,-1,0,-1,-1,36658,26778,28629,41047,28973,29055,18507,24130,15074,12441,23836,16044,0
140000,2,3,2,32,0,-1,-1,-1,0,0,57823,51824,36427,54005,44430,65799,41296,40686,26066,28513,25608,28039,0
200000,2,1,2,32,0,0,-1,0,0,0,5931,5761,7024,7497,8831,7503,2347,5156,3311,1410,8056,3819,0
40000,1,1,2,38,0,1,1,0,0,0,2471,2224,1821,2276,2171,2236,1347,473,214,1181,1942,1945,0
100000,2,2,2,42,0,0,0,0,0,0,21483,25223,27709,30001,29944,25807,19180,11944,8599,22023,7960,11031,0
120000,2,2,2,30,-1,0,1,1,0,0,39774,44715,28312,31690,38269,45652,18164,11631,1429,3268,19230,27208,0
70000,1,1,2,32,0,0,0,-1,0,0,24529,27132,33295,21630,25785,24163,17135,18856,23101,9204,16582,16585,0
60000,2,2,1,42,1,1,0,-2,-2,0,33848,30659,24025,0,0,32982,6137,2911,23421,0,0,25053,0
80000,1,2,1,31,0,0,0,0,0,-2,46608,63278,46874,63358,60217,0,33078,47891,39093,59634,29818,0,0
50000,2,1,1,30,-1,-1,-1,-1,-2,-1,12525,11918,11426,11129,0,9183,3316,9583,7537,8249,0,1632,0
70000,1,1,2,38,0,0,0,-1,0,-2,1734,1390,1457,1104,1451,0,1061,1235,952,901,189,0,0
120000,2,1,1,31,0,0,0,0,0,0,21278,24544,17917,18112,27466,16294,5161,17467,17564,3228,20199,11293,0
110000,2,3,2,34,-1,-2,1,0,0,0,64584,0,48990,42824,34420,47792,25472,0,7471,32995,29066,41511,0
170000,2,3,2,34,0,0,0,0,0,-2,42551,48260,53856,32055,43149,0,36583,17686,36281,24079,26541,0,0
420000,2,1,2,34,0,0,0,0,0,-2,166319,168156,166897,144039,140683,0,46343,112573,118868,43252,97202,0,1
120000,1,1,1,47,1,1,1,1,0,1,129227,105978,95885,116765,108073,93264,4941,8567,30338,6150,98259,2912,0
130000,1,2,1,36,0,0,-1,-2,-1,-1,91442,74160,73531,0,51673,66133,35766,25995,46158,0,22407,11729,1
90000,1,3,2,46,0,-1,-1,0,0,1,42128,40680,26753,39288,34310,41463,23234,19023,21116,10846,1905,4281,0
80000,2,1,1,41,-2,-1,0,0,0,1,0,27484,26404,20364,17441,20710,0,6108,20076,11088,3597,862,0
180000,1,2,1,47,-1,0,-1,-1,-2,-1,50946,55347,67357,65969,0,71664,15689,31636,52470,55864,0,52954,0
340000,2,2,1,47,0,0,0,-1,-1,0,72158,53967,57513,52420,78194,50921,63726,45358,30991,38565,44776,22481,0
80000,2,2,1,37,-1,0,-1,-1,-1,-1,29745,24675,27372,30357,23482,34496,17177,5516,18527,19652,4607,19086,0
310000,1,2,2,32,0,0,0,0,0,-1,83250,78737,87531,80496,73046,84523,58128,36949,56532,6843,24671,66118,0
60000,1,1,2,48,0,0,-2,0,1,1,15586,16366,0,13068,14438,11207,14246,12882,0,6406,851,298,0
140000,2,1,2,37,-1,-1,-1,-1,-1,-1,15083,19483,12051,16044,15871,12273,10704,16480,11653,9786,7515,3856,0
250000,2,1,1,32,0,0,0,0,0,0,137861,173373,120378,129068,161802,152503,135726,123309,81467,113265,147862,53650,0
50000,1,2,1,35,0,0,1,2,2,1,38735,41812,28232,33908,33833,29371,18106,27079,358,6609,233,5580,0
60000,1,1,1,43,-1,0,0,0,-2,1,26589,28686,28145,27021,0,20694,16513,21715,10672,22678,0,2469,0
120000,2,2,2,38,-1,0,0,0,0,-1,50024,54870,47547,57813,44518,45986,35915,14130,17142,37461,39435,32919,0
130000,2,1,1,31,0,1,1,0,-1,-1,49825,58727,60235,51209,67685,50970,15190,2196,1057,38206,35297,27525,0
90000,2,3,1,31,0,-1,0,0,-1,0,51393,50616,48145,50079,61838,39529,43166,24565,32187,33118,50988,24491,0
80000,1,2,1,40,0,0,0,0,-2,0,47989,50878,41545,31321,0,26277,24155,35237,12584,31131,0,18912,0
160000,2,1,1,43,0,0,0,0,1,1,23548,25381,16657,21740,21853,20308,6242,18371,12996,19270,80,190,0
150000,2,1,2,30,0,1,-1,0,0,0,71312,46631,61279,58845,58904,62253,50246,455,31031,53207,23348,43357,0
90000,1,2,1,44,0,0,0,0,0,0,66570,71327,72520,48596,50957,61214,13813,45478,20540,18152,42239,36579,0
40000,1,1,2,32,-2,1,0,-2,-1,0,0,6764,6878,0,5184,7232,0,468,4278,0,4929,914,0
290000,2,2,1,33,1,-2,0,0,-1,-1,155289,0,149407,139310,143460,156758,7203,0,85254,119079,87155,98284,0
110000,2,1,2,46,-2,-2,-2,0,0,0,0,0,0,65328,62417,80243,0,0,0,38803,32836,56090,0
110000,2,2,1,45,-1,-1,1,1,1,-2,33909,39820,40148,33320,39807,0,17364,7723,2784,679,2181,0,0
20000,1,1,2,34,0,1,1,0,-2,2,16207,15724,14841,14805,0,15888,12613,2885,942,8984,0,448,0
260000,1,1,2,49,0,-1,-1,1,0,-1,73671,90309,70444,79399,77120,84858,56011,7609,51125,12457,73273,74040,0
80000,2,2,1,42,0,1,2,1,0,0,36258,32083,41828,34433,39249,30140,22141,2273,611,1502,32838,13984,0
260000,2,2,1,44,0,0,0,-1,-1,-1,45826,52993,46081,60462,54378,34167,20140,31232,39439,34368,12736,8518,1
90000,2,2,2,38,-2,0,0,0,0,0,0,57242,52718,58589,52991,49480,0,24926,5667,57623,35543,22108,0
160000,2,2,1,35,-2,0,0,0,0,0,0,23293,17933,23814,21882,17035,0,3479,10494,14629,8621,8751,1
40000,2,1,2,53,1,1,0,0,0,0,34970,31852,25262,30198,27105,32246,7463,6170,22052,18174,20744,27332,0
110000,2,2,2,52,0,-1,0,0,0,0,1017,929,1018,1066,632,1070,468,466,337,447,538,968,0
70000,1,2,1,30,-1,0,0,0,0,-1,14367,12808,14854,12831,17936,14861,12882,7930,8881,10665,13848,8609,0
120000,2,1,2,37,-2,0,-1,0,-2,1,0,16547,20686,21623,0,17411,0,10944,9479,16640,0,3052,1
230000,1,1,2,44,0,1,0,0,1,1,15838,19129,12527,15778,14092,15355,9291,375,10558,14592,5283,130,0
270000,2,2,2,34,0,1,1,0,0,0,84906,103844,67270,80732,73819,77548,68295,24917,7738,41887,46298,57125,0
120000,2,1,1,34,-1,-1,-1,-1,-1,-1,24328,20322,22424,17669,19367,22871,17113,8385,12390,15342,15806,17711,0
60000,1,2,2,34,0,0,0,-1,0,1,37453,38109,28883,39650,32378,31983,20016,8643,22645,25667,28898,3947,0
300000,1,2,2,31,0,1,0,-1,-1,-1,111246,135672,136986,127126,111010,154104,106097,31687,92162,124458,43016,151883,1
320000,2,2,2,49,2,0,-1,-1,-1,-1,172005,153917,166071,142386,184469,147042,9474,74751,112537,104164,146054,119578,0
100000,1,1,1,64,-1,-2,-2,0,0,0,69683,0,0,60264,61945,63753,47949,0,0,45228,52086,35924,0
50000,2,2,2,51,0,0,0,0,1,1,16746,14529,18213,15165,16005,15195,7213,5748,14450,12286,1820,819,1
60000,1,2,2,31,0,0,1,2,2,2,24020,26653,23216,18806,19935,19376,19940,10371,3483,1068,2116,84,1
210000,2,1,1,35,-1,-1,-1,-1,-1,-1,58588,69862,58674,48730,48702,55962,36831,38200,12328,42147,46575,47577,0
1000000,1,1,1,43,-1,-1,0,-1,-1,-1,35006,41555,41598,43830,42133,36054,19584,34239,39288,21721,33824,34413,0
100000,1,1,2,38,1,1,0,0,0,-1,53441,56401,44476,39035,47944,43863,2568,7078,26405,3013,15091,38343,1
70000,1,3,1,44,0,0,0,0,0,0,17820,19595,14678,18667,17174,16408,15170,15181,7192,10616,7401,15200,0
50000,1,2,1,32,0,0,-2,-2,0,0,18143,14200,0,0,19649,16434,14022,7883,0,0,9557,5064,0
80000,2,3,1,31,0,0,-1,-1,-2,-1,20143,19754,20409,20052,0,12771,13398,18577,16215,10307,0,5561,0
380000,2,1,2,32,-1,-1,-1,-1,-1,-1,94134,121407,120810,76063,108631,89467,44202,89323,80225,28668,98781,36169,0
80000,2,1,2,37,0,0,0,2,1,1,14795,11887,12606,16417,15443,11202,3376,5396,9673,1158,1123,370,0
30000,2,2,1,32,0,-1,0,1,2,6,7554,11984,10732,12084,11890,10045,5892,8771,9425,954,799,590,0
180000,2,1,1,32,0,0,0,0,-2,1,174084,130526,132169,131064,0,161421,90208,107750,106581,52188,0,11983,0
80000,2,1,2,41,0,0,0,1,0,0,71516,70211,66847,51901,55249,56529,64921,69353,62002,15934,41657,28554,0
30000,1,3,2,34,1,-1,0,-2,0,0,24348,26044,23946,0,22661,18706,1491,23072,10373,0,15007,14772,1
90000,2,2,1,32,0,1,1,0,0,0,60980,41501,50685,52822,70009,59295,13402,17334,9817,33593,68890,45388,1
50000,2,1,1,64,-1,-1,-1,-1,0,0,12059,10121,11839,13298,10153,9942,8020,4697,7387,10233,9098,3440,0
140000,2,1,1,34,3,1,1,1,0,0,41482,34770,37600,37962,32146,26979,2153,7827,1159,835,8812,17978,1
40000,2,1,2,40,0,0,0,-2,2,2,34160,24377,27944,0,28097,23779,7791,19788,21894,0,1018,7711,1
100000,2,2,3,39,0,0,0,0,-2,0,46072,46840,41685,38008,0,38529,33790,34190,14464,26918,0,23129,0
200000,1,2,1,40,1,2,3,6,1,0,21003,27180,30202,24819,21033,19056,3497,2793,1993,485,3266,10599,1
70000,2,2,2,39,1,2,1,1,0,0,39631,40781,41572,27924,35058,31440,4092,335,223,1424,25178,10042,1
110000,1,3,2,49,-1,-2,0,1,1,2,67710,0,61112,61366,61551,51525,20968,0,26378,1143,9922,4884,0
250000,1,2,2,35,1,1,0,0,0,0,158432,128716,150873,144540,118894,124033,24577,2985,131982,69083,109357,83904,1
70000,2,1,2,37,-1,0,0,0,-2,0,13337,27337,21778,22267,0,22309,3890,12838,13523,5200,0,2794,0
150000,2,2,2,30,1,0,0,0,0,0,59013,78502,56741,68543,44102,63418,2137,33787,7850,49712,21696,48889,1
50000,2,1,1,34,-1,-1,0,0,-2,1,12083,12324,6957,12744,0,6711,4555,6006,4781,7602,0,18,0
170000,2,3,1,37,-1,-1,-1,-1,0,0,5541,5041,5143,4396,4068,3248,4658,3304,1379,1854,3378,2423,0
210000,2,2,2,33,0,0,-1,-1,0,-1,100841,73097,79315,97751,69140,67043,45934,64911,27275,67005,44242,53983,0
220000,2,2,2,41,-1,0,0,0,-1,-1,30538,30425,22956,33510,29856,21142,6155,10911,9065,31176,21367,9905,0
40000,1,3,2,33,0,0,0,-1,-1,-1,23248,23845,21811,17072,20041,21617,12816,19085,10915,12985,7858,20140,0
50000,1,2,2,38,1,0,0,1,1,0,26591,30873,29850,22657,24092,25934,1933,23918,16329,799,846,23247,1
220000,2,2,1,47,0,0,-2,0,-1,-1,167059,172346,0,165531,169155,177994,69776,126275,0,111721,83544,76456,0
100000,2,2,1,34,-1,-2,0,0,-2,-1,23235,0,20275,15463,0,20074,12528,0,17870,8307,0,13753,0
670000,2,1,2,45,0,0,0,0,-1,-1,139679,112390,164663,129502,173722,136512,95708,77687,115401,82697,115742,88820,0
110000,2,3,2,66,-1,-1,-1,-1,0,0,46961,31957,48887,39635,39890,37291,33531,24282,20636,30662,34664,23259,0
220000,2,1,2,40,0,0,0,0,0,0,8141,9353,5891,8384,9701,7509,1291,3485,4238,2005,5745,3314,0
80000,2,1,1,60,0,1,1,1,0,0,23531,31232,21589,21772,22694,22441,12202,1478,4413,2530,8518,9941,0
30000,1,1,1,42,-1,0,0,0,1,1,9265,10641,10248,9953,10155,10458,3670,9134,6575,9520,478,383,0
140000,2,2,1,31,-2,0,-1,0,0,-1,0,12487,9788,13637,16310,11393,0,5969,7821,12233,1829,8905,1
190000,2,1,2,50,-1,-1,-2,-1,-1,-1,129415,115044,0,118359,116952,102736,93215,92420,0,66568,18717,79433,0
80000,1,2,1,48,0,1,1,1,0,0,29721,29946,23038,21308,31149,23756,22307,6273,439,1793,12085,13976,0
180000,2,1,1,40,1,1,0,0,0,-2,108660,111179,123401,126154,106314,0,2023,22129,69883,107200,47534,0,1
150000,2,2,2,34,0,-1,-1,-1,-1,-1,41969,47027,48216,31339,36806,37858,28627,41518,41408,25237,31708,18849,0
40000,1,2,2,36,0,0,-1,0,0,1,1723,2041,1838,1691,1719,2452,1014,1764,1137,813,1688,89,1
100000,2,1,2,30,2,2,2,1,0,-2,13979,13492,16554,17995,12431,0,2171,202,2249,340,6136,0,1
100000,1,2,2,37,0,0,0,0,0,0,50820,41444,40832,47723,52900,48974,34150,19598,22181,17005,46433,9539,0
490000,2,1,1,32,0,0,0,0,-1,-1,220861,234871,246562,221402,210154,224194,118517,182472,18194,91346,148458,138078,0
70000,2,2,1,31,0,-1,-2,-1,-1,0,40095,28566,0,30017,34411,29123,33370,21897,0,19283,29658,3156,0
110000,2,2,2,45,-2,0,0,1,0,0,0,40122,42031,51826,48724,42917,0,37588,17298,1846,42632,22707,0
90000,1,1,1,35,2,0,1,0,0,0,36397,33467,31049,36707,31606,33403,9526,11210,2955,27190,18338,11745,1
60000,2,2,2,30,0,-2,0,-1,-1,-1,14440,0,17451,11286,13901,14698,5837,0,10778,6783,6062,4602,0
60000,1,1,1,47,1,0,0,0,0,0,25443,28830,26137,36163,28860,28649,340,15782,22653,28769,26395,19668,1
90000,1,2,3,37,0,0,0,0,0,0,2779,3436,3055,2802,3701,2849,1761,2443,2546,758,1950,1424,0
250000,2,2,2,40,-1,-1,-1,-1,-1,-1,140392,146034,154746,139212,180864,120370,124880,102952,55173,80899,78617,94432,0
310000,2,2,2,32,0,1,0,0,-1,-1,220588,184307,222491,153401,188173,174472,140524,17564,113670,37005,162309,120344,0
110000,2,1,1,32,0,0,0,0,1,0,27116,23612,20022,23670,25688,22828,16383,16097,12187,12856,616,13570,1
60000,2,1,1,31,-2,1,-2,1,1,1,0,12617,0,13050,13962,14994,0,185,0,3974,344,422,0
90000,1,2,2,32,-1,-1,0,-1,-1,-1,15413,20324,12373,17427,14549,17236,9813,9449,10551,7251,7122,4799,1
90000,2,3,1,31,0,0,0,0,2,1,29397,33601,29926,26668,26549,20657,22334,12734,3679,24350,2821,1228,1
100000,2,2,1,34,1,0,-1,-1,-1,0,24621,25968,23310,25244,19296,18100,156,21648,10077,11204,11361,16340,1
70000,2,1,1,39,0,0,0,0,0,0,21607,17511,16302,15123,17580,18792,10175,13613,15828,13652,8673,14357,0
190000,2,2,1,54,-2,1,0,0,0,0,0,36564,43083,41460,41304,36807,0,15158,38204,28369,12694,22919,0
130000,1,1,2,31,-1,0,0,-1,-1,-1,34117,34007,35251,33197,37609,44363,8203,16084,12575,29220,32341,17436,0
40000,2,3,1,61,0,0,0,0,0,-1,18024,18843,14154,13769,15297,20235,14986,15896,11033,1456,3241,13346,0
70000,1,3,1,36,0,-1,0,0,-1,0,25564,20180,25822,23514,25603,20888,23667,12846,7546,1199,13946,15645,0
30000,1,2,3,37,0,0,0,0,-1,0,10170,9810,9261,10312,6409,8617,7686,8078,4159,9680,5975,5264,0
700000,2,1,1,35,0,0,0,0,-1,-1,325250,339325,323497,349746,341971,341617,233218,261613,142651,262399,240614,42411,0
100000,2,1,1,48,-1,-1,0,-1,-1,-1,25647,18975,27882,26694,28561,30738,16286,12209,26096,17689,26764,6722,0
100000,2,1,1,36,-1,-1,0,1,1,0,20245,22953,16433,16193,18667,26779,5613,18873,3379,4211,1155,8232,0
90000,1,1,1,65,1,1,1,0,-1,-1,18194,20022,11059,17654,19810,15106,256,307,1469,7880,16965,8996,0
400000,1,1,1,35,0,0,0,-1,-1,-1,27573,25406,31691,25300,24654,16775,17228,6812,22769,7651,22578,8315,1
60000,2,1,2,47,0,0,0,0,1,0,22313,19868,24337,19819,25223,23171,14735,14448,10900,9587,88,6722,0
420000,1,2,2,50,-2,0,0,0,-1,0,0,178442,218537,235054,183289,196099,0,127986,85356,126584,163800,33450,0
20000,2,2,2,31,0,0,-1,0,0,0,3595,2849,3690,3134,3050,3393,3185,1404,1846,2547,2270,1371,0
20000,2,1,2,38,0,-1,0,0,0,0,4848,5469,3758,4359,5244,3540,2794,4328,1057,4160,1052,2198,0
50000,2,1,2,79,2,1,0,0,-2,-1,17690,18898,16571,16189,0,19080,897,3023,12501,6581,0,14191,0
30000,1,1,2,32,0,0,0,0,1,1,7601,7544,7611,6065,7074,5631,4074,4370,6576,5190,1914,778,0
80000,1,3,3,42,0,-1,0,-1,-1,0,11441,8264,12161,10568,11093,10868,8781,4404,7898,7859,2357,8229,0
260000,2,2,2,30,-2,0,1,-2,-2,1,0,20108,20133,0,0,16119,0,16052,149,0,0,111,0
60000,1,1,1,31,-1,-1,-1,0,0,0,3250,2956,3675,3062,2470,2954,1949,2584,1238,2368,2456,1319,0
240000,2,2,2,30,0,0,0,0,2,1,30190,29922,35536,38211,26563,30664,27342,13656,9472,12969,1300,1076,0
130000,2,2,2,30,0,0,1,0,0,0,81447,75593,59705,72054,60268,70660,49847,55819,15229,56245,17200,53689,0
200000,2,3,2,40,0,0,-2,2,1,1,74969,109033,0,93635,65557,79512,25353,46028,0,6285,6013,2840,1
150000,2,3,1,30,0,0,0,1,1,2,111077,104207,101514,93051,81784,69052,78244,89852,66989,2995,12209,3787,0
60000,1,2,2,30,2,0,0,-1,0,-2,18605,22527,20489,20989,23046,0,2755,6879,15789,7139,21149,0,1
80000,2,1,1,30,0,0,-2,0,0,0,14087,22171,0,13359,14199,16619,10377,18061,0,10728,3913,10950,0
140000,2,2,2,41,0,0,0,0,0,-1,58533,42602,52845,57629,55587,57698,36867,32254,29872,24900,22635,20703,0
110000,1,1,1,33,1,1,3,1,0,0,63983,59371,74318,59742,50211,52228,2806,1725,392,21196,12937,41537,1
120000,1,3,1,38,0,1,0,0,0,0,71357,56841,65444,61635,83090,63340,65096,11865,15917,28026,74163,43175,0
160000,1,2,2,30,0,-2,0,1,1,-2,14642,0,10692,14791,12619,0,8212,0,5161,90,1148,0,0
190000,2,1,2,48,0,1,3,3,2,1,169947,183134,151909,178491,177239,139898,109385,5613,19660,3412,21046,4553,1
90000,1,2,2,40,1,0,2,0,0,0,37170,32856,39476,35840,41639,52749,1706,21250,806,28549,14430,44486,1
340000,1,2,1,32,0,0,-1,-1,-1,-1,54984,54144,51033,60193,51933,40413,15389,20525,41616,53682,32486,22231,0
40000,2,2,1,55,2,0,1,0,1,-2,23271,24431,31863,25613,20257,0,2375,15513,696,7172,1531,0,1
230000,2,4,1,33,0,0,0,0,0,0,37361,62437,48703,48450,44718,34471,31262,43039,7878,34544,14534,25850,0
70000,2,2,1,38,1,0,0,0,0,1,27241,30030,30034,28820,34459,29930,4232,21201,16943,25304,14644,981,0
80000,2,1,1,37,1,-2,0,0,1,2,48630,0,45173,41407,47901,45735,3558,0,31518,6195,1164,5834,0
190000,2,2,1,33,-1,-1,0,0,-1,-1,10039,17038,13656,14068,14595,16375,6726,7551,7792,6922,12538,12835,0
90000,2,1,1,49,0,2,0,0,0,0,61264,68698,39245,48609,58174,40773,55838,2251,28946,15729,27578,36244,1
90000,2,1,1,33,0,0,0,0,0,-2,9210,9875,10307,7974,8924,0,2737,6378,9812,2864,6048,0,0
30000,1,2,1,32,-1,-1,-1,-1,0,0,10078,11649,13508,12992,9652,10081,6242,5396,8980,10952,2967,8413,0
140000,2,4,2,41,0,0,0,0,0,-1,65184,55720,55245,58774,51325,55830,47608,50010,40476,55584,42182,32492,0
210000,1,1,1,38,0,-1,-1,-1,-1,-1,27263,36328,26244,23276,30500,27075,21647,28105,15467,19035,19339,10208,0
80000,1,2,1,36,0,0,1,0,0,0,24571,24262,28903,29487,19558,23559,12175,5106,6158,12824,16542,13573,0
240000,2,2,2,32,0,0,-1,-1,-1,-1,20315,14088,20065,18444,18730,16710,19091,11916,18329,10500,12904,4235,0
80000,2,3,1,42,-1,-1,-1,-1,-1,-1,28128,36351,31468,39087,36456,32517,18281,29038,23952,18696,29740,23955,0
160000,2,2,1,41,0,0,-1,-1,-1,-1,111409,88027,91582,73021,76411,94640,87173,81202,82382,65457,34040,44362,0
50000,2,2,1,41,0,1,1,0,0,0,11560,12418,10764,13033,9892,11559,11426,1292,1756,11151,3948,1724,1
280000,2,1,2,40,0,0,0,-1,-1,-1,33562,32372,31304,33290,28312,31543,28738,21458,21409,29551,15253,11972,0
70000,2,2,2,32,0,0,0,0,0,0,32699,51291,37204,39774,33114,41095,26597,21034,31179,30552,31815,37042,0
90000,2,1,1,33,0,0,0,0,2,1,47155,40900,42901,40441,38052,40378,31704,26078,31545,34459,279,4852,1
20000,1,1,1,45,1,1,2,1,-2,0,5082,5385,3735,4389,0,4200,354,735,177,58,0,3975,1
140000,1,2,1,45,0,0,0,1,0,0,31036,26771,24538,29167,22902,25857,13460,21093,10763,931,10277,20698,0
100000,1,2,1,33,0,0,0,0,1,0,59706,63869,53671,45929,54352,57328,29994,51331,26753,24648,6634,42707,0
140000,2,2,2,38,-1,0,-1,-1,0,0,60914,85359,87015,77370,77947,74133,46856,61257,60418,27405,28408,46856,0
50000,2,3,1,33,0,2,1,0,2,1,14429,20939,12638,16446,20561,15513,11981,1419,384,13177,1410,89,0
190000,2,1,1,46,1,0,0,-1,-1,-1,47086,38865,54250,43946,39474,37546,1668,19833,37652,27793,12218,31395,0
90000,1,1,1,43,0,0,1,2,3,2,4940,4685,4907,4120,3844,4383,3634,2917,1059,570,329,604,0
90000,2,2,2,33,1,-2,-1,-1,0,1,56447,0,49398,34012,42154,48256,1116,0,20064,26177,33428,1821,1
210000,1,1,2,62,1,0,0,0,0,-2,55238,71065,65077,78386,58982,0,3906,67905,33416,33803,12926,0,0
100000,1,3,2,40,0,-2,-2,1,1,1,23170,0,0,29985,20648,29189,7810,0,0,6005,27,2203,0
140000,2,1,1,35,0,-1,-1,0,-1,-1,42012,38066,39098,49128,44216,43643,11583,37073,16523,40424,34036,19371,0
170000,2,2,2,32,2,0,0,0,-1,-2,86381,91094,78229,72468,70580,0,1982,80107,59243,40114,43885,0,1
140000,1,2,2,41,0,0,1,0,0,2,28647,35454,30346,25270,28560,36845,5876,15236,3330,21858,17936,7864,0
260000,2,2,1,31,0,0,1,0,0,0,71671,95470,84875,91734,88694,78288,62419,90505,7773,66426,68575,64196,0
180000,2,3,2,49,-1,-1,-1,0,-2,0,82193,48253,56520,50330,0,50804,62293,17277,49086,43823,0,12154,0
250000,2,2,1,38,0,0,-1,-1,-1,0,24726,21092,22855,19417,25078,18564,24286,11323,6300,14545,11717,7178,0
120000,1,2,2,39,-1,-1,-1,0,0,0,26229,30077,30365,35432,28794,27498,9129,25893,29718,7746,12199,2857,0
160000,1,4,2,33,0,-2,-1,-1,-1,-1,52613,0,66752,68956,57034,58151,39705,0,22058,55434,29698,42545,0
290000,2,2,1,36,6,2,1,2,1,-1,144632,123471,112826,134811,129101,113740,4645,1762,2295,15561,22532,74797,1
40000,2,2,2,41,0,0,1,2,1,0,9574,10158,9266,9675,10563,8278,5104,6632,213,220,800,4311,0
20000,2,3,1,47,0,1,0,0,0,0,12684,11091,8987,8767,8705,9699,5096,2697,5024,3372,5470,8441,1
50000,1,2,1,62,-1,0,0,0,0,-2,713,561,493,672,647,0,561,536,140,264,292,0,0
100000,2,1,1,34,0,-2,0,0,-1,-1,45206,0,35657,43203,50737,39316,29053,0,23951,22780,43454,19578,0
280000,1,2,2,41,1,2,2,2,0,0,112275,84769,69463,95863,94601,83448,2409,7356,938,19258,35557,27460,1
40000,1,2,1,31,0,0,-2,0,0,0,31461,27525,0,26404,32452,32051,25426,14196,0,21737,13552,10404,0
50000,1,2,1,38,1,1,-2,-1,0,1,29088,25400,0,24210,25687,25471,4508,5661,0,20679,15002,4471,1
300000,1,3,2,39,0,0,-1,-1,-1,-1,125207,153622,136950,102262,141509,105080,65108,61020,97842,38616,110459,12161,0
80000,1,2,2,46,0,0,-1,-1,0,0,8146,11059,9896,10037,11912,10593,6538,5681,7190,4128,6540,4757,0
90000,2,1,2,43,1,0,0,0,-1,-1,25232,24630,23630,31000,28559,22621,1330,12983,4330,22089,14352,9401,0
30000,2,4,1,31,0,0,0,0,0,0,26119,22144,22480,16460,19093,13024,17243,8656,9357,9017,6824,6577,1
180000,2,2,2,46,-1,-1,0,-1,0,0,155340,123858,136905,119945,145729,122532,116386,56523,83231,114092,142355,56858,0
130000,2,1,2,45,-2,-2,0,0,-1,-1,0,0,25885,28917,29815,19393,0,0,23354,9599,8775,12579,0
290000,1,2,1,58,-1,-1,-1,-1,-1,-1,186743,189905,178544,166067,166945,179126,181570,126637,108335,108010,143962,130343,0
150000,1,2,1,37,1,2,1,0,-2,0,87326,92471,100739,92363,0,98524,25053,6,1372,57866,0,58374,0
90000,2,2,2,36,0,0,0,0,0,-2,47688,51064,43511,47560,46244,0,42316,27704,33286,27012,16223,0,0
60000,1,2,1,38,0,0,2,3,1,-2,4978,4674,5593,5593,5234,0,1511,3897,660,638,1574,0,0
190000,2,1,1,37,-2,0,2,-2,-2,0,0,64187,70728,0,0,69072,0,46752,3944,0,0,42107,0
60000,1,2,2,33,0,0,0,0,0,0,9358,7149,9317,9575,5999,6486,5346,4181,5616,6258,1593,4219,0
80000,2,2,2,39,1,0,-1,-2,1,1,19854,21255,23682,0,21355,20931,2046,10313,22637,0,1711,5220,0
80000,2,2,2,48,-2,2,1,0,0,0,0,30867,27765,32267,26174,32959,0,130,3130,17739,25841,7620,0
790000,2,2,1,36,2,0,0,-2,0,-2,246160,262068,230196,0,281207,0,55126,89618,60620,0,196875,0,1
90000,1,3,1,30,2,1,0,0,0,0,51758,48989,36815,57836,62410,52525,2259,190,26685,30124,52622,41010,1
90000,2,3,1,32,0,0,1,1,2,2,65321,43288,63016,63709,44422,47600,60084,17794,179,11679,7477,780,0
60000,1,1,2,37,-2,2,1,1,2,2,0,13264,13503,10157,11550,13091,0,1480,1193,907,24,1598,0
20000,1,1,1,33,2,2,1,0,0,1,5458,5934,3992,4723,5180,3751,2176,192,173,3717,3079,270,0
240000,2,2,1,32,0,0,0,0,0,-1,66928,53738,39575,63284,61539,45162,35400,46201,24174,11259,36166,25072,0
290000,2,1,2,54,0,-2,0,0,-1,0,100829,0,114474,84769,125480,99631,80734,0,28153,64112,100525,85516,0
170000,2,3,1,61,0,0,0,0,0,0,66373,63935,47765,64262,62839,76754,22495,52642,16954,37956,44161,68285,0
160000,2,2,2,35,-2,0,0,-2,-2,-1,0,42751,37095,0,0,36306,0,14076,19128,0,0,27098,0
180000,1,2,2,70,0,-1,-1,-1,-1,-1,7928,8798,8825,7880,7679,7742,6078,4437,6431,4254,5820,4494,1
120000,2,3,2,34,-2,1,1,0,0,0,0,8823,10532,10214,11384,8461,0,342,2849,7256,6652,4002,0
320000,2,2,2,31,-1,-1,0,0,-1,0,39662,62983,58637,42186,45273,51191,19525,36254,31077,24417,39111,37665,0
90000,2,2,1,36,-1,0,0,-1,-1,-1,20136,25814,20476,24127,19899,17814,16824,21557,18538,18293,12049,7561,0
20000,2,1,2,31,0,0,1,2,-2,1,3877,3284,3973,4006,0,3079,3117,1003,270,90,0,25,0
70000,1,1,2,32,1,0,0,1,0,0,17860,26130,18910,22089,17307,22212,1891,7089,17352,350,5339,19219,0
110000,1,2,2,32,-2,0,1,1,0,2,0,3007,2169,2705,1843,2130,0,2772,229,584,839,112,1
60000,2,2,1,33,-1,-1,0,-1,0,-1,32739,30227,22479,33065,29521,30816,23535,16876,11868,8327,15442,11358,0
20000,2,2,2,57,1,1,-2,0,0,1,7330,8676,0,7126,6147,5982,1066,780,0,2946,4585,263,0
80000,2,2,2,30,0,-1,-1,0,-1,0,8155,8683,9495,9343,7988,9460,6223,4903,4433,5399,5039,6212,0
200000,1,1,2,42,-1,-1,0,0,0,-1,147726,128516,132117,101271,144689,117997,122088,72011,106849,72265,113676,82705,0
80000,2,1,1,37,0,0,2,0,0,0,26076,24769,22700,19442,19265,23069,14471,11245,2281,13640,6166,10641,0
70000,2,1,1,47,0,0,-2,1,1,-2,59136,64948,0,54752,59015,0,17193,54002,0,5303,10965,0,0
90000,2,2,1,36,0,-1,-1,-2,-2,0,11543,12800,12767,0,0,7130,6945,8921,3509,0,0,6240,0
90000,2,2,2,33,1,0,1,1,0,0,25982,20015,24913,26183,15392,19351,2955,7601,1602,1586,11913,14479,0
80000,1,2,1,34,0,0,0,0,1,2,41642,36946,38525,42703,36284,37933,13667,15611,28780,17575,8136,27,0
90000,2,2,1,32,0,1,0,0,0,1,1639,2316,2211,2199,2675,2438,992,15,1784,730,1326,376,0
60000,2,3,1,31,0,0,1,1,0,0,13702,13802,15932,9874,11993,11073,8675,5313,1199,1462,9001,9512,0
40000,1,1,1,41,-2,2,0,0,-1,-2,0,26462,18459,28865,29165,0,0,3569,14135,23715,19380,0,1
80000,2,1,2,30,1,0,0,0,-2,-2,33556,33415,30504,47868,0,0,2512,22612,8131,23845,0,0,0
80000,2,2,1,35,0,0,0,0,2,1,9919,10733,11978,10319,10213,9371,7879,5596,7709,4876,58,990,0
170000,1,2,1,53,0,0,0,2,-2,2,44031,54896,64888,45508,0,47387,33360,46153,45621,13240,0,1292,0
120000,2,1,1,34,-2,0,1,1,0,0,0,17471,23260,24592,17394,16087,0,13812,4495,161,5258,12033,0
100000,1,1,1,33,0,0,0,1,0,1,47816,40125,49961,41196,56902,41575,24307,24857,46293,3950,37778,9452,0
60000,1,2,2,30,0,-2,1,2,-2,-1,14500,0,14074,15147,0,11899,7076,0,1017,2663,0,3969,0
160000,2,2,1,37,-1,0,0,0,-1,-1,31865,40253,41295,33739,32231,34866,11416,34126,24772,28046,29010,20788,1
170000,1,1,2,46,0,0,-1,-1,-1,-1,46847,53756,49648,60621,58074,52927,42796,32981,38352,47571,46889,13539,0
80000,2,2,1,56,-1,0,0,-1,-1,0,20625,15918,18300,17039,15134,18695,10277,15142,6495,8236,5957,18285,0
40000,1,2,1,41,0,2,0,-1,0,0,3659,4357,3839,4062,4595,3464,1911,822,2846,2838,1097,3104,0
90000,2,2,2,55,0,0,1,-2,0,0,27751,29147,30263,0,28225,22863,23265,15260,1404,0,8175,18294,0
110000,1,2,1,38,1,1,1,0,-2,0,67039,69847,62505,43603,0,48488,8108,9995,17833,27284,0,25583,1
60000,1,2,2,31,-1,-1,-1,-1,-1,0,7018,9199,7737,6928,8078,7061,1531,7693,3486,4985,3804,6600,0
60000,1,2,1,39,0,1,0,-2,0,-2,26893,25634,25581,0,12783,0,9939,7448,20667,0,10731,0,0
80000,2,4,3,51,0,0,0,0,0,0,43193,49552,37744,34304,40990,42292,22929,39644,15054,22168,29698,35964,0
220000,2,2,1,30,0,-2,-1,0,-1,-1,67101,0,61633,78141,95520,82071,18211,0,23855,63065,28980,69248,1
200000,2,2,2,42,-2,1,1,2,1,0,0,52522,38907,41096,43205,44662,0,8241,6426,4356,4318,25466,0
70000,2,1,1,43,-1,0,-1,-1,0,-2,22143,19023,17527,16107,20041,0,19585,2996,7226,11980,12937,0,0
190000,2,2,2,56,1,-2,0,0,0,-2,129724,0,97836,103190,90160,0,45395,0,50444,62492,60987,0,1
150000,2,1,2,32,0,-2,0,0,0,0,28934,0,23398,25737,24133,15758,12047,0,3571,16404,18605,13755,1
90000,1,1,2,30,0,0,0,1,0,-1,24247,22320,16406,15765,17446,16814,19493,8925,11066,182,8614,14689,0
140000,1,1,2,31,-2,0,0,0,-2,0,0,35359,32355,35686,0,36530,0,33979,18546,34026,0,26376,0
90000,2,1,1,33,0,0,0,0,2,3,55242,48375,49620,48376,55809,43588,24936,28470,45682,39673,1376,2480,1
110000,2,2,1,34,0,-2,-2,0,0,-1,14324,0,0,13711,17254,16653,7756,0,0,11650,12022,6925,0
90000,1,2,1,36,0,-1,0,0,0,0,7314,9247,6498,8910,9254,8479,6755,3798,3349,7720,3608,2776,0
170000,1,2,1,38,-1,-1,-1,-1,0,0,55500,79813,54807,62136,75073,52620,47783,28409,30611,57037,50183,19830,0
140000,2,2,1,42,-2,-1,-1,-1,0,-1,0,56741,70973,59700,51585,56934,0,23319,59902,33056,49178,44851,0
130000,1,2,1,32,0,0,0,0,0,0,57823,53666,53841,50665,43964,46209,24972,26495,43428,41817,26404,12516,0
100000,2,1,2,39,0,0,-2,0,1,0,21386,22989,0,26317,23705,22666,3502,17303,0,6660,3242,11966,0
270000,2,2,2,58,0,0,0,-1,-1,0,84939,115276,85820,129498,99115,132590,44990,100591,25980,116027,46170,112370,0
100000,1,1,2,33,-2,0,0,-2,1,0,0,20827,24143,0,21689,24320,0,17292,19662,0,338,14161,0
90000,1,2,1,30,0,0,1,0,1,2,5429,5395,4194,4009,4108,4089,4451,4879,85,1619,617,195,0
260000,2,2,2,54,0,0,0,0,-1,-1,55200,46932,53921,72904,51823,57582,37609,23942,42318,46130,38515,40663,0
160000,2,2,2,38,-2,1,2,1,-1,0,0,63405,52711,64326,55537,53669,0,12411,173,12018,34669,34918,0
140000,2,2,1,44,-1,-1,-1,-1,-1,-1,94279,93808,65170,82611,59598,64728,73758,84070,42965,70684,41106,57791,0
100000,2,2,2,37,1,-1,0,-2,0,1,18950,19836,18319,0,17611,15089,725,8814,15505,0,5578,543,0
380000,1,1,1,30,1,1,1,0,0,0,129817,168357,90057,99033,139976,108367,21379,5630,4229,31023,80158,2573,0
80000,1,1,1,33,1,2,1,3,6,2,36538,29752,20850,31415,35943,28670,541,4124,76,3898,4904,3061,1
130000,2,3,1,31,1,0,1,1,1,1,29041,21732,28173,19345,22715,23776,1960,9904,5597,4405,393,912,0
160000,2,2,1,30,0,0,0,-1,-1,0,53750,66153,46077,55209,72394,53657,42626,45614,24741,44266,15396,43954,0
540000,1,1,2,41,0,-1,-1,0,-2,0,101001,108991,90901,110051,0,89271,46445,78217,74470,70252,0,80315,0
110000,1,2,2,60,0,2,3,1,0,0,19301,16203,19633,18859,17097,16176,12726,662,413,714,13102,8312,0
40000,1,2,2,33,0,-1,-1,-2,0,0,13498,9805,13532,0,13436,14341,10377,6609,8489,0,11609,9272,0
60000,2,1,1,38,-1,-1,-1,-1,-1,-2,46441,39713,30307,29876,40911,0,24049,14468,26147,13878,23780,0,0
70000,2,3,1,33,0,1,1,0,0,1,33511,27843,34552,26175,33280,30966,15320,5802,1944,12139,27128,3116,1
260000,1,2,1,42,0,-1,0,0,0,0,35445,41682,33682,36859,25113,29164,30695,27367,19763,34499,21718,28469,0
250000,2,2,1,31,-1,-1,-1,-2,0,0,168194,133375,155674,0,132099,135297,11723,72700,109810,0,66999,100346,0
90000,1,1,1,30,2,1,0,0,-1,0,26320,45702,53381,43143,28812,41051,2566,10178,16541,30041,23394,23489,1
60000,2,1,2,45,0,0,0,0,-1,0,15811,15235,10279,12892,10393,8291,7669,6775,3608,11630,4483,3497,0
140000,2,2,2,30,-1,-2,0,-1,0,-2,59824,0,63205,60069,64780,0,50773,0,35997,45332,55278,0,0
60000,1,2,2,38,0,0,0,1,1,2,37007,34430,39395,29840,26162,30753,17645,14032,18541,4006,1963,3644,1
100000,2,2,1,37,0,1,1,-2,-2,0,20382,17724,22754,0,0,22317,6375,2647,1068,0,0,16503,0
350000,2,1,1,34,0,-2,-2,0,0,-1,108148,0,0,96025,85657,104712,92678,0,0,79786,19424,77194,0
70000,1,2,2,31,1,2,-2,1,1,1,44420,47323,0,40425,25687,25607,12092,10364,0,1234,1559,314,0
80000,2,2,1,32,1,0,1,0,0,0,64683,55531,71987,57201,60401,53668,10030,11892,14968,42165,56179,32712,1
80000,2,2,2,43,-1,0,1,1,1,0,67072,60835,51328,51397,50657,66424,33315,43268,6883,1548,5867,45093,0
80000,2,1,1,31,0,0,0,0,1,0,35010,45741,41180,48160,33819,35332,22624,31758,31293,18932,286,22941,0
60000,2,1,2,40,0,0,1,0,-1,-1,41424,48401,52191,42709,39545,50688,36408,35156,305,41230,30442,30269,0
140000,1,2,2,42,1,1,1,0,0,-2,31476,36796,33134,36684,35341,0,1091,3690,5008,33325,31675,0,1
140000,2,3,2,57,0,0,1,0,3,2,52849,47453,48199,41095,57977,50364,38030,30169,493,28575,90,7601,1
260000,2,2,1,38,1,0,-2,0,0,2,126060,128263,0,98159,100848,129030,1379,90894,0,75797,63958,13225,0
70000,2,2,1,55,-1,-1,0,-1,0,-1,66348,53235,67889,63870,54849,47685,32505,43789,17378,22988,49750,29744,0
230000,2,1,1,35,-1,-1,-1,0,0,0,34758,46600,26855,33252,34902,30528,13987,17979,7055,29552,23339,29578,0
220000,1,2,1,49,0,-1,0,0,0,-1,34344,33960,42432,40191,29606,39576,5666,19440,28539,28386,29387,32517,0
40000,1,2,1,43,0,0,0,0,0,1,1860,1565,1360,1250,1435,1275,1370,1376,1067,1119,1297,103,0
200000,2,1,3,58,0,0,0,0,0,0,122837,107327,129273,126898,112604,108796,103263,56257,41326,28008,33189,104817,0
50000,2,2,2,39,-2,-2,0,1,2,0,0,0,17908,15033,17178,12994,0,0,15169,2258,3187,6931,0
70000,1,1,2,37,0,0,-2,-1,-1,-1,31046,18601,0,27448,17976,25620,29238,16420,0,11175,5306,14892,0
60000,1,2,2,31,-2,-2,0,0,0,-2,0,0,28927,32496,41858,0,0,0,23896,18285,24183,0,0
130000,2,2,1,40,0,1,0,-1,-1,-1,103000,82113,95253,78563,68063,81947,79173,6227,79544,25201,54125,62074,0
280000,2,1,2,53,1,1,2,1,0,0,110029,100822,140638,90131,107035,113812,7275,37810,21744,7972,106417,79526,1
200000,2,2,1,51,0,0,0,0,0,-1,100768,96222,87499,104670,106634,68715,57110,13873,11861,59482,66043,28077,0
50000,1,2,2,31,-1,0,-1,0,0,0,9643,8304,13151,9042,9587,9994,8435,2737,9302,5374,2651,6317,0
70000,1,2,1,45,0,0,-2,-1,-1,0,29337,29439,0,24972,26313,27786,13816,13103,0,18611,12798,12151,1
90000,1,4,2,41,1,1,0,0,0,1,32004,19346,27134,29159,26717,25756,386,4710,26710,21177,17844,122,0
280000,2,1,2,35,0,0,-2,0,0,0,26737,21069,0,26060,17804,19735,21235,11393,0,9887,6732,17737,0
20000,1,3,2,39,0,0,0,0,1,1,7290,6100,7211,6300,8261,6491,4349,4520,4131,5484,229,679,0
70000,2,3,2,44,2,3,0,1,0,2,27921,22746,21267,29159,20092,27935,6701,29,8091,2383,8462,584,1
50000,1,2,2,45,0,0,0,0,1,1,7831,8884,8024,4568,6317,6957,6207,6975,545,3627,187,248,0
230000,1,1,2,33,-2,-1,-1,0,0,0,0,27979,32471,28604,32607,25727,0,14055,12136,23641,14749,15428,0
140000,1,3,1,48,-2,0,0,-1,0,-2,0,21444,34004,21455,22388,0,0,18029,21510,18955,9538,0,0
180000,2,1,1,40,-2,0,0,0,-2,1,0,37253,29271,27846,0,30631,0,11357,7877,26431,0,8433,0
260000,2,1,1,36,0,0,0,-1,-1,-2,54920,47557,43530,41557,46332,0,16045,25761,28839,23775,38602,0,0
660000,2,1,2,31,-2,0,-1,0,-1,-1,0,392349,378877,311993,445788,395995,0,197779,256966,144970,271885,187966,0
430000,1,1,2,30,0,0,0,0,0,-2,34691,35873,39150,22041,34238,0,21021,8536,31794,12205,32759,0,1
260000,2,1,2,37,-2,0,0,-1,-1,-1,0,27155,28352,32433,22396,28272,0,16760,15130,28163,9098,25009,0
80000,2,2,1,45,1,1,-2,0,0,0,26703,30036,0,23563,25965,26077,2139,4557,0,10358,19257,20377,0
40000,1,1,2,40,2,1,2,1,2,6,16889,23818,17486,22486,18696,20193,13,3832,7296,861,722,563,1
80000,1,2,1,30,-2,0,0,-1,0,-1,0,23332,19316,18429,17438,21230,0,16103,7251,14410,7126,6564,0
20000,1,2,1,43,0,1,1,1,2,0,3627,4193,3929,3621,3182,3614,3433,275,530,318,75,2342,0
40000,1,1,1,31,0,0,1,2,2,1,14227,13461,14870,19321,17741,18790,7566,10483,294,1124,1358,131,0
110000,1,1,1,37,0,0,0,-1,-1,-2,11991,9261,8298,10498,10427,0,10081,6791,6847,9723,9467,0,1
80000,1,1,2,38,0,0,-2,0,-1,0,48511,45969,0,47673,45003,41675,30564,17358,0,22520,35614,37995,0
30000,1,2,2,46,0,0,0,0,-2,1,11472,10004,10770,8940,0,10622,8659,5974,8085,3765,0,241,0
160000,1,3,2,38,0,1,0,0,0,0,37559,25943,21791,20706,29224,30062,32343,784,11342,11431,14230,27218,0
60000,2,1,1,30,-1,0,0,-1,0,0,5047,4745,5561,6834,6655,4014,2623,2100,2448,6401,5259,2200,0
180000,2,2,1,36,-1,-1,0,-1,0,-1,82164,96683,86627,89710,70960,104621,12432,45384,73342,58113,56945,81715,1
200000,2,3,2,34,1,1,1,0,1,1,89344,113906,121882,81311,84034,67344,20197,7522,6663,74548,18427,3982,1
30000,2,2,2,37,1,0,-2,2,0,1,20456,25060,0,24968,23082,20549,5367,20465,0,738,21303,72,1
60000,2,1,2,40,-1,-1,-1,-1,-1,-2,16989,17354,15668,18172,22148,0,10683,14394,9271,14241,14469,0,1
70000,2,1,2,40,0,0,0,-1,0,0,18623,17371,13550,18222,15051,19216,14852,4878,955,16637,9313,16199,0
110000,2,2,2,41,-1,-1,-1,-1,-1,0,39990,35961,36963,30214,36295,33764,12438,27902,28718,17618,29268,30975,0
230000,1,2,2,30,0,0,0,0,0,-2,105743,84245,85139,97554,93923,0,30341,13436,53742,52109,32873,0,0
30000,1,1,2,30,0,-1,0,0,-1,-1,2374,2892,2505,2986,2953,2587,1706,1322,2175,2660,2485,1533,1
440000,2,3,1,32,0,0,0,0,1,-2,107626,111772,134633,103786,119824,0,76092,47539,114601,60576,5537,0,0
50000,1,3,2,31,1,1,1,0,0,1,12998,11695,14330,11807,12655,9641,349,554,4731,7031,3646,669,0
100000,2,2,1,37,0,0,-2,0,0,0,30859,24093,0,25288,29826,25475,27494,19267,0,22399,15347,15310,1
150000,2,3,1,58,-2,1,0,-2,0,0,0,43431,45167,0,43803,58759,0,52,28612,0,25554,24756,0
50000,1,2,2,37,0,0,0,0,0,0,10262,11090,11218,10756,11201,11602,8724,5445,5108,10634,7805,3918,0
150000,2,1,2,31,0,0,0,-1,0,1,61592,64217,44709,41181,57643,43994,52854,48182,14974,31797,53396,3464,0
100000,1,2,1,37,1,0,0,0,0,0,17707,19838,19757,19058,20783,12214,3441,8257,11432,16464,2852,6493,0
250000,2,1,1,41,-1,-2,-1,-1,0,0,18423,0,18340,18130,12935,13518,17035,0,15313,14296,6847,2919,0
80000,2,2,2,54,0,0,0,0,0,0,55357,52386,44204,42415,40514,49313,40926,48901,31316,28149,29070,37679,0
140000,1,2,2,41,1,0,-2,0,1,1,56906,44026,0,53821,35697,32792,4298,21427,0,23895,1472,1360,0
20000,2,2,2,40,0,-1,0,-1,0,0,10863,12852,9908,12275,9821,10335,5553,8725,4213,7091,5758,5267,1
50000,2,2,1,30,0,0,0,0,0,-1,16605,20621,17367,17667,21830,17293,9589,19094,14851,7264,20898,4024,1
230000,1,2,1,39,1,0,0,0,0,0,103602,140403,145037,93373,121728,108134,8920,27162,132370,70535,109778,40379,0
130000,1,1,1,48,0,0,-1,0,-1,-1,10941,14468,11895,15660,14229,13975,8984,7438,6643,10971,7628,7070,0
220000,2,3,1,31,-1,-1,-2,1,0,0,54447,48803,0,60023,65760,51681,22621,14715,0,10805,55439,35061,0
80000,1,2,1,40,3,1,-2,0,0,0,23676,27037,0,25828,27426,30333,862,5842,0,22142,18678,25293,0
170000,2,3,1,35,0,0,1,1,1,-2,46687,36223,33930,44845,33885,0,12312,26106,1888,4961,9766,0,0
50000,2,2,1,44,0,0,1,0,0,0,15431,16469,15057,16175,12074,15203,5219,10068,443,12241,10391,11012,1
110000,2,2,2,38,0,0,0,1,-2,0,66837,68438,70002,57695,0,54818,31301,62391,47454,418,0,43246,0
40000,1,2,1,32,-1,0,0,-1,0,0,16824,20138,19663,20164,24470,27594,11767,10290,17715,18273,4895,17642,0
190000,2,2,1,38,-1,-1,-1,-1,0,0,84284,65591,73936,95714,74083,68865,74879,13599,13606,29067,64006,33410,0
90000,2,2,2,41,0,0,0,-2,1,0,17140,15813,18135,0,15492,18325,12856,4656,12361,0,615,4945,0
40000,2,2,2,55,0,1,1,2,1,2,5013,5331,5375,6470,5331,3978,2030,989,141,854,1144,252,0
60000,2,1,2,36,1,1,0,-2,-1,-1,18211,22587,23394,0,15985,17499,530,3071,16431,0,14887,4128,0
170000,1,1,1,31,-1,-1,-1,0,-2,0,25064,27782,23491,16889,0,21560,20228,19686,9102,10313,0,14368,0
50000,2,1,1,41,0,0,0,0,0,0,36375,44811,26935,25946,34701,24503,30329,34613,22145,3393,4408,22738,0
90000,1,2,2,36,1,-2,2,2,1,2,44791,0,28163,39116,33579,41823,1594,0,4156,6690,3167,4038,0
170000,1,1,1,53,0,0,0,0,0,-1,37721,42131,40802,37335,26492,39102,18676,26153,11715,30556,15080,31198,0
130000,2,2,2,44,0,0,1,-2,0,-1,101904,76350,90753,0,68915,61531,60760,62769,5961,0,44027,53455,0
180000,2,2,1,35,0,0,0,0,0,-2,80481,83151,78481,67900,72835,0,55508,76711,63538,19705,35988,0,0
50000,2,1,2,33,1,0,0,0,0,0,8373,8850,8865,7556,10427,7553,1614,3146,5510,4373,9849,4944,0
150000,1,1,1,49,0,0,0,0,0,0,103152,87883,85755,110608,89719,89994,85002,60048,63682,67249,71161,78947,1
110000,2,2,2,30,-1,0,-1,-1,-1,-1,31779,23771,21352,30414,28296,39956,15454,14570,11608,13791,13201,32334,0
100000,2,2,1,42,2,1,2,2,2,1,32997,27851,29985,38534,24664,28610,581,390,13816,3196,3811,2596,1
180000,2,1,2,50,-2,0,0,1,1,0,0,59761,57085,44155,44045,38294,0,25390,53324,989,4152,25761,0
110000,2,2,2,39,0,-1,-1,-1,-1,-1,40569,41516,31695,36853,29485,41692,17623,24159,22428,14649,28447,41271,0
360000,2,1,2,36,0,0,1,0,0,-1,100165,78784,89246,83148,102513,104045,71234,56774,12464,50948,82316,49875,0
70000,1,2,2,32,-2,3,3,2,1,2,0,14464,12740,8430,13294,10033,0,2331,3533,305,1492,3654,0
290000,2,1,2,34,-1,0,0,-2,-1,0,72422,77636,69606,0,75342,64624,58267,34524,61242,0,49690,51710,0
140000,2,2,2,39,3,3,2,1,0,0,90388,90480,69090,81339,78398,58610,1512,28649,4749,5286,46758,27578,1
100000,1,1,1,31,2,1,0,0,0,0,61661,58880,52924,69752,54559,61332,366,9834,30677,55907,28369,26573,1
140000,2,2,1,35,1,0,-2,-1,-1,-1,58118,41265,0,66241,56578,52157,3096,29819,0,22858,33695,37716,0
50000,2,1,1,39,0,2,2,1,0,0,7553,8377,6363,8238,6047,8986,4747,796,1141,522,3491,2401,1
100000,1,2,1,38,0,1,1,0,0,-1,1331,988,1007,823,886,1250,617,40,62,393,564,699,0
100000,2,2,2,41,0,-2,0,-1,-1,-1,45848,0,68390,45743,59187,57827,12150,0,47323,21866,39820,54096,0
120000,1,1,2,38,1,1,0,-1,0,0,61320,49129,40046,48586,45506,47418,14366,2032,23873,34624,19842,31433,0
150000,2,3,2,32,-1,-1,0,-1,-1,-1,76892,102035,67293,77326,69579,58018,72001,68776,38004,60049,21973,37470,1
140000,2,2,2,34,0,0,0,0,0,-2,28404,30485,30092,29467,31615,0,22017,4634,10552,13878,25843,0,0
80000,2,3,1,44,-1,0,-2,1,0,0,19665,19383,0,16563,21060,18536,13952,12463,0,814,15450,6743,0
610000,2,3,1,37,-1,0,0,0,2,2,25106,26196,29333,33068,27755,25805,11624,9906,18244,6655,154,7180,0
240000,2,1,1,36,0,0,-1,-2,-1,-1,32776,31689,29762,0,27870,28853,12722,19366,14898,0,27145,18843,0
180000,1,1,1,42,1,0,0,0,0,0,39123,32975,29720,46745,41217,29856,5609,19703,28378,17991,37332,7816,0
230000,2,1,1,35,1,1,1,1,-2,0,171629,169387,144386,138063,0,106335,72376,15412,11069,14019,0,50209,1
180000,1,2,1,48,0,0,0,0,-2,0,111711,110133,89927,107308,0,96776,83934,33796,43816,47973,0,41117,1
120000,1,2,2,31,1,2,0,0,0,-1,101656,68719,86105,81636,92547,83836,17374,24201,34464,5174,57642,21827,1
120000,2,1,1,36,-1,0,1,2,1,0,75205,81304,71827,79549,82072,100865,21063,52876,10386,10899,9480,52146,0
120000,2,2,1,33,0,1,0,0,0,-1,19572,21039,16839,10937,15372,17703,11427,2624,9011,8473,10687,11263,0
150000,2,1,1,36,0,-1,-1,-1,-1,-1,94132,96203,103990,100149,88119,88847,78127,89704,61080,54328,52891,31635,0
30000,1,1,1,54,-1,0,-1,0,-1,0,27251,20873,22497,23154,31673,26243,8266,7146,11145,21428,19771,13697,0
70000,2,1,2,39,0,0,0,-2,0,-1,39409,47638,50182,0,37121,40172,28850,17592,8466,0,26847,27399,0
100000,2,1,2,33,-1,0,0,0,-1,-1,11190,8431,9377,10021,8967,9383,8392,3300,6083,6814,6039,4761,0
230000,2,1,2,40,2,1,0,0,0,0,132099,168019,144874,143410,149095,118060,28235,7481,13035,23273,131840,100609,1
70000,1,1,1,30,0,1,0,0,-2,0,5459,3360,5841,4948,0,4382,2216,106,4812,3313,0,1502,0
120000,2,1,1,35,-2,0,0,0,0,0,0,24598,24847,20164,28903,16576,0,6553,21709,12521,16688,12382,0
70000,1,2,1,33,2,0,1,1,1,1,16566,16189,12352,15281,12379,10377,767,9558,2685,4827,736,171,1
50000,2,3,1,35,0,-2,0,0,0,-2,2609,0,3006,1843,2997,0,2284,0,2535,920,1366,0,0
210000,2,2,1,42,0,-1,0,-1,-1,-1,142478,112085,117427,119260,117138,117090,125318,70019,86225,42551,86731,85042,0
90000,1,2,2,35,0,0,0,0,0,0,31738,16832,20855,24964,26591,26776,20465,12066,11562,15545,19779,5230,0
120000,2,2,2,42,1,1,2,7,1,1,54238,57815,69680,57629,57359,49600,2049,3810,20558,1879,4318,591,0
200000,2,1,2,31,0,0,0,-1,0,0,111971,110165,113145,88917,112457,129210,60188,46038,40659,51550,95631,83071,1
720000,2,1,2,48,1,0,0,-1,-1,0,181963,179363,166082,174551,158599,137220,39292,60912,132543,25100,32080,94258,0
100000,2,1,2,30,0,0,0,0,0,0,13735,19493,16356,20696,14568,16231,9445,10627,13353,8598,10617,7162,0
50000,2,2,1,32,0,0,-1,-1,0,0,7073,8336,4833,6493,6558,4443,5283,4974,3744,2525,2130,1119,1
90000,2,1,3,31,-2,1,0,0,1,0,0,42144,29503,32281,51748,30914,0,2309,21189,7012,4441,24475,0
80000,1,2,2,32,-1,-1,2,1,0,0,55997,53532,65719,52241,56742,46622,47740,30697,13039,11072,53912,37521,0
80000,2,2,1,35,-1,-2,0,0,0,0,39528,0,39621,42003,36688,33186,34507,0,20127,7850,27820,18384,0
130000,2,1,1,34,-1,-1,-2,0,0,-2,29390,32164,0,21919,30991,0,7156,24488,0,16066,20378,0,0
20000,2,2,2,37,1,0,1,2,0,2,15583,15974,15011,12005,12816,15677,1041,13990,427,140,10208,3086,0
90000,2,1,1,39,0,1,-2,3,1,0,6480,6758,0,6150,5713,4680,6169,299,0,375,399,4274,0
210000,1,1,2,32,0,-1,0,0,2,-2,42803,58642,51581,52722,42757,0,35797,30478,29993,31037,5133,0,0
220000,1,2,3,79,-2,0,0,0,0,0,0,16692,18369,20071,16960,14191,0,14817,5076,5050,8018,10182,0
140000,1,2,2,30,-1,-1,-1,-1,0,1,73023,102637,115520,104221,100458,113605,54509,49604,44343,25800,81171,1779,0
180000,1,1,1,40,-1,-2,0,-2,-2,-1,115809,0,105426,0,0,96322,56144,0,63838,0,0,59434,0
120000,1,2,1,39,-1,-2,0,-2,0,0,73350,0,55831,0,63166,56920,71474,0,16998,0,51012,21175,0
120000,2,1,1,47,0,0,1,0,1,0,49374,43292,45991,34942,45697,49313,36596,28787,783,17993,6083,24636,0
130000,1,1,2,34,0,0,-1,-1,-1,0,27584,27035,17572,21461,19916,20510,5877,14091,14478,15818,15578,2123,0
360000,2,4,1,32,-1,0,0,-1,0,0,222029,234960,226177,204118,234799,234922,75251,112319,217432,191075,174794,194128,0
540000,1,2,2,38,-1,-2,0,0,0,1,323728,0,258868,292238,204969,225441,33898,0,243005,107802,119272,60872,0
150000,2,1,2,50,0,0,0,1,-2,0,43587,54264,60969,52508,0,42923,39517,19612,46269,1199,0,35052,0
170000,2,1,2,38,0,-1,-2,-1,0,-1,30078,24330,0,28723,27273,22007,24758,20422,0,16014,21767,8781,0
120000,2,3,2,39,-2,-1,-1,-1,0,0,0,79104,96204,83248,66278,62561,0,35686,76629,49244,43395,9940,0
40000,1,2,2,39,0,0,0,0,-1,0,17958,18235,16470,14505,15903,14100,14301,13046,15070,7985,4149,13808,0
70000,1,2,1,50,-1,0,2,0,1,0,42466,34539,35621,41969,36096,39327,8002,18727,4244,11213,503,32286,0
100000,2,2,2,43,-1,0,0,0,0,-1,22306,29131,25782,27139,24611,30637,17905,26789,22432,12452,18349,4569,0
70000,2,1,2,37,-1,-1,-1,0,-1,-1,34514,31228,33286,33341,40919,30811,23928,24290,20340,20927,7594,14837,0
140000,2,2,2,37,0,-1,0,0,-1,1,82976,62544,64177,65985,74325,61748,57332,56235,41999,24186,50500,12908,0
50000,1,2,2,32,0,0,0,0,0,0,17589,18717,19397,12349,18152,16739,12855,13208,8024,6696,16289,6923,0
50000,1,1,1,35,0,0,0,0,0,0,16685,16670,20935,15026,18310,14293,11697,6338,19198,13250,11049,9687,0
40000,1,3,1,34,0,0,0,0,0,0,31057,25021,24789,27103,21348,27840,15736,19439,19099,19787,15319,16064,0
90000,2,1,2,30,0,1,0,1,0,0,15710,16377,16036,15524,12430,14299,11855,343,3593,952,5710,14008,1
60000,1,4,1,36,0,-1,-1,-1,-1,-1,21526,23083,21683,23655,23149,19485,16271,9831,18492,9745,2613,9355,0
220000,2,1,2,32,-1,-1,-2,0,-1,-1,130065,105959,0,107585,116104,105234,117665,96810,0,49631,112275,71807,0
200000,1,2,2,39,0,-2,1,0,1,1,89939,0,102084,82122,116606,105127,80301,0,10522,67769,3715,152,0
130000,2,2,2,33,-1,-1,-1,0,0,0,12385,13769,12532,13883,10608,13684,9880,5825,8030,5341,9798,8482,0
80000,1,2,1,31,0,0,1,2,1,1,44747,46985,31732,42438,42010,46099,26515,27670,1043,1570,9,3735,0
200000,2,2,1,32,0,0,0,-1,-2,0,37618,40069,60789,53769,0,34480,31642,14720,43776,37898,0,27801,0
40000,1,1,2,63,0,-2,0,0,0,0,20407,0,16933,20567,13278,16281,10600,0,11315,18992,4290,10488,0
100000,2,2,2,39,0,0,0,0,1,0,26977,29718,28126,23210,25299,23604,26657,21597,10911,16149,410,21413,1
80000,1,2,1,41,0,0,1,0,0,0,45962,52757,46964,39264,39983,43309,39560,34952,2778,34476,31384,30356,0
90000,2,1,1,36,0,0,-1,0,-1,0,31670,37614,33953,35750,32688,32104,19438,18155,21759,34836,25387,28765,0
200000,2,3,1,79,-2,-2,-2,0,-1,-1,0,0,0,34640,28187,29613,0,0,0,20321,18861,14064,0
150000,1,1,1,46,0,1,0,0,0,-1,102223,68709,87185,72956,59371,76780,43886,17738,79342,19469,45305,47134,0
180000,2,2,2,31,0,-2,0,0,-1,-1,99399,0,75354,88997,76699,88219,16184,0,29018,77706,48458,63778,0
100000,1,2,1,31,0,-2,-1,0,0,0,10267,0,12667,11847,10232,9568,5773,0,7359,3589,3324,4448,0
100000,1,2,1,42,0,-2,-1,-2,-1,-1,25637,0,20007,0,23076,21219,25374,0,18474,0,10594,4915,0
120000,2,2,1,46,-1,-1,0,0,-2,-1,44438,43398,47217,45124,0,44314,14689,39122,39136,19425,0,43983,0
100000,2,2,2,43,1,0,0,0,0,0,32830,28466,39777,34209,30514,28164,2768,12994,20353,29532,8305,19253,0
70000,2,3,2,37,-1,-1,0,0,0,1,29264,43959,36961,32496,35895,31178,15281,35908,27350,22938,17681,1900,0
40000,2,1,2,30,0,1,0,0,-1,-1,10272,11291,8271,6002,9766,11334,9534,7,1799,4350,6875,6119,0
90000,2,1,2,41,-2,-1,0,-1,0,0,0,7321,10191,7998,8989,8021,0,4402,4772,4559,5886,7468,0
90000,2,2,1,32,0,-1,-1,-1,0,-1,18663,17755,15899,18358,16028,16403,5923,14687,7328,14219,7327,6710,0
290000,1,2,1,34,-2,0,0,0,-1,-1,0,55024,82151,67309,74583,64710,0,37602,59580,29313,62691,33691,0
50000,1,1,1,31,0,0,0,0,0,2,12880,20399,16758,19619,17667,16844,12044,14170,3623,7515,14120,2682,1
90000,2,2,2,46,0,2,0,0,0,-1,16551,17466,18817,16150,13864,17693,7845,1835,8314,13146,3026,6686,1
80000,2,2,1,41,-1,0,0,1,2,1,35445,25532,32893,34545,29289,34882,6013,10366,8054,2309,570,118,0
130000,1,3,1,30,-2,1,1,1,2,-2,0,9941,7327,12069,10547,0,0,713,211,2610,413,0,1
130000,2,2,2,64,-1,-1,-1,0,0,-1,31434,37452,41952,42797,33754,37747,9715,27082,40801,8648,32050,13935,0
40000,2,4,1,40,0,0,-1,-1,-1,0,9832,8938,7711,10584,6923,7195,8949,4564,1896,6016,1695,5526,0
80000,1,1,1,41,0,0,0,1,0,1,49819,52562,43333,46434,51957,39445,38105,48029,41014,9055,31893,6581,0
70000,2,2,1,33,0,0,0,0,0,-1,8823,8947,9052,8296,6090,6358,5780,8070,7404,3284,4440,3804,0
60000,2,1,1,30,-1,0,-2,0,-1,-2,3502,4124,0,4286,4494,0,1764,3495,0,1071,3284,0,0
20000,1,3,1,35,-1,-1,-1,0,0,0,2434,3429,2086,3511,2448,2012,1904,3120,1278,3025,1928,1645,0
100000,2,3,1,40,-1,-1,-1,-1,0,0,31424,34100,28928,24249,28776,29718,11181,8890,17823,18499,10084,19065,0
90000,2,2,1,71,1,2,-2,1,0,1,27430,26657,0,22482,24052,19416,4934,5523,0,4442,9896,535,0
170000,2,2,1,46,0,0,-1,-1,-2,-1,75710,84511,75988,78557,0,54474,63654,49061,44155,49970,0,21017,0
120000,1,2,1,40,-2,-1,-1,0,-2,-1,0,35481,44891,46252,0,34819,0,20138,23304,39820,0,14611,0
60000,1,2,1,43,-2,1,3,-2,2,1,0,2730,1991,0,2669,1507,0,204,32,0,78,79,1
190000,2,1,1,42,-1,0,0,-2,0,-1,70635,72261,80397,0,78737,82332,54571,17870,54905,0,11220,51300,0
70000,1,1,1,30,-1,0,0,-1,0,-1,56316,57948,42667,52064,39117,51322,29795,22404,40066,30114,16419,30677,0
20000,1,3,1,33,-1,0,-2,0,0,0,9278,8789,0,9981,7830,8796,6528,4713,0,3825,3505,7421,0
60000,2,1,2,49,0,0,0,0,0,0,27835,28882,31594,21609,19424,27153,24432,18918,24805,14229,9259,27016,0
100000,1,2,1,37,-1,0,0,0,1,0,29048,29592,34546,24659,26685,23907,27577,12875,31971,1670,1101,5643,1
150000,2,2,2,33,-2,0,0,-1,-1,-1,0,39460,40901,35764,34895,34866,0,27790,22397,7007,30715,26067,0
50000,2,2,1,36,0,0,-1,-1,0,1,3144,3207,4545,3605,3792,2783,1592,1548,3666,1557,2735,32,1
70000,1,2,2,30,2,-2,0,2,2,2,41894,0,48814,46080,27883,46971,4660,0,23927,3280,4432,11247,1
330000,2,2,2,32,1,2,3,2,1,0,185260,173878,191684,173942,125232,175561,16755,7680,30633,22861,865,95429,0
60000,1,2,2,33,0,2,2,2,2,2,33067,38487,37312,33382,26223,30214,19490,1462,1745,4991,6336,3345,0
50000,1,2,2,47,2,2,-2,0,0,0,34471,30965,0,35119,30804,30290,239,2022,0,15539,14191,22945,0
180000,2,3,1,38,-1,-1,0,0,-1,-1,28656,26731,26665,22535,24346,17628,19166,14314,11684,20491,5843,12074,0
40000,1,3,2,35,1,-1,0,-2,-1,0,20771,11579,20457,0,15378,14828,4,3375,13488,0,8759,7596,0
240000,2,1,1,43,0,0,0,0,0,0,79369,114144,75207,80016,78838,56237,51472,75784,69307,72096,72381,27930,0
110000,1,4,2,62,0,-1,0,-1,-1,-1,53081,53082,41940,48965,39359,46970,23188,28906,38109,15749,30991,22577,0
100000,1,2,2,33,1,-2,0,0,0,-1,44292,0,39863,35090,30381,34172,2743,0,28822,22419,17397,16033,0
180000,1,2,2,45,2,3,5,6,3,3,74622,111322,94041,68567,51925,69470,1164,21093,3166,261,1409,5181,1
70000,1,1,1,35,0,0,0,-2,0,0,39211,37589,32633,0,29936,31532,27103,17162,6886,0,24579,4812,0
170000,2,2,2,39,-2,1,2,2,0,-1,0,58789,93542,62726,66795,64838,0,3578,11313,4951,31375,36860,0
210000,2,1,1,39,1,-2,0,0,-1,0,37062,0,31628,36599,38034,38454,3321,0,23033,31759,21547,8160,0
50000,2,1,2,35,0,0,0,0,0,0,5721,6632,5651,4937,6860,4658,1288,5395,2239,1585,4444,1835,0
80000,1,3,2,37,1,1,1,2,3,0,25665,31150,31222,31194,24009,29747,6657,3679,17,3493,1338,19699,1
20000,1,2,1,30,0,0,0,-1,-1,0,13408,13141,10347,9648,12121,12224,4472,6700,9343,3825,8374,11640,1
270000,2,1,2,36,0,-2,0,0,0,0,77020,0,62865,102347,58941,86607,52589,0,49420,82775,31034,53292,0
140000,2,2,1,40,0,0,0,-1,-1,-1,16624,17801,15669,10947,20186,17847,9812,9896,6239,10785,15219,5480,1
40000,1,1,1,34,0,-2,-1,0,0,0,31573,0,33549,28710,30804,28600,27088,0,29286,12383,27559,18743,0
140000,2,3,2,41,0,0,0,-1,-1,-1,27178,25399,26611,28067,22789,20770,14388,9111,24046,27470,9049,10369,1
150000,2,2,1,33,-1,-1,-1,-1,0,-2,19757,25069,18899,22004,13882,0,15746,11708,15202,15563,5260,0,0
100000,1,3,2,50,1,0,0,0,0,-1,73053,75190,75878,68540,62156,77562,13492,50933,27112,64501,33927,63955,1
320000,2,3,1,36,0,0,0,0,-1,-1,31975,39467,40711,42252,31404,28771,30582,28894,17001,29763,25632,23901,0
240000,2,2,1,41,0,0,0,0,1,1,55565,50704,53376,52170,57562,33881,27694,42993,44560,18855,311,5551,0
160000,2,2,2,31,0,0,0,-2,-1,-1,46863,41804,49410,0,37815,41189,45220,25385,42375,0,29639,17251,0
50000,2,3,1,45,0,0,1,2,1,1,5456,4233,4872,3971,4399,5247,4916,3772,175,165,537,1145,0
610000,1,1,1,41,-2,0,0,-2,-1,-1,0,420986,340556,0,345222,267724,0,121815,195325,0,139608,250639,0
60000,1,2,1,30,-1,-1,0,0,1,0,39808,36207,38608,40803,37629,43627,18104,18755,21291,36667,5105,18378,0
80000,2,2,2,37,0,0,0,0,0,-2,22939,32134,20764,25443,23971,0,20270,27278,17756,7499,13849,0,0
60000,2,3,2,44,0,-1,-1,-2,-1,-2,13311,15117,16467,0,12051,0,5274,10078,6898,0,9351,0,0
140000,2,3,2,30,0,0,0,0,0,-2,8143,6021,7518,7981,7033,0,4968,2877,3692,5850,5134,0,0
220000,2,1,1,46,0,0,0,0,0,-1,37968,39181,42596,38200,40555,45542,29908,19891,31917,31791,25603,12480,0
340000,1,1,2,34,0,-1,0,0,0,-1,31610,31610,28719,27437,32368,31462,25013,19002,24266,16288,26346,25581,0
70000,2,2,1,36,-1,0,-1,0,1,1,11728,9584,8740,9585,7471,8943,6060,3456,2454,3735,201,270,0
110000,2,2,2,48,0,0,0,0,0,-1,11824,15694,22908,15465,12746,16935,7970,10876,20179,12434,8420,1830,0
90000,2,2,2,51,1,1,0,0,0,0,84489,74586,65651,78116,82252,91289,10808,10579,39508,65280,81202,39812,1
110000,1,1,2,35,1,0,-1,-1,-1,-1,34355,40601,39191,32496,39932,31021,2453,36357,12449,26453,28206,20217,1
140000,2,3,1,32,0,1,1,1,0,0,15255,11236,16646,16229,14649,14534,11533,627,808,247,9662,9696,0
90000,1,2,1,37,-1,0,0,0,0,0,26207,28069,30982,39438,29224,26246,3714,24334,24909,28248,5449,10238,0
80000,1,2,2,48,2,3,5,2,7,2,36554,40278,41216,42952,33451,49240,3421,2000,2085,1186,5291,9302,1
150000,2,1,1,33,2,0,-1,0,-1,0,56588,65807,49807,64753,58661,37806,4084,62641,27452,30307,42154,11612,1
90000,2,3,2,46,0,0,0,1,0,-1,27837,19155,22717,21063,19834,19230,21805,13195,8827,3087,7817,13672,0
70000,2,3,2,34,0,1,1,-2,-2,-1,57292,52360,51152,0,0,53662,34916,7982,2715,0,0,23652,0
40000,1,2,3,37,1,0,0,0,0,0,32622,36881,34417,39121,28982,25359,6931,28514,8705,18711,7828,11598,0
240000,2,1,1,50,-1,-1,-1,-1,-1,-1,38365,33213,34816,34000,35702,28244,27136,15870,11599,17892,23115,19148,0
140000,2,1,1,46,-1,-1,-1,-1,-1,-1,46753,46968,42870,31199,42621,51086,27248,11070,39350,26288,38307,23409,0
50000,2,2,2,43,0,1,1,0,1,0,886,717,931,602,754,674,267,71,37,347,335,249,0
120000,1,3,2,36,0,0,0,0,0,0,18299,16179,16865,13917,19838,13596,3057,10286,13586,8137,16662,7224,0
70000,2,1,2,30,-1,-1,-1,-1,-1,-2,44223,38461,34703,34380,48938,0,33333,34493,11093,26896,43640,0,0
80000,1,1,1,34,0,1,0,0,0,0,36380,38173,28487,27476,35043,30474,16163,3007,13793,17562,25438,19131,1
70000,2,1,2,36,0,0,0,0,0,1,4142,4005,4914,3650,4858,3560,2064,3815,2549,3087,1431,471,0
190000,2,1,2,33,0,1,-2,0,0,-1,51732,38554,0,33587,33034,32279,20500,7183,0,32044,20506,20560,0
480000,2,2,1,30,1,1,0,0,-1,-1,113542,112943,130689,111400,115435,123825,39614,3085,104105,64672,75212,85321,0
30000,1,1,1,41,-1,-1,-1,-1,-1,0,9165,11118,8345,7414,10419,7681,8185,8795,2365,4063,9288,3470,0
90000,1,1,1,37,-2,-1,0,0,0,-2,0,34694,41425,42326,39421,0,0,13890,22734,38008,11919,0,0
150000,2,1,2,48,-1,-1,-1,-2,0,-1,98104,77698,80004,0,70520,62808,93202,39635,52752,0,65997,48770,0
40000,2,3,3,48,1,1,1,0,0,0,24638,22191,20022,19646,15915,17608,6207,10,169,17627,11387,9169,0
80000,2,1,1,43,-1,0,-1,-2,-1,-2,13562,9796,9300,0,9879,0,8345,6710,5451,0,2984,0,0
80000,1,4,1,34,0,0,0,-1,0,0,13712,13286,14232,12354,10886,12549,11742,11679,6897,9941,3755,3545,0
70000,2,1,2,39,0,0,1,2,1,1,7727,5272,8928,6310,5454,6268,5204,2759,487,1021,707,378,0
170000,1,2,1,49,0,0,0,0,0,0,102873,98309,100964,99067,121274,82399,86119,82121,57728,64099,105128,74801,0
40000,2,2,1,33,0,0,0,0,1,0,16890,18787,16382,14113,11372,14422,11819,15752,8069,7973,3080,14342,0
80000,2,2,1,53,1,1,0,0,-1,0,30879,28255,23683,27205,30192,31492,2218,6256,13545,17795,22223,18538,1
140000,1,2,2,47,0,0,0,0,0,0,27319,33942,22742,22930,27558,25914,13025,13379,11042,11906,11433,22466,0
70000,2,1,1,48,1,1,1,-2,-2,0,49713,65135,62555,0,0,54438,14327,6434,5440,0,0,31635,1
110000,1,2,2,56,0,0,0,1,1,-2,31797,29811,27661,28877,38954,0,28488,21994,24138,382,7418,0,0
20000,1,2,2,36,1,2,2,2,1,-2,8347,8784,8396,9752,10421,0,318,319,1643,2012,274,0,0
70000,2,1,2,43,0,-1,-1,-1,-2,0,7059,5562,9250,5831,0,5118,1689,4248,5936,1083,0,1473,0
50000,2,2,2,40,0,0,-2,0,0,0,17601,22476,0,14394,15607,15791,10099,16076,0,8960,6746,12998,0
70000,1,2,2,33,-1,0,0,0,0,0,35483,30674,32719,24946,27778,29975,24425,10453,27919,11841,17206,22547,0
20000,1,2,2,35,0,1,2,2,1,3,5544,6817,7606,7240,6705,8339,4434,53,45,230,443,165,1
70000,2,2,1,31,2,1,2,1,0,1,51591,47998,48242,39218,42316,49644,555,8587,5396,4899,32129,8880,0
40000,1,2,2,36,0,0,0,0,2,2,10612,10536,9590,11584,10149,9477,4658,3825,6562,7890,510,1003,0
150000,1,1,1,34,0,0,0,0,-1,-1,15248,13605,15096,11762,14083,13521,9807,7908,4368,4697,2066,7103,0
60000,2,1,2,36,0,0,-1,0,0,0,17378,16659,22049,22263,16847,19664,15234,3178,19100,11876,9628,9815,0
90000,2,2,2,34,0,0,1,-1,-1,-1,15969,13787,16958,14708,20218,15249,13122,10012,892,11025,16372,14404,1
90000,1,1,1,42,1,0,0,-1,-1,-1,57675,66790,54745,52685,41948,47832,5882,14776,43545,30993,26646,39044,0
40000,2,2,2,48,0,-2,0,0,0,-1,10645,0,9876,10850,12440,8652,8767,0,7629,9881,11399,5039,0
80000,1,1,1,46,1,0,-2,0,0,0,35322,37737,0,42305,36527,48556,11136,31030,0,24765,30427,41637,0
160000,1,1,1,34,-1,0,0,0,0,-1,48366,47807,44614,39316,36899,44690,28569,28561,11661,15754,16466,34510,0
150000,1,1,2,48,0,0,1,2,2,-1,24470,24673,32818,24088,26358,23189,20170,16922,1418,412,63,21829,0
120000,2,2,2,46,-1,-1,-2,-1,-1,-1,53496,51546,0,55878,61957,43688,31023,23410,0,32596,45366,38567,0
50000,1,3,2,43,0,1,2,1,0,0,5302,7185,8312,5478,6808,9506,3957,506,596,530,3337,3996,0
170000,2,2,2,36,0,1,0,0,-2,0,32949,30470,35747,28252,0,26924,23323,3289,19359,21478,0,16724,0
230000,2,1,1,39,-2,-1,-1,-1,-1,-1,0,13169,10315,10672,12221,11858,0,8763,9178,6470,11695,1891,0
40000,2,2,1,48,1,1,1,1,1,-1,22569,15531,17144,16309,12894,15384,1142,1,1510,795,1789,6986,1
180000,2,1,2,31,0,-2,-2,-1,-1,-1,48220,0,0,46386,36613,41621,45511,0,0,30390,13273,33228,0
70000,2,2,2,34,-1,-2,-1,-1,-2,-1,39126,0,37638,28780,0,40319,9301,0,29003,24201,0,26740,0
40000,1,2,1,53,0,0,0,-1,-1,-1,1854,1880,1398,2111,1643,1527,1725,1283,667,1451,1039,132,0
190000,2,2,1,41,0,1,0,0,-1,-2,106905,120244,120131,107273,126809,0,102584,10551,57663,23668,70044,0,0
160000,2,2,2,37,-1,0,0,0,0,0,20513,22077,20816,20279,23739,18559,17900,14584,14536,14727,19253,16529,1
100000,1,1,1,51,1,0,0,0,0,0,46239,43697,51463,51035,47665,43304,7622,28345,37674,48629,46892,38572,1
80000,2,1,2,43,0,0,1,1,0,0,20469,24215,19429,14611,22710,18307,13963,17972,6962,3339,10110,12331,0
80000,1,1,2,38,1,0,-1,0,0,-1,26890,26559,25757,22346,20076,26006,1446,20342,24564,8071,7602,18669,0
190000,2,3,1,40,1,1,0,0,0,-1,46978,36710,32765,38495,47221,38886,1630,855,17203,29581,27875,21363,0
190000,1,1,2,48,0,0,-2,0,-1,-1,64001,90921,0,51962,66967,53995,63265,65471,0,47504,55780,18868,0
190000,2,1,2,37,0,1,1,1,1,0,58546,62680,46909,45260,39915,52440,35600,4632,2469,1569,5877,46379,1
50000,2,2,1,53,1,1,-2,1,3,0,37962,20666,0,34508,38396,35035,721,1980,0,3110,1611,28881,1
80000,1,1,2,32,0,0,-2,0,2,3,33181,23913,0,26961,24111,30477,31647,5611,0,22878,6539,4290,0
90000,1,1,2,37,0,0,0,1,0,0,22192,26249,27358,17590,15630,27738,15904,13491,18811,1377,2082,21741,1
80000,2,2,2,33,0,-1,-1,-1,-1,-1,60213,61271,55673,64008,62454,52354,33919,19687,32344,36216,48922,21792,0
150000,2,2,2,31,1,1,1,1,0,1,68167,64182,73176,74102,76818,72409,7428,5145,8948,5168,57728,6274,1
90000,2,2,2,35,-1,-1,0,-2,0,1,4242,5150,5159,0,5001,3611,2966,3343,1260,0,4227,240,0
320000,1,2,1,30,-1,0,0,0,0,0,124493,138049,106457,111949,87956,92177,100843,125267,43740,100691,29658,58793,0
40000,1,1,1,79,-1,-1,0,-1,-1,0,11091,13577,10973,7883,13173,14401,6650,3177,2867,5546,7717,10736,0
110000,1,1,2,41,0,0,0,-1,-1,-2,76435,65315,77884,65915,67118,0,68122,24902,42651,44422,34938,0,0
160000,1,2,1,45,-1,-1,-1,-2,0,-1,71045,35045,45829,0,39517,51580,30836,32373,42586,0,17854,45685,0
30000,1,2,2,33,1,1,0,-2,0,0,6556,7503,5637,0,5405,5414,231,4,4401,0,3900,1599,0
170000,2,1,1,39,0,0,0,0,0,-1,55580,47832,50805,45026,46706,56694,48768,21507,36907,38082,39118,43243,0
160000,1,1,2,43,1,2,2,0,0,-1,34710,37476,42488,40296,32584,35441,4069,300,2095,20077,27346,24549,1
90000,1,1,1,32,-2,3,2,2,1,1,0,49856,49696,50324,48045,57735,0,162,966,4583,4658,275,0
90000,2,2,2,32,1,1,3,1,1,0,59644,61058,51844,69043,53237,60638,12993,2206,7015,478,519,16041,1
230000,2,1,2,32,1,1,1,0,0,0,33330,39091,41311,43300,48385,29891,1576,9466,32,30696,24767,17646,0
100000,2,1,1,45,-2,1,2,0,0,0,0,42580,36178,48784,44146,40345,0,8378,2225,27986,24403,28612,0
40000,2,1,1,34,0,0,2,0,1,0,19509,16408,17457,16630,18866,15130,3675,12581,4227,10604,4245,7542,0
40000,1,2,1,37,-1,-1,-2,0,0,0,10408,9809,0,10828,10387,10016,7079,7485,0,8419,5932,6176,1
50000,1,2,2,48,-1,0,-2,0,0,0,6559,8041,0,6646,6873,6695,3658,4250,0,3501,5000,2843,0
210000,2,2,2,33,-1,-1,-1,-1,-1,-1,108419,97420,73453,78981,109375,79576,101632,79854,41611,25648,50507,51445,0
80000,2,1,1,33,1,2,1,3,3,2,46495,54245,46587,41817,54256,41293,5853,2988,1063,18887,1019,1465,1
270000,2,2,1,59,0,-1,-1,-1,-1,-1,196196,140764,201107,186748,143262,154301,164660,104898,90528,106594,122950,90976,0
100000,2,2,1,44,0,0,0,0,2,2,34601,36558,29926,29313,37240,24204,32072,20611,17393,13018,2830,1626,0
110000,2,2,1,35,-2,0,0,-1,-2,-2,0,15706,15864,15228,0,0,0,6007,4562,4079,0,0,0
160000,2,3,2,35,1,0,0,0,0,0,99999,96168,82627,82342,68498,91697,10623,37543,46238,73200,62419,50893,1
70000,1,1,2,34,0,0,0,0,0,-1,25298,29941,31850,29289,30769,30239,13037,21336,21202,8753,23780,23769,0
110000,1,2,2,48,3,3,1,0,0,0,65648,79080,75217,79293,78831,72212,16607,10475,8905,50118,55336,55964,1
150000,2,1,1,34,0,-1,-1,-1,-1,-1,42342,43428,34545,44925,34824,33789,26472,36727,21201,23646,7873,26479,0
70000,1,1,2,33,-1,-1,0,0,-1,0,26806,34523,31777,27254,29991,28611,20111,28272,5203,13142,21907,10670,0
240000,2,2,2,40,1,0,1,0,-1,-1,90771,89193,103059,69265,80421,92538,10485,86462,22240,58369,44383,90760,1
100000,1,1,2,35,0,-1,-1,-1,0,0,18924,20445,16027,13966,18578,14143,18261,4853,12084,7486,11100,11222,1
140000,1,2,1,44,0,0,-2,0,0,0,82227,71156,0,69257,59693,48433,71088,10212,0,39766,54456,45576,0
180000,1,2,1,32,1,1,1,0,0,0,120367,140579,87377,83793,93673,111813,8991,12592,2336,18657,55220,53526,0
320000,2,1,1,30,-2,0,0,0,0,0,0,136778,168140,161855,100846,148298,0,99999,54141,53299,73241,16517,0
110000,2,1,1,31,0,-1,-1,-1,-1,-1,15162,11310,11526,9819,9618,12395,12253,10365,2263,2230,7933,9484,0
150000,1,2,2,39,0,-2,0,0,0,0,24126,0,23611,23564,20359,20298,18277,0,8410,18347,13913,6771,0
20000,2,1,2,44,3,2,-2,0,0,0,15059,15737,0,13219,15182,11447,576,2511,0,7663,3808,8295,1
40000,1,1,2,65,0,0,1,1,-1,0,15930,15492,14251,13962,12311,13875,12054,11069,572,400,6020,9606,0
490000,2,2,2,35,-2,0,1,0,0,0,0,148986,207763,225249,196459,148329,0,132660,9827,189766,23606,108437,1
90000,2,1,1,35,1,-2,1,1,0,0,25859,0,23286,18819,18266,28180,1556,0,2236,1887,16446,25073,1
120000,2,3,1,42,0,0,0,0,1,0,18941,16717,22365,19591,22600,16203,17356,15278,15759,13720,2554,13008,0
70000,2,1,2,35,1,-2,0,0,-1,0,55140,0,44018,64352,59576,49181,16828,0,24296,20825,44348,32521,1
150000,2,2,1,33,0,-1,0,0,0,-1,107505,108977,93932,92153,74382,86241,93844,53791,74056,46978,54884,54014,0
70000,2,2,2,40,-2,-1,0,-1,-1,-1,0,19322,19412,18291,18835,20953,0,16880,15623,1124,15752,13226,0
40000,2,2,1,39,0,0,0,0,0,1,15576,14092,14120,13156,11711,11711,7673,8639,6919,11686,4799,63,0
170000,1,3,1,37,0,0,0,0,-1,-2,93105,87438,72357,109965,104077,0,61388,74569,49393,37827,49573,0,0
20000,2,2,2,50,0,1,2,1,0,0,1009,1119,1133,1085,811,850,540,36,5,21,343,457,1
210000,2,3,2,51,0,-1,-1,0,0,0,60861,61835,51276,49924,62820,56938,57822,29466,41546,22789,18442,23210,0
80000,2,2,2,31,-2,0,1,-2,0,0,0,22801,23998,0,24807,17056,0,9204,3,0,22121,12937,0
140000,2,2,2,46,1,1,0,1,-1,0,69925,57002,71906,68239,50763,76627,29349,987,45353,5678,35629,16704,0
80000,2,1,2,35,0,0,0,0,0,0,12801,11284,14243,11783,13920,12789,5837,7539,9131,8739,9851,8273,1
80000,2,2,2,41,-1,-1,-1,0,0,0,22180,24691,22641,24619,22331,17865,20536,5795,8815,9321,16496,11349,0
150000,1,2,1,37,0,-2,0,0,0,-2,12969,0,8610,10232,9341,0,5335,0,8279,6325,2941,0,0
50000,1,4,1,34,2,1,0,0,0,-2,18432,18807,26145,21277,20395,0,164,5163,11624,17593,14080,0,1
180000,1,2,2,47,-1,-1,-1,-1,-1,0,33446,25368,24322,24657,27827,27628,24617,13608,21481,16333,19862,18305,0
60000,2,1,2,33,-2,-1,0,0,-1,0,0,11569,12512,13472,12773,14811,0,9827,7915,8138,9045,11627,0
190000,1,2,1,38,2,3,2,0,0,0,84674,65592,79719,71606,62871,63767,1423,1085,9964,57845,55365,45302,1
50000,2,3,2,35,-2,0,0,0,0,1,0,14866,16010,13099,14725,12743,0,13077,8253,9818,9755,138,0
110000,1,1,2,38,-1,-2,-1,-1,-1,-2,11662,0,9484,10803,11205,0,8828,0,645,2520,1109,0,0
30000,2,1,1,30,1,0,0,1,0,2,12616,13275,13475,12138,12045,11186,2148,4997,4335,1812,9673,29,1
30000,2,2,1,31,-1,-1,-1,-1,0,-2,5465,7773,6681,5797,4707,0,3828,7290,2717,4708,4262,0,0
70000,2,2,2,39,0,0,0,-2,1,1,51421,37069,35002,0,48309,45345,27173,23384,17462,0,3574,150,0
90000,1,2,2,36,-1,0,0,-1,-2,0,7727,7060,6808,7598,0,6827,2206,2276,2127,1040,0,4708,0
120000,1,3,1,35,0,-2,0,-2,2,3,47729,0,54972,0,58644,54589,41292,0,41903,0,6017,8392,0
190000,2,2,2,39,0,1,1,0,-1,-1,115216,145449,148508,148127,128422,128376,100359,129,3454,60430,37720,96903,0
70000,1,2,1,32,2,1,0,-1,-1,-2,35818,36136,33061,29665,30205,0,10954,1474,6633,19262,29000,0,1
180000,2,3,2,40,-2,-2,0,0,-1,-1,0,0,68330,55516,67003,74622,0,0,26363,37914,21091,64202,0
280000,2,2,1,36,0,1,-2,0,0,0,56298,47989,0,59619,48381,54539,37344,1414,0,20802,36019,41375,0
70000,2,2,2,33,0,-2,0,0,-1,-1,6840,0,4554,7390,6760,7630,3781,0,2963,5930,2941,7344,0
40000,1,2,2,54,0,0,0,0,-2,0,5038,5959,5834,5638,0,5042,4535,3040,4926,2067,0,3938,0
30000,2,2,1,30,1,-2,0,1,1,1,16823,0,18653,16029,14908,11784,409,0,13030,863,389,1763,0
200000,2,2,2,40,0,1,-2,1,0,-1,31370,35286,0,28893,24652,29020,29133,2197,0,2125,16207,8782,0
250000,2,2,2,45,0,0,0,0,-2,-1,44737,34361,44852,38616,0,44212,19531,14139,11595,20314,0,21525,0
180000,1,2,1,31,0,1,0,1,1,0,24034,16871,22193,19933,14948,18394,16186,943,19114,2477,1397,16075,0
50000,1,3,2,39,0,-2,0,-1,-1,-1,16942,0,20206,18779,16808,19645,15499,0,17941,15963,3162,8083,0
150000,2,2,2,47,1,-1,0,0,0,0,26467,24973,20609,22456,24035,23104,3539,23814,15894,11165,4748,14304,0
80000,2,1,1,37,0,-1,-1,-1,0,0,6827,6485,5793,6143,6634,6057,2817,5406,5046,2688,1610,4514,0
300000,2,1,2,40,0,0,0,-2,0,-1,4118,4526,3634,0,2503,2499,3058,3947,2972,0,1580,1731,0
100000,2,2,2,38,1,2,0,0,0,0,44754,35149,38397,35260,38517,32119,2534,9257,19755,31665,28676,14916,1
250000,1,1,1,39,0,0,0,0,0,0,29231,26501,23020,19364,24672,22936,27435,12772,19791,15928,12063,10668,0
590000,2,1,1,32,0,0,0,0,0,1,251530,263822,281911,296989,253458,307239,174932,184294,38095,254862,136551,23804,1
160000,1,2,2,32,-2,0,0,0,0,-1,0,89210,70145,63165,83725,63498,0,82531,59699,48605,37077,48163,0
70000,2,2,2,31,0,0,0,-1,-1,-1,7669,6467,9082,7205,9916,9146,5594,5663,4716,5634,7259,4232,0
110000,1,1,1,51,0,1,1,1,2,0,47784,47313,38361,37437,43282,47857,20342,5762,4885,1047,1586,29688,0
300000,2,2,2,45,0,0,0,1,-2,1,65352,40958,61134,43948,0,53127,41789,40543,26751,2436,0,2496,0
30000,2,2,2,35,0,0,1,1,1,0,5210,5421,5304,6560,4581,4646,3812,4917,582,54,73,3155,0
60000,1,1,2,32,1,0,0,1,2,1,22492,19223,21508,17305,16394,14148,943,13244,1587,1575,537,1685,0
30000,2,2,1,42,-2,-2,0,0,1,1,0,0,24982,16896,20615,19065,0,0,13444,9841,2183,930,0
100000,1,2,2,31,0,-1,-1,-1,1,0,44815,29256,41572,37796,33468,32971,26840,21760,25462,30558,3145,28048,0
40000,1,1,1,45,-1,-1,-1,-1,-1,-1,3306,3986,5081,3801,5060,3994,2366,1767,4915,975,3093,1259,0
80000,1,3,2,38,0,1,0,0,1,0,15927,14828,14151,11189,13295,12169,12422,655,8637,5683,941,11692,0
30000,2,2,2,53,0,0,-1,-1,0,0,14091,20443,19012,17234,18066,14365,12830,19672,10586,10922,12399,8887,0
170000,2,1,1,40,0,-1,0,0,0,0,25864,24466,22066,15702,15484,20525,5798,15163,20494,7298,12844,7987,0
210000,1,1,2,35,0,0,0,0,1,1,39501,38465,35289,31748,37050,27540,30066,29158,13676,28969,1998,5033,0
110000,1,2,2,43,1,2,1,0,0,0,61199,75311,93522,84280,77416,71545,5366,4951,2945,41794,34657,54467,1
40000,1,2,2,30,2,1,2,2,0,0,8904,8440,6964,7577,7287,7186,1795,600,687,227,4777,3957,1
80000,2,2,1,43,0,0,0,0,0,0,20218,24993,22748,21343,23818,17304,15693,9650,6293,18507,15515,14957,0
70000,2,1,1,36,-2,0,-2,0,0,1,0,10607,0,8056,7512,7988,0,8547,0,6956,1830,357,0
190000,1,1,2,39,0,0,0,0,0,1,28296,23065,20203,26601,24951,26897,20119,19904,12255,20627,19265,3593,1
230000,1,2,1,40,-1,-1,-1,-1,-1,-1,77263,55017,63792,50163,66565,43475,60546,33085,57329,35481,31481,31477,0
220000,2,2,1,41,0,0,0,-1,0,-1,39321,48604,47851,35389,34518,41819,12163,30724,26663,25074,20095,29894,0
710000,2,2,2,36,0,0,0,0,0,0,314191,312024,322148,262525,209467,260550,5842,291058,197781,140726,201283,153588,0
60000,2,1,1,38,0,-2,-1,-1,-1,-1,15779,0,14446,15313,13928,11850,13956,0,9476,4379,13418,8259,0
90000,1,1,2,47,-2,1,1,1,0,0,0,26521,17459,25857,24901,24611,0,1879,578,2261,15769,18315,0
260000,2,2,2,36,-1,-2,-1,-1,-1,-1,40638,0,46297,38837,36779,30619,31454,0,18406,20440,14396,14847,0
150000,2,1,2,30,0,0,0,0,1,0,25847,29469,31874,19131,30999,33532,24684,17973,11918,10246,6144,18898,0
40000,1,1,2,33,0,0,1,1,0,-1,21451,27645,25020,21468,23433,21112,14280,23038,4625,1386,18025,19553,0
120000,2,1,2,33,0,0,-2,0,-1,-1,14074,19795,0,18355,15562,16262,10912,18880,0,13191,10467,7838,0
130000,2,2,1,31,0,0,1,0,1,0,69908,80806,54017,73991,67695,64813,57788,56761,15798,36660,7640,45398,0
200000,2,3,2,37,-1,0,0,0,0,0,41895,40763,44809,33604,28415,24964,37620,37686,31702,2861,20368,21362,0
70000,1,2,2,37,-2,0,-2,0,2,3,0,26497,0,32994,17537,26039,0,18857,0,20402,396,4770,0
120000,2,1,1,35,1,1,2,0,2,1,37662,40224,37811,30097,32852,27991,3720,352,1744,22038,3543,661,1
70000,2,1,2,31,0,1,1,0,0,-2,7239,9277,9881,9753,9150,0,6384,575,31,1290,8703,0,0
110000,2,2,2,31,0,0,0,0,-2,0,35323,32001,38645,29989,0,30340,28030,17300,29955,24685,0,17750,0
30000,2,1,1,36,0,1,1,0,0,0,8312,8460,7586,6863,8586,7740,4740,367,3676,5439,3212,4557,0
100000,2,1,1,42,0,0,-1,0,1,0,53744,52233,55374,48426,42782,39220,11187,21523,18212,35501,3563,24226,1
110000,2,3,1,33,0,0,0,0,1,0,31194,37861,27268,31271,40052,35534,20209,6886,15832,26205,2391,22944,0
170000,2,2,2,36,-1,-1,0,0,0,-1,33548,19437,21264,31977,26939,27431,14222,12874,17495,8007,6484,18197,0
80000,2,2,1,45,0,0,0,0,0,-1,24869,19975,19850,23765,22083,22397,21864,3595,15459,22854,18022,17457,0
100000,1,1,1,34,1,1,0,0,-2,0,48706,33009,32221,49920,0,46034,5145,5168,23447,40598,0,28112,1
100000,2,1,1,32,0,0,0,0,0,0,64708,85776,68842,43547,66092,65063,38934,43473,55982,29307,56905,39571,0
60000,2,1,2,34,-1,-1,-1,-1,-1,-1,9051,6718,7016,8427,6384,8953,5727,5829,2457,1881,1835,6061,0
50000,2,3,2,56,0,0,0,0,-1,-1,21968,26658,25554,29863,20833,19508,11177,25107,11386,17758,17261,4372,0
50000,1,3,2,43,0,0,0,-2,0,0,18667,16532,14945,0,14838,15823,15863,5778,5011,0,6459,11534,1
130000,1,3,1,31,-1,0,2,2,2,1,32033,20784,26612,25874,23332,28973,27451,3116,4594,852,513,3369,0
150000,1,2,2,32,1,1,0,-2,0,0,76773,84671,68482,0,92163,61303,1930,36854,54877,0,88484,53567,0
160000,2,2,2,33,0,-1,-1,0,0,-1,4723,3672,4340,3405,4048,3682,2139,2515,2386,564,3462,2104,0
390000,2,1,1,37,-1,0,0,0,-1,-1,134873,116766,104324,120254,109080,116355,109685,93276,85263,86196,83123,98995,0
150000,2,1,2,32,0,0,1,0,0,0,74764,92672,85748,80322,73970,99859,22547,50529,34255,76995,62606,24683,0
110000,2,3,2,39,0,-2,0,-1,-1,0,61168,0,50888,44563,51559,39366,42052,0,29708,25869,32056,25261,0
80000,2,1,1,45,1,2,0,1,0,0,31033,26306,28422,30635,21992,25943,3759,1490,19828,1808,8199,25470,0
180000,1,2,2,37,0,-1,0,0,0,-2,41167,44996,52600,32731,30391,0,28708,38490,47252,24426,21429,0,0
110000,2,2,2,45,0,0,0,2,1,0,60144,61301,78925,57122,55715,39546,15832,34616,44367,5345,3985,9941,1
80000,2,3,2,32,-1,-1,-1,-1,-1,-1,19511,28605,31137,26235,21312,24758,9431,22700,23612,19251,8135,18724,0
50000,2,1,1,30,0,0,0,1,1,0,10389,9261,12299,9708,9650,7575,4583,4860,8265,250,4640,3771,0
150000,1,1,1,66,0,-2,0,-1,-1,-1,19806,0,15582,22285,10680,20146,7484,0,10748,19072,2851,15083,0
170000,1,1,2,36,0,0,0,-1,-2,-1,53171,71578,51806,51338,0,52255,35235,60043,31913,33904,0,47658,0
240000,2,2,2,45,0,0,0,0,-1,-1,115647,136126,125198,124215,134889,125018,85335,90898,58446,34750,82338,86271,0
100000,2,2,2,33,0,2,0,-1,0,0,73768,71171,87380,82291,89554,70317,66766,4594,55224,60149,33225,51639,0
90000,1,1,1,31,1,0,0,0,-1,-1,37520,38990,38528,38863,35347,38634,2525,9461,18695,19008,19415,26969,0
190000,2,2,2,33,2,1,0,0,0,-2,62949,51009,61271,33453,47533,0,515,2748,36288,13542,43941,0,1
110000,1,2,1,47,-2,0,0,0,-1,-2,0,12674,21869,22063,21218,0,0,6474,10339,17980,5426,0,0
90000,1,2,2,36,1,-1,0,0,0,0,14146,12857,13603,13349,11523,14811,1372,6201,2345,9064,8804,9035,1
190000,2,2,1,38,0,0,-1,0,-1,0,13267,11841,10804,11152,10657,11758,10747,3814,4291,8627,9589,7390,0
40000,2,2,1,34,0,-1,-2,-1,-1,-1,13328,9668,0,14817,14191,14540,8743,3128,0,10902,8534,3445,0
290000,2,2,2,31,-2,-2,0,1,0,0,0,0,138445,107028,103592,105534,0,0,91994,6453,77754,90586,0
300000,2,3,1,31,0,0,0,0,0,0,114476,132767,132193,96673,97305,128054,85830,83250,121570,78304,66210,61330,0
40000,1,2,2,35,1,0,1,0,0,-2,8433,8805,9781,7902,7241,0,97,2948,11,4881,5892,0,0
100000,2,2,1,31,0,0,0,1,-2,0,33500,26754,25032,22148,0,24121,16334,15448,18455,2543,0,17713,0
80000,1,3,1,54,0,0,1,2,1,1,18424,16828,18146,14837,18591,13628,9739,10699,4422,88,758,364,0
30000,2,4,1,45,-1,0,0,0,-1,-1,17603,17613,13479,14148,16182,14149,13449,4837,12296,13330,3908,10493,0
100000,2,2,2,35,0,0,0,0,0,0,56348,47965,49709,52533,49917,51437,45687,24115,33606,45564,31050,28695,0
80000,2,1,2,41,-1,-1,0,0,0,0,43301,60595,57517,78055,46422,43505,30743,42160,51138,55509,31088,32754,0
70000,1,2,2,34,0,0,0,0,0,-2,19418,17822,17269,19144,17196,0,14737,10857,14928,16725,10105,0,0
70000,2,2,1,43,0,-1,-2,-2,0,0,32887,39720,0,0,36735,37133,29050,35327,0,0,27231,20112,0
100000,2,4,2,42,0,0,-2,0,0,0,18025,20717,0,16160,15682,18106,11170,17799,0,7790,14397,13128,1
100000,2,3,2,34,2,0,0,0,-1,-1,61789,55058,65414,61014,56619,55835,4840,43892,62172,16876,28191,32769,1
40000,2,1,1,38,-1,-1,-1,-1,0,-2,9913,10381,8973,6605,8010,0,3201,9954,5029,3927,7914,0,0
70000,2,2,2,31,0,0,0,-2,-1,-1,14797,15160,12255,0,12507,11042,12339,11098,9292,0,4673,5719,0
120000,2,2,2,33,0,0,0,-1,-1,-1,13442,17933,14474,17004,20579,17062,10008,14256,10508,15987,12081,16000,0
150000,1,3,1,45,-1,-2,0,0,-2,-1,44803,0,47567,48338,0,53067,30718,0,41907,25861,0,43085,0
260000,1,2,2,32,2,2,1,-2,1,-2,70372,63547,70520,0,57273,0,6139,7805,1148,0,1935,0,1
70000,1,2,2,44,0,0,-1,0,0,-2,11837,11778,8381,10800,11464,0,9156,7522,2619,6975,10961,0,0
190000,1,1,1,48,0,0,0,0,-1,-1,133131,103367,170359,118386,103384,102218,117078,93915,42356,32809,80097,55414,1
330000,1,4,2,30,-1,-1,0,1,2,2,197356,245056,204461,189634,193492,202883,168721,134468,146095,6833,2478,8134,0
90000,2,2,2,32,0,0,-1,-1,-1,0,54351,50877,41047,54746,53482,48098,38113,42834,26252,9586,44522,17461,0
230000,2,2,2,50,-1,0,0,0,0,-1,180950,145783,144430,134622,150960,105333,69655,91482,109387,104357,143847,50756,0
110000,1,2,2,43,0,-1,0,0,0,-2,66966,48906,50583,48576,52422,0,51137,17267,29958,19725,45101,0,1
50000,2,2,2,36,0,0,0,1,2,-2,16517,18837,15264,16415,19228,0,11463,15566,8753,297,140,0,0
30000,1,1,1,39,0,0,0,0,0,0,6277,8376,7886,8303,8092,6988,3712,4504,6218,5943,4713,4518,0
140000,2,2,2,37,-2,0,0,-1,-1,-1,0,46387,40530,38309,47451,43550,0,10821,21687,20076,15200,34836,0
140000,2,2,1,31,0,-1,-1,-2,-1,-1,34161,27731,26770,0,16998,19000,14004,12599,19637,0,13627,13060,1
130000,2,2,2,62,1,1,0,0,0,0,42920,33902,36931,39910,28030,37627,4547,299,17842,13043,16112,32421,1
70000,2,2,1,33,1,1,0,0,0,-2,46499,42024,50333,27377,45415,0,13595,7188,38938,25905,22056,0,1
50000,1,2,1,31,1,1,1,1,1,1,27589,28536,28461,19526,25138,20735,4601,9690,2423,4082,302,2340,1
30000,1,2,2,35,0,0,0,0,0,0,18002,19684,17910,13401,16234,16820,14357,5621,7843,8073,7112,13383,0
60000,2,1,2,43,-2,0,-2,1,3,2,0,15458,0,13868,16333,12391,0,8626,0,960,3952,271,0
310000,2,3,1,31,1,2,2,0,2,1,194672,183606,220881,229077,235330,128815,12870,91640,3059,107785,18463,20044,1
70000,1,2,1,44,0,0,-1,0,0,0,32315,31859,30584,35554,23751,29630,14841,25468,14450,20752,23365,20868,0
70000,1,2,1,32,1,-2,0,0,1,0,14907,0,18327,15831,11398,11658,4000,0,10490,9595,1842,7372,0
330000,2,2,2,54,-1,-1,-1,-2,0,0,125835,107415,99281,0,102575,79887,116914,45318,95178,0,64242,40331,1
50000,1,2,2,52,-2,0,0,0,0,-2,0,7308,7797,8206,8407,0,0,5440,5375,1747,6477,0,0
70000,1,1,1,49,0,-2,0,0,0,0,54656,0,53901,47405,53592,34416,44204,0,49002,26634,19606,29855,0
140000,2,1,1,33,-2,-1,-1,-1,-1,-1,0,25991,19212,20835,20945,21672,0,13246,13868,4451,14753,15736,0
120000,2,1,2,32,-1,-1,-1,-1,-2,0,89077,82083,90353,74143,0,67795,55305,11804,81908,60382,0,43394,0
110000,1,3,1,42,3,1,2,3,6,2,42966,60644,41209,55686,52104,45675,6948,2298,603,1889,11401,2376,1
110000,2,2,1,36,-1,0,0,-1,-1,-1,57924,60219,60224,69059,59599,55979,36456,26679,42243,33892,13174,24869,0
160000,1,1,2,41,0,0,-2,-2,0,0,27633,28059,0,0,26952,21655,20375,21886,0,0,15033,15871,0
40000,2,2,2,37,0,-2,-1,-1,1,1,4820,0,6009,4476,3192,4819,3408,0,4649,1816,592,101,0
230000,2,2,2,36,0,1,2,1,0,0,99137,101145,91868,69843,81981,92210,37570,12738,1986,6721,51460,86599,0
340000,2,2,2,31,0,0,0,0,0,-1,153542,151525,119549,99991,108584,89862,99666,77110,103838,60754,25802,80634,0
70000,2,2,2,31,2,2,1,1,2,2,51038,63802,55033,39954,64466,47132,703,5878,9542,693,20109,10947,1
70000,1,2,3,38,0,-2,1,0,-2,0,15467,0,18007,19982,0,17140,9370,0,136,18998,0,7689,0
80000,1,2,2,30,1,0,0,0,0,0,56612,49473,56444,44727,56101,43581,1167,41379,50826,30169,40077,12275,1
80000,2,1,1,43,-2,-2,0,0,0,0,0,0,28391,20252,20020,24600,0,0,24266,14766,10451,4017,0
90000,2,1,1,36,0,0,0,-1,-2,-1,31732,27006,30487,32959,0,23743,20520,16189,16008,25275,0,19210,0
110000,2,2,2,60,1,1,0,1,1,1,77962,44914,49601,58680,47384,49285,9364,207,23056,850,1943,3397,1
120000,1,1,2,35,-1,-1,-1,-1,-1,-1,72967,88249,56692,76034,63552,61121,50776,35126,47092,26246,55445,32299,0
30000,1,3,1,36,0,0,-2,-1,0,0,7430,8760,0,9009,5466,8190,5598,4887,0,2349,3984,3080,0
70000,2,1,2,46,0,0,1,1,1,0,29483,37466,31546,30547,25246,25168,18819,32816,3425,784,5210,10264,0
230000,2,2,1,33,-2,0,0,0,-1,-1,0,95094,114740,79684,100922,75487,0,11374,84113,51897,29358,20114,0
630000,2,4,1,36,1,0,1,1,0,-2,486146,593575,552121,496763,385452,0,16529,551567,1441,83398,276007,0,1
30000,2,2,2,30,0,1,3,2,2,2,9564,8345,9613,7688,7929,10351,7169,797,2406,681,606,2114,0
160000,1,2,2,39,1,0,-1,-1,-1,-1,91549,90094,105997,89811,88174,72146,9269,68745,65415,73034,33034,30050,0
30000,1,1,2,40,-1,0,0,0,0,-1,3400,2724,3113,3903,3076,2480,2323,1813,2303,1538,1556,762,0
300000,2,3,2,45,-1,-1,-2,-1,-1,0,93948,84992,0,87048,128816,96240,18018,41352,0,57944,69601,15984,0
330000,2,1,1,32,0,0,0,0,0,0,51511,54352,60068,61232,55616,58928,23472,41486,50580,20179,39453,31526,1
120000,1,2,2,43,1,0,-1,-1,-1,-1,54594,65462,52818,55773,49010,52044,4573,39370,33614,27663,22841,45944,1
60000,2,2,1,33,2,2,1,1,1,1,35991,34754,43087,44766,46653,34424,1613,1433,759,1191,2114,3245,1
60000,2,1,2,34,1,0,0,0,-1,-1,12336,9750,10429,6458,8197,8579,829,8871,8774,4545,7284,7750,0
30000,2,2,2,37,0,-1,0,0,0,1,19180,17027,17438,15219,15242,17490,17490,9485,10462,13320,8086,315,0
90000,1,2,2,32,2,1,1,1,1,-2,19594,24871,23544,25286,21701,0,873,2739,1840,2840,1913,0,1
220000,2,1,2,34,-1,-1,-1,-1,-1,-1,25727,21709,21326,18511,17814,21406,18501,19412,16494,6099,10097,19075,0
60000,1,1,2,45,-1,0,-2,-1,-1,-1,26178,32090,0,28691,30604,29162,14535,24029,0,15951,20448,3382,0
50000,2,2,1,40,-1,-1,0,0,-2,0,12513,12051,11635,8959,0,8707,6169,5003,10233,6382,0,5405,0
220000,2,1,2,36,-1,0,-1,-1,-1,-1,37066,38467,38779,31024,40302,33826,24353,29913,15280,10456,34273,25575,0
60000,1,2,2,38,0,-2,-2,0,-2,-1,4083,0,0,2733,0,2963,3765,0,0,964,0,1897,0
110000,2,1,1,37,0,1,-2,0,-1,0,52838,48580,0,34331,47308,54806,44702,408,0,28379,24073,47708,0
80000,2,1,2,40,0,0,-2,1,2,2,60387,66163,0,56238,58886,56946,58087,52900,0,16268,2300,864,0
470000,1,2,1,35,1,1,0,0,0,-1,105930,119003,112405,124858,124735,141849,5105,4521,52247,66355,85074,138231,0
90000,1,3,1,32,-1,-1,-1,-1,-1,-1,46288,60431,35921,61663,54824,54599,45477,53295,18681,37309,19203,51627,0
50000,1,2,2,43,0,0,0,-1,-1,-1,21242,20994,19715,19589,18493,19138,20166,13629,10782,17465,4863,15074,0
220000,2,1,1,33,-1,-1,-1,-1,-2,-1,47422,41557,41989,45886,0,39829,25517,37260,28985,30517,0,29079,0
20000,2,2,1,32,0,0,1,2,2,-2,8533,8504,9021,8790,9241,0,4716,5154,3759,2731,1807,0,0
90000,1,3,2,30,2,2,1,1,1,1,27416,28742,18205,33287,23324,24747,6557,2999,457,870,2455,1188,1
150000,1,1,2,41,3,1,2,2,1,0,40588,26218,43618,35660,33343,43923,11289,1024,12157,2324,1390,31873,0
30000,2,3,2,44,0,0,0,0,0,1,6107,7799,5059,6770,5379,5574,1906,4630,4574,2701,4457,1405,0
80000,2,1,2,42,0,0,-2,0,0,0,33156,38686,0,35830,27504,33838,27558,19699,0,10157,10694,15871,1
360000,2,3,2,41,0,2,1,0,0,0,39322,49384,47150,35784,38364,40830,20304,187,19131,27452,17034,21321,0
40000,1,1,1,41,0,-1,-1,-1,0,0,27851,25887,27140,27835,29207,22150,22212,6466,18069,6646,12245,10322,0
70000,2,2,2,30,1,0,0,0,0,0,43245,33029,32711,29504,36574,39418,1140,27157,22930,18271,30043,21456,1
60000,1,1,2,44,0,0,0,0,-1,-1,17921,13897,17685,19256,14676,12305,5466,12034,10872,8379,5825,9878,0
330000,2,1,2,46,0,0,0,0,0,-1,10992,10907,10180,10605,11920,8155,1230,9617,5096,1910,10320,6666,0
130000,2,2,2,42,0,0,0,0,0,-1,11378,12122,12965,10311,9439,14435,7756,7856,9145,1932,6914,10092,0
110000,2,2,2,37,-2,0,0,-2,-1,-1,0,12908,13472,0,13801,13079,0,8737,4675,0,10081,6981,0
70000,2,3,2,34,0,-2,0,-1,-1,-1,3081,0,2523,2303,2889,1897,1546,0,1549,1443,2275,1783,1
150000,1,4,2,39,0,-2,-1,-1,-1,-1,20916,0,20454,14573,18279,14206,19414,0,3227,10961,9208,7190,0
50000,1,1,1,31,0,1,1,0,0,1,39969,28127,26420,31184,33885,34394,21296,4966,312,22608,23792,399,0
210000,2,2,1,64,-1,0,-1,-1,-1,0,166649,152572,124881,129095,126992,119341,21117,80473,72190,81734,66896,37773,0
120000,1,3,2,38,0,-2,1,0,0,0,11298,0,12992,12459,9933,10735,7240,0,1519,10917,3975,4011,0
150000,2,2,1,31,1,-2,0,0,-1,0,48723,0,29081,44660,37026,45162,5082,0,11504,34803,7087,5934,1
80000,2,3,1,36,-1,-1,-1,0,-1,-1,49165,47281,46909,51410,43073,40780,9304,14591,44551,30579,37219,7131,0
40000,1,2,2,40,0,0,0,0,1,0,10945,9145,9582,10022,10013,8485,6299,4316,8443,6178,413,6239,0
400000,1,3,2,34,0,0,0,0,0,0,137795,118292,122110,131074,113965,105443,32308,81300,24042,74216,28976,55359,0
150000,1,2,2,40,0,1,0,0,0,-2,24987,27729,26867,19954,21067,0,13348,1121,14531,14529,13689,0,0
120000,1,2,2,46,1,-2,1,1,1,1,65227,0,68338,58007,47412,52086,330,0,170,3118,2453,3403,0
50000,1,2,2,31,0,0,1,0,0,-2,32707,32744,34770,40965,37760,0,26423,10375,2863,19631,36489,0,0
60000,2,1,2,36,0,0,0,0,0,0,38924,40913,40395,45543,39168,37072,21852,31894,21797,11069,31741,22300,0
70000,2,2,1,36,0,0,0,0,0,0,27872,34478,37915,37375,31604,28047,17661,21041,29437,16457,27715,11005,0
200000,1,2,1,30,0,0,-1,-1,0,0,106683,100526,108848,62197,90341,74093,48693,57960,50611,40742,34558,47866,1
50000,1,2,2,52,1,0,0,0,-2,0,7057,5674,9729,8806,0,8641,262,3240,5987,3369,0,4199,0
180000,2,3,1,33,1,1,0,0,0,0,110417,105081,131540,100713,114581,102898,15611,5567,98415,47758,65073,65303,0
60000,1,2,2,33,2,1,-1,-1,-2,0,31501,23931,31812,21125,0,27398,11847,1942,17931,7910,0,16831,1
140000,1,3,2,32,0,-1,-2,-1,-1,-1,35766,37924,0,39478,43241,29514,22061,30746,0,17530,31661,20690,0
40000,1,2,2,32,1,0,1,1,1,0,11014,7490,8544,8860,7746,6299,2030,4442,3975,117,1754,2792,0
130000,1,2,2,32,0,0,1,1,0,2,17311,22559,19824,22488,19992,20804,16618,9546,7019,327,10013,2200,0
160000,2,2,2,43,-1,-1,-1,-1,-1,-1,74866,100702,97699,107414,104344,72688,32082,18802,63015,32580,98627,67436,0
140000,1,2,1,49,1,1,1,0,0,1,69520,75390,57175,48601,56870,58387,21928,446,162,45822,35422,570,0
90000,2,2,2,40,0,0,0,0,0,-2,46536,41371,42128,41273,39305,0,38785,28374,26007,38341,11661,0,0
150000,2,2,1,52,0,0,0,-1,0,-2,77859,84484,75395,70664,79423,0,51295,59162,41368,43578,23553,0,0
20000,2,2,1,35,0,0,-1,0,0,-1,8274,9589,8394,8922,8045,7245,5857,6068,304,7633,4767,5058,0
30000,2,2,2,33,-2,-2,-1,-1,-2,-1,0,0,10161,11025,0,9358,0,0,7486,7385,0,9232,0
220000,1,2,2,33,0,0,0,0,0,0,41914,39471,38263,35075,34137,37812,1638,33981,35464,19170,24878,14010,0
80000,2,2,1,35,-2,0,0,-1,-1,-1,0,40153,40633,45463,42806,36396,0,21180,18550,12614,32263,29795,1
120000,1,1,2,40,-1,-1,-2,-1,-1,-1,53969,35120,0,45098,49128,46247,25326,27223,0,40747,22380,35597,0
200000,2,2,1,32,1,1,0,-1,-2,-1,172224,167764,127399,177976,0,185088,23561,6826,95759,36622,0,175073,1
40000,2,1,2,31,1,0,0,0,-2,2,4787,7266,6828,7058,0,5335,821,2504,5471,5258,0,341,0
130000,1,2,2,35,0,0,0,0,0,0,26691,26822,23651,25695,28837,20811,23931,19894,9319,7973,15841,8074,0
140000,2,1,1,39,-1,0,-1,-1,-1,-1,43757,42220,43139,36721,40779,26705,31983,28890,40591,20007,23379,17059,0
110000,1,3,1,36,0,0,0,-2,0,0,37818,26149,27767,0,28096,29188,25862,6551,20470,0,19744,24457,0
90000,2,1,2,44,-1,-1,-1,-1,-1,0,15874,18462,25055,20704,25262,13870,5675,6065,24201,6876,11154,7273,0
160000,2,2,2,40,0,-1,0,-1,0,0,14976,12908,13680,14833,18213,14510,10926,11988,8851,7813,10861,12860,0
30000,2,3,2,34,0,0,-1,0,0,0,8914,5825,5958,6204,4780,5551,1258,5478,5398,1626,3254,4467,1
90000,2,1,2,31,0,-2,0,1,2,0,49139,0,57982,63153,63399,54395,37749,0,36448,9750,1380,14975,1
160000,2,2,1,46,0,-2,0,1,1,0,24335,0,28724,22512,20796,20097,23746,0,22553,1231,2217,15135,0
170000,2,2,2,36,0,-2,-1,-1,-1,-1,54456,0,41831,38522,44752,45075,19202,0,24666,31623,21550,42459,0
20000,2,2,2,30,1,1,2,1,0,1,8016,8050,10483,9890,10159,9548,686,197,380,200,3386,1189,1
80000,1,2,2,33,-2,-1,0,-1,0,0,0,24721,36310,36772,30291,33904,0,22518,28063,31073,6934,16267,1
110000,2,2,2,32,0,-2,-1,-2,0,0,15705,0,13712,0,22145,19451,12045,0,11583,0,16815,12273,0
90000,1,3,1,41,0,1,1,-2,0,1,7020,6334,5448,0,6351,6158,5626,631,214,0,3971,794,1
120000,2,3,1,31,3,3,2,-2,2,1,26003,26370,25919,0,24027,28703,3263,28,190,0,5235,1877,1
150000,2,2,1,38,0,1,3,3,0,0,95566,78511,85446,103707,57176,82140,91517,9522,16158,11164,24044,77135,1
30000,1,1,2,36,-2,2,1,1,1,2,0,7694,6976,7536,8126,3896,0,354,249,931,2582,993,0
90000,2,1,1,32,0,0,-1,0,0,0,59041,73004,52463,76340,51441,47310,37427,42686,21939,41465,29505,26009,0
100000,1,1,2,39,0,0,0,0,-2,0,8519,8616,11248,9545,0,9024,5729,6417,9172,7126,0,7174,0
140000,2,2,2,48,0,-1,0,0,0,-1,74141,83032,74042,66692,58728,42567,43161,77149,9760,47589,21460,34606,1
50000,1,3,1,38,0,1,2,-2,2,3,7196,7313,6221,0,7736,6309,355,990,78,0,1841,536,0
250000,2,1,1,32,1,0,0,0,1,0,140422,130839,156419,127574,137752,127370,34501,104144,73975,123630,4622,86059,0
130000,2,2,1,37,0,0,1,1,0,0,132193,150726,96020,102505,111346,115241,64960,61480,712,8658,103268,21469,0
60000,2,3,2,33,1,2,3,3,4,5,11027,6979,8029,12287,9864,7721,116,297,1135,826,3660,271,1
50000,2,1,1,34,-1,-1,-1,-2,0,0,19977,17292,17218,0,18182,20913,19652,11946,14142,0,12309,18558,0
140000,2,2,2,37,0,0,0,0,0,1,7040,6547,6724,6200,4694,6787,6835,2753,2818,3526,4042,2434,0
130000,1,1,1,39,0,0,0,0,0,0,58790,70709,46835,59838,59421,50874,9377,33160,33876,39552,45157,15067,1
230000,2,2,2,41,-1,0,-2,0,-1,-1,89039,99126,0,86902,107837,64267,77403,68170,0,53376,97790,59965,0
60000,1,2,2,32,1,1,2,2,1,0,28153,21025,22787,24737,21575,20361,2050,4070,2212,3926,510,8626,0
340000,1,2,1,39,-1,-1,-1,-2,-1,0,206678,204731,137588,0,212386,154220,112373,142325,95388,0,178882,82620,0
90000,1,1,1,36,0,0,1,0,0,1,63882,50277,61941,62868,58124,48289,47466,41333,294,57473,53473,704,0
120000,2,1,2,56,0,0,0,0,0,-1,66085,69809,61396,46074,56965,55134,48079,40399,57785,22371,47205,34813,0
50000,2,3,1,55,0,0,-1,-1,-1,-1,18455,20195,16152,15236,18319,16354,11394,9883,4040,14129,17599,14497,0
80000,1,2,2,34,0,1,0,1,2,2,33053,24611,25476,33682,29595,33687,9396,80,23085,530,5823,4621,1
130000,2,2,2,34,0,0,0,0,0,0,36755,42237,35297,27590,34536,25953,20979,37433,17657,26554,32457,14460,1
80000,2,1,2,57,0,0,0,-1,-1,-1,2150,2568,2484,2500,1994,1941,1231,1878,1187,1841,533,725,0
90000,2,2,2,41,0,0,0,1,0,0,32898,29607,23693,21590,22721,25313,26782,23361,4542,1750,8535,8997,0
180000,2,2,1,48,1,0,0,-1,-1,-1,69034,58646,41223,67890,66160,52943,11418,15356,24329,38486,31299,29243,0
80000,1,1,2,43,-1,-1,-1,0,0,0,8048,9877,9656,10760,11622,11704,4839,1870,7260,5494,5632,9292,0
90000,2,2,2,35,-1,0,-2,-1,-1,-1,26549,32893,0,30973,24025,21740,16871,15633,0,27826,16802,9990,0
150000,2,2,2,40,0,0,0,0,1,-2,114950,109985,105848,87755,86589,0,80256,46842,89304,36900,5811,0,0
150000,2,3,1,30,0,0,0,1,0,-1,84331,64231,64621,64690,66947,61582,21755,20522,49104,3937,34445,41288,0
140000,2,2,1,32,0,0,0,-2,-1,0,18084,17932,16617,0,14773,13461,14928,13664,15244,0,4747,10179,0
40000,2,1,2,36,-2,0,0,0,0,0,0,6492,4806,5364,5506,5748,0,5957,3501,2588,3944,2084,1
10000,2,2,2,34,0,-2,1,-1,-2,1,7001,0,7881,5363,0,6076,1687,0,1532,4413,0,81,1
210000,2,3,1,30,1,3,2,0,-1,-1,112964,108810,120591,112684,120961,111365,12965,37843,22959,70632,90233,82252,1
110000,1,1,1,37,0,0,1,3,3,2,86167,75871,57388,75230,68945,85643,46090,19392,8165,10190,6287,3216,0
90000,1,2,2,31,0,0,0,0,-2,0,63113,43904,43501,36695,0,54966,61039,39860,10661,28605,0,29198,0
80000,2,2,1,36,0,-2,1,0,0,0,16064,0,20081,16600,24634,20950,11143,0,658,15212,16660,13552,1
30000,2,1,2,46,-1,-1,0,-1,-1,0,10138,9290,8438,8470,9071,8533,2175,4391,5260,4602,8521,4441,1
110000,2,3,2,36,-2,-1,-1,-2,-1,0,0,42008,31822,0,35671,24301,0,14232,22778,0,18830,13304,0
70000,2,3,1,36,0,0,0,0,0,-2,5528,4850,5449,5953,4983,0,4948,3314,4982,4721,2701,0,0
590000,2,2,1,34,0,0,0,-2,-1,-1,228468,215164,195886,0,174451,211529,181811,113418,177809,0,104714,148001,0
80000,2,4,1,33,0,0,0,0,0,0,36176,34134,47017,38858,29504,32717,13029,31830,4599,22029,13643,11905,1
70000,1,3,2,30,1,0,-1,0,0,0,57484,59514,52391,48363,46363,52016,13141,45206,38675,34186,33220,39139,1
160000,1,1,2,37,0,0,-1,-1,-1,0,30136,37385,28391,36685,37769,34514,14224,27688,8243,27373,10105,9662,1
80000,1,2,2,42,0,0,-1,-1,0,0,57132,64055,60850,40438,51971,49136,34366,36541,34871,23535,22623,31985,0
130000,1,3,1,31,0,0,0,1,0,1,74359,41105,50822,59021,52117,53903,38868,32654,6547,17119,35471,9514,1
90000,2,1,2,34,-1,0,-1,-1,-1,-1,20878,14582,12838,16202,10160,11965,15785,11972,2615,10623,4792,9957,0
210000,2,1,2,35,0,-2,0,0,0,-2,46826,0,41269,38916,33226,0,20593,0,12173,21264,25558,0,0
340000,2,2,2,51,0,1,1,0,0,0,151639,165547,187126,168851,185425,136105,45971,5174,4895,100474,70703,88550,1
130000,1,2,1,43,0,0,0,0,1,1,66897,38795,49056,48055,44533,45354,19036,10452,27210,19884,7130,1492,0
90000,1,2,1,38,0,-1,0,1,3,3,26344,20415,21540,24765,18962,23773,7812,16734,12666,1985,4377,160,1
90000,2,1,2,34,-2,0,0,-1,0,-1,0,22590,21225,16829,20533,15942,0,9092,11965,1998,18562,8949,0
20000,1,2,1,32,2,0,0,1,2,2,10635,13450,13872,10671,11301,11402,1687,3169,7178,963,1156,1174,1
50000,1,1,2,39,-2,0,0,0,0,0,0,23095,22390,19226,27374,23562,0,6556,11728,14248,6994,14864,0
20000,1,2,2,34,-1,0,0,0,0,-2,8147,6977,7225,4530,6143,0,2259,5875,6061,505,5785,0,0
80000,2,2,3,47,0,0,0,-1,-1,0,54967,41282,79238,44018,64542,50288,35669,21695,29387,40365,34666,26428,0
150000,2,1,2,34,0,-1,-1,-1,-1,-1,61558,56840,60345,64724,55828,57208,43214,50928,46025,19197,27754,26328,0
50000,2,3,1,34,0,0,0,-1,0,0,9956,10641,7261,8422,6225,6874,3906,2127,6711,7789,4923,2673,0
50000,2,1,2,30,0,0,0,0,-1,0,41880,36909,43733,37949,28196,45026,40557,25302,30890,24192,17332,10533,0
60000,2,1,1,32,0,1,0,0,0,0,32878,27633,27900,22576,28350,25085,12838,91,15974,3976,25806,10702,0
50000,1,1,2,34,0,1,1,0,0,0,20534,16832,16966,16860,13237,12636,17807,197,3254,13070,9419,8763,1
150000,1,1,2,34,0,0,0,1,0,0,72955,82325,73118,63376,49527,69698,49781,55920,41304,13755,38713,63727,1
40000,1,3,1,31,0,1,0,0,0,0,7983,6694,7208,7118,7007,6489,6986,341,4508,4731,1496,2860,0
140000,2,2,2,35,-1,-1,-1,0,0,-2,69974,59299,61875,53375,56140,0,20199,49692,58204,26773,8612,0,0
70000,1,1,1,35,-2,1,0,0,0,1,0,18470,19327,17982,18186,17301,0,1352,11333,16297,14117,215,0
60000,1,1,1,45,0,1,-2,0,0,0,13691,11605,0,13512,11328,12927,10783,240,0,11529,8606,9727,0
40000,1,2,2,44,0,0,0,0,2,2,15545,11550,10326,12752,14110,10044,2005,9648,7115,9829,1050,1073,1
30000,1,1,2,30,-1,0,0,1,-2,1,11144,9824,9646,9719,0,9065,8600,6437,7879,714,0,1289,0
120000,2,1,1,46,0,0,0,0,-1,-1,67067,60059,75900,79526,66802,76269,62016,55202,41328,65664,48362,35721,0
100000,2,1,2,31,1,0,0,-1,-1,-1,49951,37224,45536,29385,37592,42127,3148,26898,42104,18692,29416,16878,0
140000,2,2,1,43,-2,0,0,-1,0,-1,0,12890,12763,11324,14554,12717,0,7576,10966,9314,13704,4577,0
50000,2,1,2,31,0,0,0,0,0,0,13198,12579,10693,8659,11064,10984,5974,7700,5943,6668,3597,4278,0
120000,2,1,2,41,-2,0,-1,-2,0,0,0,32984,23213,0,24591,18204,0,17245,12375,0,12008,7375,0
270000,1,1,1,30,-1,0,-1,-1,-1,-1,159119,133605,209778,146193,135320,140291,123816,93741,145153,101328,91020,109957,0
50000,2,1,1,34,0,0,0,0,0,0,15567,15039,13606,17517,16063,12555,6080,7726,8115,12295,9653,10043,0
130000,2,2,1,35,-2,-2,0,-1,-1,-1,0,0,30098,25093,30042,21647,0,0,14250,11201,22987,21368,0
130000,2,1,1,35,0,-2,0,-1,-1,-1,37886,0,29342,47756,42538,50486,13486,0,13708,28351,19877,29160,0
70000,2,1,1,45,2,1,0,0,-2,-1,11814,11842,12872,10210,0,12853,628,2470,7604,6539,0,8057,0
100000,2,2,2,44,0,-1,0,0,-1,-1,34646,38966,36186,37797,31253,24487,24772,36678,25347,11356,22439,21333,0
30000,1,1,1,34,-1,-1,-1,-1,0,0,7272,6426,5363,6811,6000,7728,7061,3393,2225,4825,4060,3656,0
140000,2,2,1,41,0,0,-1,-1,0,0,45124,38226,24902,41889,32473,33046,2676,20475,18037,30759,5744,13883,0
160000,2,2,1,33,2,-2,0,0,0,0,139968,0,112622,72133,136661,133770,4206,0,88720,37544,48804,113885,0
60000,1,2,2,45,-1,0,0,-2,0,0,3992,3323,3699,0,3224,3594,2263,2463,2212,0,2405,1813,0
160000,1,3,1,48,0,0,0,0,-1,-1,92309,90833,71565,72414,118098,68142,60642,62637,64968,51890,112378,45203,0
30000,2,2,1,39,-2,0,0,1,1,0,0,2928,3030,2465,3029,2270,0,899,2082,414,780,1967,0
40000,1,3,1,43,0,-1,0,0,2,2,13006,10624,10833,14789,12743,13595,10781,4967,9352,10092,1213,807,0
40000,2,2,2,54,1,-2,0,-2,0,2,13832,0,13291,0,12862,12754,183,0,7615,0,7541,2073,1
150000,2,1,2,43,0,-1,-1,-1,-1,-1,22541,22670,18241,21383,19063,20504,10193,5627,13873,18746,10044,16421,0
160000,2,3,2,37,0,0,-1,-1,-1,0,101301,89490,100676,80412,74849,76583,40733,76870,31030,62144,68093,51523,0
150000,2,3,1,37,-1,-1,0,-2,-1,-1,77791,73414,100432,0,59365,87287,17221,29107,62023,0,7088,71501,0
190000,2,4,2,33,-1,-2,0,-1,0,1,85393,0,88540,74220,102553,100095,78172,0,22508,28805,78974,4141,0
140000,2,2,1,37,-1,-2,-1,0,-1,0,46847,0,53435,35167,46381,39790,25323,0,33079,32666,27469,20337,0
120000,2,2,2,33,0,0,-1,0,2,0,22043,21941,21113,14120,23837,15622,5277,8722,5631,6552,2205,12386,0
90000,2,2,1,57,-2,1,1,2,-2,2,0,25374,34528,23040,0,26914,0,3364,268,8871,0,1092,0
100000,1,3,1,50,2,1,1,1,1,0,44553,44021,39304,35768,40218,33779,5254,2019,336,864,5822,25014,1
70000,1,2,1,43,-1,0,0,0,0,1,22179,20294,13445,18197,15714,17046,21841,16996,6929,15530,14148,983,0
50000,2,2,1,40,0,1,1,1,0,-2,30078,26183,29469,19798,21980,0,27077,6451,1204,3314,16583,0,0
320000,1,2,2,57,0,0,0,0,-1,-1,183145,152810,188521,186648,149172,188534,69378,66956,122701,90768,133590,97605,0
180000,2,2,1,38,0,0,-1,-1,0,0,156017,151967,136002,133135,110791,156029,30732,140634,118900,66942,60542,109005,0
30000,2,3,2,31,0,0,0,3,3,4,16330,16296,19934,16853,21596,14724,15589,15541,8443,1438,246,1914,0
80000,1,2,2,31,0,0,0,-1,-2,-1,16055,17499,14835,13428,0,15681,12641,8860,9343,7008,0,3253,0
60000,1,3,2,34,-2,0,1,-2,0,-2,0,5647,6317,0,5068,0,0,5020,86,0,1233,0,0
540000,1,2,2,49,0,-1,-1,-1,-1,0,79425,78841,60170,68988,52964,72659,39953,26845,32904,63523,36304,8067,1
30000,1,2,2,30,0,0,-1,-1,0,0,21634,20739,18825,20047,20727,18066,11894,9517,13865,8051,9860,14906,1
50000,2,2,2,45,-2,-1,0,-1,-2,-2,0,29016,26145,30663,0,0,0,12803,24767,1485,0,0,1
20000,1,4,1,39,2,1,2,-2,0,0,4647,3639,3832,0,3045,4556,262,29,66,0,1989,2726,1
100000,1,2,2,33,0,-1,0,0,0,0,74964,62320,74193,59276,73762,58867,59673,13038,63916,36149,47990,17584,0
190000,2,2,1,39,1,0,0,-1,0,0,106543,85216,88813,74714,60488,80698,5852,72147,53312,54403,21732,19724,0
100000,2,1,1,32,-1,-1,0,0,-2,1,68084,81691,72623,68644,0,70109,28304,71542,16263,27619,0,3997,0
180000,2,2,1,31,0,0,0,2,2,1,23440,23824,23722,24363,22277,20035,13639,14362,9221,1535,1041,1286,1
90000,1,2,1,47,-2,-2,0,-1,0,-1,0,0,30903,26881,26237,29628,0,0,14203,6085,16478,24946,0
90000,1,1,2,40,0,1,1,1,-2,0,30294,40580,49491,36517,0,40066,23120,2201,1997,626,0,20162,0
140000,2,2,2,71,-2,-2,0,1,-2,1,0,0,47008,35532,0,49491,0,0,36785,6188,0,8827,0
90000,1,1,1,39,0,1,0,0,0,1,53914,66790,59937,47667,44618,52518,46507,242,53549,33845,38173,1479,1
90000,1,1,2,37,0,-1,0,0,0,0,39240,40622,36875,48810,37359,40078,37174,31870,21220,13999,18467,35159,0
110000,1,1,1,35,0,0,-2,-1,-2,0,4210,2568,0,3514,0,3035,4194,1374,0,1989,0,1041,0
40000,1,3,2,34,0,-2,0,-2,-2,-2,17073,0,16282,0,0,0,16129,0,4725,0,0,0,0
70000,2,1,2,33,1,0,0,0,-1,-1,72136,47326,62813,65314,51648,50507,1338,36408,47253,26373,42606,32512,0
190000,1,1,1,31,-2,-2,1,1,2,1,0,0,34502,27410,36282,27853,0,0,2786,9423,5563,1035,0
200000,1,1,2,37,1,1,0,-2,0,0,207469,270380,192833,0,185216,164316,41974,42386,144373,0,102026,146682,0
150000,2,1,2,35,0,-1,-1,-1,-1,-1,33128,46027,39649,38443,48139,35021,16885,7993,33989,30881,45498,19687,0
60000,2,3,2,38,0,0,0,0,0,0,20852,17459,20112,15823,16522,16738,16090,11737,17151,5712,6427,6836,1
120000,2,1,1,32,0,0,-1,-1,-1,-1,13233,9615,13462,12894,10341,12889,3987,2394,6821,6339,9124,11661,0
60000,2,2,2,32,0,0,-1,0,-2,0,4125,3822,4886,4383,0,4101,2917,1519,2765,2256,0,741,1
110000,1,2,1,30,0,0,-1,-1,-1,0,5486,7391,4356,4776,4368,4458,3351,7248,682,3449,3179,3321,1
50000,1,1,2,32,0,0,0,0,-1,0,33625,29733,28563,35094,28116,24571,11561,13294,19158,12244,24787,10133,1
70000,1,2,2,49,2,-2,0,-1,0,2,26695,0,19866,18478,22609,15390,1004,0,4158,17965,15739,414,0
130000,2,2,1,40,1,1,1,0,3,6,29853,34711,34324,38641,37723,36648,1139,8591,1440,26947,1450,1351,1
120000,2,2,1,32,0,-1,0,-1,-1,0,44328,29877,59975,59436,42545,37864,30950,21464,17381,55648,31158,8585,0
490000,2,1,2,42,-1,-1,-1,-1,-1,-1,136853,191721,125557,128877,127395,175986,130069,93823,59404,51742,103745,45924,0
110000,2,1,1,30,0,0,-2,-1,-1,-1,40200,49282,0,32191,55019,31235,9313,22008,0,3355,41544,25671,1
90000,2,2,2,47,-1,-1,-1,-1,-1,0,10653,15281,12189,13667,13396,12430,7381,6598,5250,11643,8983,3454,0
120000,1,2,1,34,0,0,0,0,-1,0,31751,28907,26658,33526,30336,31738,21186,7649,19113,10654,13775,20314,0
130000,2,2,2,35,-1,0,0,-1,-1,-1,48399,45928,43921,44290,35168,37650,31597,41060,33855,29902,29822,30947,0
340000,2,2,1,34,0,0,1,1,2,1,237389,198662,201667,187717,189968,203571,93301,8159,30007,15596,9462,2571,0
30000,2,2,1,35,-1,-1,-2,0,1,-2,3312,2975,0,3346,3166,0,2060,1898,0,2166,132,0,0
110000,2,1,2,38,0,0,0,-1,0,-2,50650,52610,40127,53876,56048,0,16293,39325,19323,25468,20931,0,0
340000,2,3,2,51,0,0,0,0,-1,-1,91456,120593,72713,82888,82732,75547,75184,88255,37031,71819,50516,34470,0
340000,1,2,1,35,0,-1,0,-2,-1,-1,57909,75279,73509,0,65726,69209,37739,69866,67802,0,56547,54527,0
170000,2,4,2,32,0,0,0,0,1,0,80321,93054,76648,76832,82976,91719,15961,52788,8800,44098,261,36498,0
110000,2,1,1,40,3,-2,1,0,0,0,23307,0,25284,27016,22505,24069,6593,0,2280,19853,18546,11409,1
110000,1,1,1,49,0,-1,-1,-1,-1,-1,122560,107702,83194,65412,72265,70469,10039,80602,36753,14311,61438,65183,0
170000,2,2,2,31,-1,-2,-1,-1,-1,-1,72442,0,104792,112358,94906,122308,18943,0,83355,65720,43503,13382,0
100000,1,1,1,45,0,-2,0,0,0,-1,62288,0,48830,56180,72580,51686,22489,0,19072,32945,68931,25016,1
60000,2,3,2,55,0,0,0,0,0,2,20448,23756,25681,23735,21844,22784,15997,20679,11809,13463,19414,2484,1
80000,2,1,1,40,1,-2,-1,-1,0,-2,29006,0,24573,24701,26149,0,2559,0,3427,8251,24115,0,0
50000,2,1,1,33,0,-1,-1,0,0,2,4749,4694,3603,4612,4695,4897,1921,3317,2784,4445,4173,325,0
40000,1,1,1,34,0,0,0,0,1,2,30064,30619,37321,32555,33454,28894,20298,7424,26512,19776,120,3284,0
50000,1,3,2,31,-2,1,0,0,2,0,0,16848,12828,11774,14996,11295,0,1637,3660,3306,1325,7764,1
120000,1,2,2,32,-1,-1,-1,0,0,0,19074,26255,21530,20200,18053,18041,7736,17704,8752,8470,4765,5034,0
200000,2,4,1,37,0,2,1,0,1,0,61456,54859,41651,48400,53392,48367,39829,6999,3485,29917,2708,12811,0
100000,1,3,1,41,0,0,0,0,0,0,57497,51665,69364,46278,43475,43990,42446,40462,32051,26905,21047,18806,0
100000,2,2,1,33,0,0,0,0,0,0,17521,18300,23938,19694,18799,18119,14765,7916,9387,15967,5232,13880,0
130000,2,2,1,36,-1,-1,-1,-1,-2,-1,23393,21099,23760,23426,0,16828,19358,9139,17969,17948,0,10298,0
140000,1,1,2,33,0,-1,-1,-1,-1,-1,79520,66727,72982,55204,66965,50282,45822,51064,71522,52135,31363,19755,0
200000,1,3,2,44,1,0,0,-2,-1,-1,47194,38382,32102,0,39020,36225,2362,22325,21564,0,32073,26773,1
50000,2,1,2,45,-1,0,0,0,-1,0,16995,12298,14047,9963,14992,13595,9549,6276,10103,8510,13426,2952,0
90000,2,3,1,30,3,2,1,0,0,0,32103,27057,21662,31883,26969,30715,3363,306,3321,24500,16122,17423,0
130000,1,3,1,35,0,0,0,0,1,1,38217,49748,38851,43860,42631,41387,26027,35174,12104,21109,2216,4016,0
60000,2,1,2,32,2,0,0,1,1,0,11380,14118,8386,7731,10716,11413,300,10526,7892,82,3234,8467,0
40000,2,1,1,47,0,0,-1,-2,0,0,34776,23087,33475,0,26666,29836,28443,12500,28815,0,13721,23145,1
150000,2,2,2,31,0,0,0,0,0,0,57449,54009,58443,56418,58578,62172,43620,31847,22317,51317,10510,27643,0
50000,2,1,2,39,0,-1,0,0,-1,0,14228,22187,16767,21054,18966,16795,13615,12671,15105,8590,9406,11434,0
130000,1,3,2,36,-1,-1,0,-1,-1,0,8208,7182,6039,7106,6187,5106,1017,5006,1571,996,5835,3304,0
90000,2,2,1,31,0,0,0,0,0,1,23717,19981,17978,17134,17236,17349,6222,14531,16074,4891,13328,3515,1
140000,1,1,1,40,-1,0,-2,0,-1,-1,61625,65304,0,55452,55301,52356,37290,19964,0,52919,33027,47170,0
90000,2,3,2,43,0,-1,-1,-1,-1,-1,70442,59706,42861,60203,51390,47469,46892,48646,30904,37191,21204,18995,0
250000,1,2,2,42,0,-1,-1,-1,-1,-2,110260,119996,97258,107529,124714,0,40564,90256,34722,28935,123524,0,1
50000,1,1,2,47,-1,0,-1,0,0,0,34772,23799,33641,21914,31322,27828,31748,19989,18028,1330,26573,5250,0
470000,1,1,1,43,0,0,2,1,0,0,231499,270060,243179,255136,214718,269198,137066,72417,59660,18458,185280,115548,1
240000,2,2,1,40,0,0,-1,-1,-1,-1,107420,116031,133624,137773,132015,131778,23292,80796,46051,81103,79653,120118,0
430000,2,2,2,35,0,2,2,0,0,0,175503,171322,178041,164674,150202,130564,122158,716,8244,73319,121095,75302,0
60000,2,2,3,30,-1,-1,-2,0,-2,0,18628,19724,0,12754,0,19841,10186,19253,0,11782,0,7737,0
180000,1,2,2,44,-1,0,-2,0,0,0,44849,63102,0,56432,54426,35361,12250,50624,0,46922,30714,31914,0
60000,2,1,1,36,-1,0,0,0,0,0,21617,23220,21419,23459,20028,25391,8872,21632,12514,21240,13802,18516,0
40000,1,2,1,31,0,1,-2,0,-2,0,17275,16266,0,16627,0,13411,7579,1992,0,10781,0,4596,0
30000,1,2,1,46,1,-2,1,2,2,3,4118,0,5295,5149,4396,4516,1059,0,157,92,113,139,0
170000,1,2,2,50,0,0,2,1,0,-1,81936,73465,68600,58925,53619,69652,59294,17740,12815,9172,38010,50472,0
210000,1,2,1,35,-1,0,0,0,0,0,111821,97597,91173,83548,100791,58272,90360,72704,75137,39175,82229,42197,1
200000,1,3,2,38,-1,0,0,0,0,0,52247,69744,63103,48681,65430,45518,20024,45681,35545,45918,28492,18982,0
100000,2,3,2,50,-1,-1,-1,0,0,-1,20305,17504,18353,13384,19093,16961,16828,1180,7480,7914,14562,7578,0
50000,2,1,2,34,1,0,0,0,0,0,25672,30717,24604,33429,24406,26348,339,29259,13919,32618,23480,13930,1
30000,1,2,2,46,0,2,2,1,3,1,4731,4846,3527,4502,4610,3977,1988,1045,12,34,770,198,1
280000,2,2,1,51,0,1,1,1,1,0,120794,115394,101523,117855,102599,115746,67222,21727,15094,9875,2170,57966,0
40000,1,3,2,44,0,0,0,0,-2,0,5030,6460,4589,4428,0,5539,2368,1363,3841,3443,0,2905,0
120000,1,1,1,58,-2,0,-2,-2,-1,-1,0,58529,0,0,44486,53569,0,18849,0,0,36989,40732,0
240000,2,1,2,37,-1,-1,-1,-2,0,0,121803,71838,96316,0,116162,91878,110818,50448,74551,0,61451,38106,0
50000,2,2,2,36,0,1,0,0,0,0,14289,14512,14583,12121,10391,7543,8183,1616,9586,11394,5206,4962,0
120000,2,2,2,30,0,0,0,1,0,0,23009,26613,21375,22279,23639,22235,14978,23821,15128,2328,8502,15333,0
100000,2,2,1,33,1,0,1,1,0,0,65286,60041,65273,69680,56741,65986,3580,45626,13891,5004,43279,52513,0
130000,2,1,1,31,1,1,3,2,3,2,62825,55719,25782,43328,46476,42519,18,12285,2361,1631,4856,6289,1
90000,2,1,2,64,0,0,0,-1,0,-1,7277,7714,7582,10299,8369,5298,4039,2373,5792,7691,5044,3803,0
130000,2,1,2,35,1,0,0,0,0,0,55258,62610,53629,46530,55676,49865,9830,11626,31330,30617,45772,20799,0
80000,1,1,2,42,-1,0,-1,0,-2,1,4570,4716,4423,3360,0,4024,4236,325,3169,1497,0,186,0
90000,1,1,2,31,1,0,1,0,1,0,82654,75694,75152,79316,64064,60885,30702,57573,2400,55267,8384,35068,1
30000,2,2,2,31,1,2,-2,0,0,0,14461,14726,0,15735,15723,11988,16,1929,0,7655,8814,7464,1
320000,1,1,2,30,-1,-1,-1,-1,-1,-1,44806,55748,62343,53877,48402,52025,17556,44137,35284,49593,41114,32985,0
190000,2,2,1,31,0,0,0,0,-2,-2,74859,77116,84811,58698,0,0,48894,71577,41735,42020,0,0,1
110000,1,4,1,33,0,0,0,2,1,0,68870,86990,78100,82014,75717,68968,55205,30941,22655,10305,4668,47951,1
30000,2,3,1,35,0,1,-2,2,1,2,3528,2979,0,2837,2815,2369,2168,56,0,269,226,452,1
490000,2,4,2,36,0,0,0,0,-1,-1,237796,202202,229534,140765,218907,200891,155231,160577,206576,104936,188563,190349,0
80000,2,1,1,35,0,-2,0,-1,-1,-2,20466,0,16959,17330,18734,0,15194,0,9440,11576,11160,0,0
60000,1,2,2,44,0,-2,0,0,0,1,26554,0,22394,24734,19525,21090,22963,0,20161,22722,8684,1933,0
150000,2,2,1,36,0,0,-1,-1,-2,-1,104203,90442,72918,68778,0,80634,58856,63417,27716,66538,0,30675,0
120000,1,1,1,35,-2,-2,0,0,0,0,0,0,46793,50934,47680,76388,0,0,37641,38230,35150,48953,0
80000,2,1,2,44,0,0,0,0,1,0,37930,31625,46822,39628,28227,30853,23521,18902,41775,25246,6782,13124,0
90000,1,2,1,33,0,0,-1,-2,0,0,46383,38928,38070,0,38808,31096,41020,28646,23385,0,33402,25917,1
50000,1,1,2,31,0,0,1,2,0,0,9627,15895,16694,13119,15616,13593,7625,8892,1155,878,15388,2685,0
60000,1,2,2,42,1,2,2,1,-2,0,10566,10062,11542,8263,0,11526,1999,130,2477,2864,0,5306,1
50000,1,3,1,38,0,-2,0,0,0,2,25922,0,27474,29654,27128,29554,9682,0,9341,14319,5443,820,1
10000,1,3,2,31,0,1,2,2,0,2,3011,2656,2498,2295,2230,2696,2011,123,120,542,434,471,1
50000,2,2,1,56,-1,-1,-1,-1,-1,-1,6551,5112,5414,4797,4870,4814,3605,4015,4281,3028,4256,3413,0
60000,2,2,2,35,-1,-1,0,-1,-1,-1,28101,29310,28411,23783,25164,19282,19028,16534,12802,14082,14670,18616,0
160000,2,1,1,34,0,0,0,-1,0,0,50572,40649,55657,53023,52384,55634,31517,14645,51485,41351,38124,40476,0
80000,2,3,2,32,-1,-1,0,0,0,-1,45914,46610,36805,44298,43453,40963,35299,42492,13402,22620,3227,37979,0
150000,2,3,2,34,0,0,0,0,0,-2,51345,78105,61229,63916,70295,0,40189,48137,21204,54979,42230,0,0
50000,1,2,2,37,1,1,-2,1,2,3,16964,18520,0,21765,25698,22200,4927,2807,0,1980,3333,1925,0
130000,2,2,1,33,0,-2,0,-1,-1,-2,74195,0,79767,57153,61766,0,39050,0,64005,5874,50002,0,0
200000,2,2,2,33,1,0,-1,-1,0,0,102153,100574,84093,75761,79934,74935,2833,75572,66911,26448,68388,38336,0
120000,1,2,1,44,0,0,0,0,0,-2,12353,11018,14682,12847,10976,0,9583,7536,4052,8493,2198,0,0
200000,2,2,2,44,-1,0,-2,-1,-1,0,16229,16916,0,12185,16387,11140,8222,12668,0,9346,8739,9853,0
330000,2,1,2,49,-1,-1,-1,0,-2,0,82574,85790,75683,77217,0,81924,46225,57227,65671,46753,0,46648,0
160000,2,3,2,39,-1,0,-2,1,1,0,111225,125266,0,113832,104100,118342,74622,106528,0,15929,14,47774,0
110000,2,2,1,31,1,1,0,0,-1,-1,24076,24521,22268,24869,23547,23727,13,1217,19694,20476,18667,17976,0
240000,2,3,1,34,0,0,0,0,0,0,137473,122818,135046,105701,98070,113135,122803,99724,89256,84522,9819,102802,1
100000,1,1,2,51,-1,0,0,1,-2,0,26220,18199,25418,19308,0,22957,21772,2148,23043,1198,0,14290,0
150000,1,2,2,38,1,1,0,1,0,0,79066,55052,74929,67801,64479,57209,3585,9401,34300,2004,55796,42760,1
70000,2,1,1,30,0,0,0,0,0,-2,38160,34358,31088,33097,18501,0,14465,6028,17382,30285,10740,0,0
40000,2,2,2,35,-1,0,0,0,1,-2,19578,16760,18973,16981,20380,0,6300,9655,12589,12119,650,0,0
80000,2,2,1,36,0,-2,0,0,0,0,47557,0,51527,43653,37751,43961,30031,0,22774,30566,21292,31561,0
160000,2,1,2,47,0,2,1,0,0,0,85128,81389,74494,81387,85623,52066,63310,3928,18617,78571,26404,25407,0
80000,1,1,2,37,1,0,1,0,0,0,28348,22846,30448,25116,24643,19374,217,15528,10162,15624,15423,12969,0
30000,2,1,2,33,-2,2,1,0,-2,-2,0,19097,22326,17579,0,0,0,1324,133,11902,0,0,1
20000,2,3,1,32,0,0,0,-2,0,0,2934,2812,2931,0,2835,2093,1405,716,1691,0,687,1442,0
270000,1,1,2,50,-1,-2,-1,-1,-1,-1,40431,0,42681,37444,33341,41722,24857,0,14376,12721,30137,21773,0
120000,2,2,1,36,-1,-1,-1,-1,0,0,42404,50700,50046,52603,46208,44096,35124,29377,11438,35038,21818,23971,0
140000,1,1,1,47,-2,3,1,1,0,1,0,20681,14359,28765,16202,17589,0,898,224,1232,5615,1418,0
50000,2,2,1,48,0,0,0,0,0,0,26681,25905,26579,25275,25700,14625,9253,18040,25346,16944,18939,5736,0
260000,1,2,1,36,0,2,0,0,-1,-1,141174,143674,164474,146116,119028,89764,125502,21500,141854,101253,74270,31493,1
160000,2,2,1,30,0,0,0,-1,-1,-1,69414,57070,62228,64338,74696,53301,20471,24576,39826,58413,53102,45741,0
60000,2,2,2,43,0,0,1,1,2,1,4540,4459,4630,4498,4490,3750,2036,3133,629,189,736,187,0
150000,2,3,2,53,0,-1,0,-2,0,0,22208,22794,25397,0,29545,27051,2449,12365,17271,0,10341,24476,0
80000,2,1,1,46,-1,0,0,0,0,-1,20031,22731,17661,14448,19208,16663,4751,6949,15718,5141,4347,12794,1
90000,2,2,2,31,0,0,0,0,0,0,30811,27220,24013,25830,21859,25848,27007,24431,6674,10722,12829,17555,0
110000,2,2,1,34,-1,-1,-1,-1,-1,-1,44098,45609,41792,38972,34200,40598,14287,11955,37368,31537,9588,27654,0
180000,1,2,1,31,0,0,0,1,0,-2,152956,120512,161281,134971,125991,0,136541,25588,57384,8606,111583,0,1
100000,2,1,2,31,-1,0,0,-2,0,0,20506,18644,18850,0,19599,19830,15766,9167,18492,0,14031,8423,0
40000,2,3,2,40,-1,-1,-1,0,0,0,6770,5313,4119,4887,6200,5270,3688,4223,2146,2527,5495,3645,0
130000,2,3,2,34,-1,0,-2,-1,-1,-1,74433,85168,0,79176,74882,78418,56608,70365,0,70645,38748,51473,0
60000,2,1,1,37,0,-2,1,1,-2,0,34964,0,35475,23719,0,25623,21079,0,91,6747,0,18607,1
130000,2,3,2,35,-1,-1,-1,-1,-1,-1,25189,26840,19866,25380,23777,19932,17630,18570,16980,6068,13447,11780,0
70000,1,3,2,39,0,0,0,1,0,2,10933,11963,12995,13896,13575,10685,10402,10195,2108,1924,6439,356,0
50000,2,2,1,31,-2,0,0,1,1,0,0,18915,14630,21350,16252,18855,0,11682,10075,3586,1150,10352,0
180000,1,2,1,37,0,0,0,1,0,0,15962,15525,16439,20957,15454,18499,9993,12868,13597,1483,10263,7781,0
40000,2,3,1,43,1,0,0,0,0,-1,7252,6025,5947,6050,6390,5603,266,4730,2676,4878,1236,3297,0
200000,2,1,2,39,-1,0,-2,0,1,0,76026,74006,0,58395,78591,76289,40853,44583,0,18131,4924,68838,0
180000,2,1,1,49,1,0,0,0,0,-2,72056,105846,92984,74970,80564,0,1967,64081,65707,32347,38204,0,1
70000,1,1,2,47,0,-1,0,-2,0,-2,29852,27051,31827,0,34392,0,27008,3474,19181,0,22788,0,1
30000,2,1,2,30,-1,-2,0,1,1,1,15033,0,14225,15315,9526,13146,7709,0,9468,918,1980,95,0
90000,1,3,2,62,0,0,0,0,0,-1,67015,72765,60928,62291,59405,62775,29253,65711,34354,36043,29313,54019,0
70000,2,2,2,39,0,0,1,0,-2,-2,15682,14963,11804,13349,0,0,9800,6040,102,7291,0,0,0
60000,2,2,2,41,-1,-1,0,-1,-1,0,19456,34148,33377,25681,36172,28628,17605,17253,32332,16558,7842,14933,0
120000,2,2,1,32,-1,-1,-1,-1,-1,-1,88677,95308,109287,70803,97915,82445,57980,81785,15743,58654,85545,54793,0
180000,2,1,1,49,0,-2,-1,-1,-1,-1,40644,0,44957,27194,39108,44624,33315,0,35675,21825,11397,17076,0
40000,2,2,2,30,-1,-1,0,1,0,0,32963,28719,22481,27333,22526,25880,22693,23813,15626,164,10572,16087,0
130000,1,2,2,46,0,1,0,0,-1,0,80409,80441,69522,82261,88660,61162,40564,7429,63904,47857,38179,41529,0
330000,2,2,2,41,0,0,0,0,0,0,49136,36519,40708,40206,37250,51420,22020,12439,23787,17606,26175,29724,1
40000,2,2,1,37,-2,0,0,0,0,0,0,2730,3085,2753,2231,2629,0,1658,2181,2626,1277,288,0
90000,2,1,1,34,-1,-1,-1,-1,-1,-1,39321,27379,39186,25064,34913,35710,11675,12738,19117,18550,32437,27671,0
110000,2,2,2,35,0,0,-1,-1,-1,0,84239,69434,75529,62900,76457,76628,68531,39905,47728,39472,57580,12920,1
50000,1,3,2,39,0,0,0,0,-2,-1,16105,17318,12780,15634,0,13090,11090,15099,6939,13423,0,8879,0
180000,2,2,2,31,0,0,0,-2,-2,-1,54926,69038,59166,0,0,52564,11753,42863,48995,0,0,44221,0
30000,2,1,1,30,0,0,0,0,0,0,16759,12274,15328,15564,11973,12552,11974,5233,9910,4991,6512,2640,0
420000,1,1,1,35,0,-2,0,-1,0,-1,86646,0,104692,75366,68267,74091,64373,0,62197,66016,31600,34814,0
70000,2,1,2,43,0,0,0,-2,-1,-1,14582,11912,12526,0,10627,8849,14136,8342,11429,0,6571,6645,0
280000,2,2,1,46,-2,-1,-2,-1,-1,-1,0,87128,0,77999,63999,63909,0,68496,0,45169,49778,25390,0
150000,2,1,2,42,0,0,-1,0,-1,-2,36303,46866,30441,34953,31774,0,19606,10201,18919,16583,7232,0,0
160000,1,2,1,36,0,0,0,0,-1,-1,69059,78173,80025,49354,77663,52535,27396,48848,38277,27160,64268,26376,0
360000,2,2,2,38,0,0,0,-2,-2,-1,259640,310317,261382,0,0,268430,202971,251039,165727,0,0,145945,0
150000,2,1,1,53,0,0,-1,-1,-1,-1,63196,65885,54929,63043,54449,44231,59223,45551,31976,47075,33418,10548,0
200000,2,2,2,47,1,0,-2,-2,1,0,126758,128009,0,0,138321,120354,1019,72567,0,0,372,74471,1
280000,2,2,1,48,0,1,1,1,1,0,111118,82279,106534,97324,101529,76838,52618,7007,15103,18489,13400,11731,0
60000,2,3,2,30,0,0,-1,0,-1,-1,10633,7965,12496,10484,11179,10718,2538,4604,4933,9224,4307,5957,1
50000,1,2,2,33,1,1,0,0,-2,0,13487,19284,14550,16637,0,17593,669,1930,7688,15708,0,6264,0
30000,1,2,2,37,0,1,1,1,2,2,12907,16219,10045,14892,10213,10045,9767,1573,1056,1183,1119,2767,0
70000,1,1,1,43,1,0,0,-1,-1,0,47046,44464,54204,51776,49397,47487,1334,26915,31579,30781,17946,46755,1
190000,1,1,2,37,1,0,-2,-2,1,2,55013,57794,0,0,66888,46538,2484,12503,0,0,26189,190,1
160000,1,2,1,30,0,-1,0,0,-1,-1,23376,25258,27649,28823,21715,20565,17895,14452,8444,20679,19914,5526,0
40000,2,1,2,34,0,0,0,0,-1,-1,18310,12026,15235,18515,18705,16625,6736,7735,13636,14866,9447,3061,0
170000,2,2,2,34,-2,0,0,0,0,-1,0,16939,15918,14564,17414,11154,0,4660,2799,1783,16375,9518,1
260000,2,1,2,38,0,0,1,0,0,0,116985,123489,131287,120105,108157,117473,76963,68036,37217,85665,90433,54133,0
20000,2,3,2,48,-1,-1,-1,-1,-1,-1,7287,5116,4947,7315,6805,4043,4942,3250,3952,3975,5821,1705,0
90000,1,2,2,30,-2,0,0,0,0,0,0,23428,23122,20595,22360,18187,0,11289,4374,11451,10761,12509,0
450000,2,2,2,44,-1,0,0,-2,-1,0,151505,122155,115084,0,115701,99593,97000,112311,41113,0,59670,64086,0
70000,2,2,1,30,0,-1,-1,0,-2,-1,5318,3168,3893,4570,0,3736,3638,543,2357,4109,0,2547,1
130000,2,2,1,35,0,-1,0,-1,0,0,11460,10987,11476,11354,11473,9864,9221,6946,9398,7802,3893,2262,0
150000,1,1,2,34,0,-1,-2,-1,-1,-1,10762,11935,0,13042,8422,10858,2056,5504,0,3862,3127,7119,0
80000,1,1,2,40,1,2,2,2,1,0,24849,20122,17263,18390,21397,20892,4794,2077,2620,393,851,4566,1
160000,2,2,1,53,3,1,0,-1,-2,0,84284,91786,79755,82357,0,72099,2178,2532,56540,66854,0,9036,0
30000,2,1,2,30,0,0,-1,-2,0,0,20174,15922,13512,0,15065,11181,15271,11200,12416,0,11702,701,0
30000,1,1,2,31,0,0,1,2,1,0,21931,17444,24080,22206,15257,17029,12317,11722,1022,3681,1457,2708,1
50000,2,2,1,46,-1,0,-1,-1,0,-1,38366,51384,45501,34882,32050,34397,25431,39670,33947,20393,13811,31413,0
160000,1,3,2,37,0,0,0,0,0,0,13546,14305,13828,14499,11742,10362,12359,13358,9971,13878,9714,4386,0
70000,2,1,1,35,2,1,0,0,0,0,28865,30040,27422,28867,24473,28280,2413,2894,9175,8739,11642,26341,1
130000,1,1,2,54,0,0,0,0,-1,0,66654,56562,71424,57573,62838,54756,43273,43480,50787,14333,25384,28190,0
270000,2,1,2,34,1,1,1,-2,1,1,66168,55869,56947,0,75948,54275,6255,10810,667,0,31982,5545,0
100000,2,3,1,37,0,2,2,0,0,0,64137,64225,51139,52528,54253,56160,37541,1034,10160,44125,32907,45448,0
20000,1,2,2,42,2,1,1,0,0,1,7332,7227,6777,6235,9024,5834,1115,492,683,3598,7559,131,0
160000,1,2,1,47,-1,-1,-1,-1,-2,0,112291,86922,103385,100323,0,74690,28482,18184,68620,91876,0,62645,1
100000,1,2,1,31,1,-2,-2,-2,-2,3,69149,0,0,0,0,51624,2720,0,0,0,0,6765,0
90000,2,2,1,32,-2,-1,-1,0,2,1,0,55444,41356,45510,41293,41467,0,22353,31077,23548,3080,6254,0
150000,2,2,1,40,0,0,-1,-1,-1,-2,40982,48278,34479,33434,34277,0,34111,22733,8978,23965,29066,0,0
110000,2,2,1,38,-2,-2,0,0,-2,-2,0,0,36220,35520,0,0,0,0,30824,14411,0,0,0
40000,1,2,1,49,-1,-1,-1,0,-1,0,3890,3562,4155,3541,4214,3720,864,3273,3567,1860,4151,2223,0
50000,2,1,1,36,0,0,0,0,0,1,9064,10958,9593,8678,10169,8390,5193,7033,7408,7109,5341,297,1
80000,1,1,1,44,1,1,0,0,1,1,34923,31459,34235,36186,36417,27331,2689,1477,19640,21105,1983,2457,1
30000,1,2,2,36,0,-1,0,0,1,3,18938,13876,12940,12562,12504,14461,13987,2235,5963,9343,1115,59,1
140000,2,1,2,32,0,0,0,0,0,0,30269,27693,28800,28125,31147,25741,12698,7742,22562,18080,17413,9333,0
800000,2,2,2,30,0,-2,0,0,-1,-1,492157,0,394303,347601,364713,406764,408413,0,253783,66692,252341,121118,0
180000,2,2,1,37,2,3,2,3,0,0,81317,84771,68473,63247,62842,88900,659,5567,21290,1315,3527,43574,1
70000,2,2,2,34,0,0,0,0,0,0,6282,7098,5388,5655,5586,7684,4844,2800,3520,2588,1423,1801,0
90000,2,2,2,37,0,0,0,1,0,0,17434,12805,13839,11199,12541,14777,14617,12648,4577,3,7476,4518,0
40000,2,2,1,34,0,0,0,0,-1,-1,11511,9957,11259,8412,11364,10490,9941,7023,3202,3128,9477,9729,1
70000,2,2,2,40,0,0,0,0,-1,-1,7395,6755,7701,5862,7274,8941,1489,6099,5508,1082,4102,8368,0
130000,1,2,2,47,0,0,0,0,0,0,66439,67090,76093,67663,60070,53539,13941,63919,36757,41598,53721,42346,0
70000,2,2,1,34,0,0,0,-1,-1,-1,33409,28932,23820,20471,28304,28275,11019,10877,4721,15376,13150,17172,0
170000,2,3,1,35,0,0,0,0,0,-1,44128,42467,38661,37277,45348,45096,34988,39767,27216,34674,39831,40176,0
60000,2,3,2,31,1,1,1,1,2,3,23217,24191,23260,25840,21045,20825,4037,3044,5900,251,2244,1693,1
60000,1,2,1,40,2,1,0,-1,-1,-1,14251,10184,13503,10488,11154,11046,4423,164,5041,8014,3989,6491,0
270000,2,3,2,30,0,0,1,0,-1,-1,33509,25805,35740,29874,27933,26726,22709,18531,11147,7576,13133,15040,0
100000,2,2,2,32,-1,-2,-1,-1,-2,-1,46649,0,35606,38423,0,31831,42576,0,23275,31422,0,15015,0
120000,1,1,2,35,0,-1,0,1,0,0,18182,38699,35845,32162,27413,37828,14430,34866,17352,2861,26177,12534,0
40000,2,3,1,34,0,-2,-1,-1,0,-1,12832,0,14019,12763,11812,13840,7039,0,11324,9702,10080,6347,0
110000,2,2,2,41,0,0,0,0,0,0,44181,43558,39434,46414,55019,34496,27627,24175,30467,28986,47881,18907,1
180000,1,2,1,35,1,1,0,0,0,0,69446,65296,75875,61224,45928,58814,39,1571,58501,42377,45048,28713,1
60000,1,1,1,47,3,1,2,2,3,-2,39520,37976,32976,29666,33523,0,4687,1984,636,563,3029,0,1
280000,2,1,2,40,0,0,0,-1,-2,-1,212096,189679,162210,135504,0,143320,111594,176596,121392,74067,0,91702,0
60000,2,1,2,34,0,0,-1,-1,-1,-1,38301,36511,24506,34333,30990,29697,25190,11513,22227,29929,27252,27294,0
60000,2,1,2,33,-1,-1,-1,-1,-1,-1,10070,9760,11565,10849,11996,8392,2686,4212,873,6924,6694,7055,0
190000,1,2,2,34,-2,0,0,-2,0,-1,0,149129,126354,0,128327,122784,0,77344,90855,0,78641,88048,1
80000,2,2,2,31,0,0,-1,0,0,-1,38221,33912,29748,30334,36063,38739,34179,24933,19614,8628,28900,18279,0
80000,1,2,2,44,0,0,0,1,1,1,12453,9788,12793,10808,9687,10979,10178,6101,764,506,779,699,0
70000,1,1,1,32,-1,-1,0,0,1,2,43882,36863,44987,36874,33273,41158,21577,18294,30204,17810,2699,3700,0
60000,2,3,2,32,-1,-1,-1,-1,-1,-1,39150,54234,62891,57383,50805,53614,32065,44076,52046,35534,29858,24583,0
170000,2,1,2,46,0,-2,0,0,0,0,50829,0,51885,53943,54440,55536,35094,0,33484,33882,21323,53680,0
60000,1,3,2,36,0,-1,-1,-1,0,-2,18973,17029,14344,16357,17589,0,7317,14762,1573,6291,10034,0,0
50000,2,3,2,50,1,2,0,0,0,0,15838,13116,14190,13616,14945,12584,3056,353,12362,11096,4850,1997,0
110000,2,2,2,32,2,0,-2,-1,-2,-1,58652,44600,0,56777,0,45208,1431,38928,0,22343,0,42093,0
200000,2,1,2,42,1,1,0,0,-2,0,51076,52077,51520,36928,0,35645,1716,3936,16219,29328,0,9544,1
30000,1,1,1,38,1,1,0,0,1,1,10935,11804,10452,10053,10742,11768,397,768,4445,5463,407,928,1
110000,1,2,2,67,-1,-1,-1,-2,-1,-1,31765,31055,27641,0,27544,33332,27358,14445,21705,0,12095,23766,0
100000,2,1,2,42,-1,-2,1,1,-2,0,9753,0,6921,6837,0,7831,1875,0,2261,424,0,5478,0
60000,1,1,1,30,0,0,0,-2,-1,-1,11126,9167,11822,0,10851,12735,8791,8023,3781,0,8141,12246,0
140000,2,2,2,32,-1,-1,-1,-2,-1,-1,46421,38780,41435,0,35857,43632,27511,6478,37283,0,22981,32049,0
60000,2,1,1,34,0,-2,0,0,2,1,13730,0,9929,8050,13290,9962,10447,0,9097,4233,1392,1226,0
290000,2,2,2,34,1,-2,2,0,0,0,204194,0,144664,143174,149055,136074,49559,0,18011,129051,63925,71242,0
180000,2,2,2,50,0,0,-1,-1,-2,-1,41336,49459,27213,38211,0,38831,39006,26592,24299,32053,0,24057,0
40000,2,2,1,45,1,1,-2,-2,-2,0,8842,8767,0,0,0,6563,2219,75,0,0,0,1200,1
440000,2,2,2,44,-1,-2,0,1,-2,-2,125197,0,115655,110068,0,0,35814,0,96608,6205,0,0,0
30000,2,2,2,31,-1,0,0,-1,0,0,15793,18717,19049,15184,17818,16409,11591,10581,8537,9160,10521,6116,0
410000,2,2,2,39,-2,0,0,0,0,0,0,316395,219415,176618,295212,237512,0,142852,183879,109734,258078,126831,0
100000,1,2,1,31,0,-1,-2,-1,0,-2,23192,22557,0,16290,17860,0,11770,21678,0,6823,13286,0,1
40000,1,1,1,35,1,1,0,1,1,-2,17328,18149,22054,14744,16001,0,734,250,10234,329,764,0,0
190000,1,2,2,49,-1,0,0,0,0,0,42584,30742,27987,30851,37299,31627,42558,19144,21420,19028,20560,13829,0
100000,2,1,1,36,-1,-1,-2,0,0,-1,23723,23980,0,24547,27340,19050,16794,21709,0,17486,14006,6645,0
180000,1,2,1,39,0,0,-1,-2,-1,-1,62516,49160,65795,0,56708,52680,43762,15916,55539,0,33643,23417,0
110000,2,1,1,31,0,0,-2,1,0,0,16614,17836,0,15266,12408,15612,6449,11159,0,3382,12383,3421,0
50000,2,2,2,39,0,0,0,-1,0,-1,19029,13297,16511,11999,15410,13225,7561,7087,11391,6836,12992,6629,0
90000,2,1,2,37,1,1,0,0,0,-2,29530,17979,24665,17784,21546,0,1459,387,15786,10401,17913,0,1
50000,1,3,2,30,-1,-1,-1,-1,-1,-1,10889,7433,8401,9260,8868,8839,3918,6201,7802,2199,8359,3703,0
50000,2,2,1,32,1,-2,0,0,0,0,9063,0,6650,8857,6332,8246,98,0,581,2833,1978,5205,0
70000,1,3,2,30,-1,-2,-2,0,2,2,25198,0,0,25305,30031,19783,15418,0,0,10536,1822,1685,0
70000,2,2,2,43,-1,-1,-2,0,0,0,22120,21626,0,21254,20441,21022,20111,12504,0,6743,15463,13043,0
160000,1,1,2,37,0,0,0,-1,-1,0,43047,41206,50580,40554,48212,40626,40480,36571,38733,9278,28240,23033,0
90000,1,2,1,31,-2,2,2,1,0,0,0,11102,11626,11473,9177,13078,0,1853,269,461,4219,3291,1
50000,2,3,1,41,0,-2,0,-1,-2,0,19681,0,23475,22909,0,23264,13641,0,13322,18648,0,19263,0
110000,2,1,1,50,0,-1,0,-1,-1,-1,92153,79741,49509,65730,63828,55098,40496,70415,9896,40065,55687,43168,0
40000,2,3,2,32,0,0,2,1,1,0,3051,3168,2636,3053,2890,3231,588,2186,93,77,200,2253,0
60000,1,2,2,36,0,0,-2,0,1,0,38504,33554,0,38553,33094,34162,33233,24477,0,32597,1184,16092,1
140000,2,1,1,31,-1,0,0,1,-2,2,27720,23403,18911,20824,0,18804,9577,20286,9863,960,0,1647,0
110000,1,1,1,38,-1,-1,0,0,1,1,17812,14010,19709,11473,13374,19161,12769,12147,13906,3701,1015,1408,0
100000,2,2,1,47,0,-2,-1,-1,-1,-1,50429,0,67065,56625,58303,50846,43960,0,55735,8051,45985,11381,0
30000,2,3,2,30,0,0,-1,-1,0,0,26602,21885,21008,23571,26578,30061,19305,14194,9299,19463,23945,17705,1
90000,1,3,1,34,0,0,-1,0,1,2,24557,25532,17138,22703,23149,24209,17626,15311,14035,9021,2499,1405,0
70000,2,2,2,42,0,0,-1,-1,-1,-1,23409,26771,26212,22348,26056,22322,15975,21423,23183,15868,21874,14857,0
90000,1,4,1,31,1,0,0,1,0,0,38257,36852,42352,41524,40531,32918,1147,31250,11449,2702,32151,25070,0
60000,2,2,1,40,-1,-1,-2,-2,0,2,12414,12726,0,0,11428,11686,5431,3943,0,0,10146,3249,0
610000,2,2,1,56,1,0,-2,0,-1,-1,115357,107150,0,127308,113742,117438,6630,57003,0,22354,88982,102851,0
100000,1,3,2,32,0,0,0,0,1,2,21136,22041,20021,14293,14982,17204,15496,15472,19186,13109,606,972,0
210000,2,3,1,43,1,0,0,0,-1,-1,74865,98550,68329,89373,64499,76887,9808,68045,11836,51802,24488,31313,1
70000,2,2,1,33,0,0,0,-1,-1,0,19704,20660,26532,17305,22853,21537,15151,14462,4838,14650,7492,7858,0
50000,2,4,1,30,0,0,0,-2,1,0,8014,9848,9553,0,9030,8625,7122,1320,8055,0,556,8434,0
150000,2,2,1,30,1,1,1,1,-2,0,56962,50230,70942,52637,0,68584,2958,1891,2696,846,0,59909,0
40000,2,2,1,54,1,-2,-2,1,-1,-1,20516,0,0,28800,23711,27993,65,0,0,282,8208,7772,1
60000,1,1,1,45,-1,-1,-2,0,0,0,15375,13831,0,16471,15009,14250,5906,11674,0,13349,14732,6339,0
60000,2,3,2,32,1,0,0,0,0,1,24418,27872,25455,20151,23588,21727,4,20271,22750,4351,21824,1318,1
60000,1,2,1,37,0,0,-2,0,1,2,46443,42001,0,38513,42662,31031,33675,31137,0,20647,2695,172,0
110000,2,3,1,42,0,0,-1,-1,-1,-1,44698,44939,51141,35075,33772,27640,18490,9017,15504,25430,14379,17423,1
40000,2,1,2,37,0,1,0,0,0,0,6597,5090,6705,6533,6221,6647,4675,19,6426,4548,3437,4343,1
30000,1,1,3,31,0,0,0,0,0,0,2099,2234,1786,2310,2127,1497,1375,1894,1625,1234,688,997,0
70000,2,2,1,31,0,-1,-2,1,0,-2,26040,20480,0,28346,24435,0,13898,11638,0,1784,14712,0,0
70000,2,1,2,35,0,0,0,0,1,0,5206,6743,4195,5470,6129,3738,3366,3250,2611,3429,79,1445,0
40000,1,2,2,40,1,0,0,-2,-1,0,25595,34450,25160,0,21226,29047,3279,28398,4578,0,14492,2431,1
220000,2,3,1,45,-1,-1,-1,-1,-1,-1,88993,106670,104074,86839,72912,76816,50442,60003,14403,68389,57712,27483,0
40000,1,2,2,39,1,0,0,-1,0,0,13892,7834,10296,11125,10689,13984,3242,6515,8724,6863,4482,6508,0
40000,1,3,1,34,-1,0,0,0,1,2,15065,18176,22712,17732,19455,16805,3416,9668,17759,12805,4256,40,0
160000,1,1,1,30,0,-1,-2,0,-1,0,16271,12989,0,14888,12906,12698,1371,11857,0,10141,6546,10659,1
130000,2,1,1,33,0,0,0,0,0,-1,108749,105352,68712,86129,75127,73046,38507,73063,24004,72176,49813,63582,0
340000,2,1,2,33,0,0,0,-1,-1,-1,55964,66842,63342,62505,38362,53441,15104,38664,54724,46399,35468,24548,0
110000,1,2,1,38,-1,-2,1,1,-2,1,8500,0,7195,9361,0,8906,4704,0,25,6,0,1068,0
90000,2,2,2,32,-1,0,-1,-1,-1,-1,34384,42278,46291,37564,34983,38199,25074,35115,37982,9613,11774,14695,0
90000,2,1,2,30,-1,-2,-1,-1,0,-1,5904,0,7451,5971,5511,4715,5496,0,3965,4847,3132,2539,0
50000,1,3,2,34,0,0,1,2,2,1,14710,14155,13002,15000,13996,11721,13777,11103,4228,1454,1082,1945,0
90000,1,1,2,38,-1,0,0,0,0,0,31854,24028,32116,36782,35017,31079,10341,10158,10492,19251,14114,21113,0
120000,1,2,1,31,0,0,1,0,0,1,40798,32662,33646,38796,32140,35305,11509,14588,3036,36632,13328,4082,0
250000,2,3,2,45,2,0,1,0,0,0,82654,86523,86983,98399,76106,82571,26999,64820,477,69923,69962,39788,1
170000,2,1,1,30,-2,0,-1,0,0,-1,0,42901,44823,38272,46076,38935,0,12938,17035,24836,28149,30980,1
140000,1,3,2,30,-1,-1,-1,-1,0,0,12837,7822,11194,12676,11347,13090,11165,6602,6561,8073,6382,6149,0
120000,1,3,2,49,0,0,-1,-1,0,-1,46861,59162,40115,52671,52809,48283,24586,48059,23119,26276,35278,34687,0
100000,2,2,2,37,0,0,0,1,-1,0,16029,11110,14678,13396,13133,11292,11179,9004,9947,797,11538,7812,0
340000,2,2,2,36,1,0,0,1,1,1,84520,91038,110311,102454,69676,87986,23606,61781,105187,11456,10006,2265,0
60000,1,3,1,32,0,1,1,1,1,1,10674,11187,9049,10168,9357,8663,2670,888,996,991,745,1000,0
210000,1,2,1,32,1,-2,0,0,-2,-2,132549,0,129032,109719,0,0,36775,0,105293,43989,0,0,1
90000,2,3,1,32,0,-1,-2,-1,0,0,63904,66725,0,63637,57903,48932,47233,37408,0,18012,31277,28614,0
30000,2,2,2,30,-2,0,0,0,0,0,0,13827,17878,17091,19346,14592,0,8376,17457,8902,6199,8545,0
120000,1,3,2,37,2,0,0,-1,0,-2,53423,58681,38715,54383,41295,0,2455,40997,35960,33337,33328,0,1
190000,2,1,2,44,-1,-1,-1,-1,-1,-1,49767,36761,49836,52807,36230,40491,44894,12918,36671,45503,26792,6737,0
90000,1,3,2,35,0,1,1,0,0,-1,9031,13119,11713,11157,12608,9425,3590,2469,115,8966,7525,4125,0
70000,2,4,2,35,0,0,0,0,-1,-1,45597,41515,20772,36655,24689,29034,33067,23834,8767,35938,20860,21752,1
70000,2,2,2,46,0,0,0,1,2,2,70565,76752,74184,68867,63892,53193,34339,27080,24981,9923,3107,979,0
70000,2,3,2,48,2,2,0,-1,0,0,28072,22673,19241,22309,22742,23033,965,1917,13506,8261,16432,2661,0
150000,2,2,2,36,-1,-1,-1,0,0,-1,71596,128570,103421,86473,75436,85655,36178,35763,99559,62478,33599,26573,0
210000,2,1,1,41,2,2,2,1,0,-2,128105,123135,144438,93494,115913,0,10214,3882,17749,910,54004,0,1
70000,2,1,2,33,-1,-1,-2,-1,-1,-1,36900,32431,0,38217,38304,34990,34358,24643,0,16560,17192,24323,0
230000,1,2,2,48,0,0,0,-1,-1,0,68824,57058,61124,51206,39584,59131,60484,32521,22649,38941,10066,42383,0
110000,1,2,1,30,1,1,1,1,2,1,18121,17561,13717,19064,20196,15001,146,852,760,6424,828,2453,0
150000,1,2,2,61,0,0,0,-2,0,0,66309,65269,51085,0,71997,63409,65598,55655,34935,0,29669,35030,0
100000,2,2,2,30,2,0,-1,-1,-1,-1,55982,48415,59553,45719,56055,54511,1432,31545,20872,15479,46271,39318,1
80000,2,3,2,36,2,-2,1,1,2,1,17396,0,22574,21926,21234,22063,293,0,1442,192,430,918,1
130000,1,1,1,31,0,0,0,0,0,0,41838,45270,47862,32353,36915,40283,39745,14012,19868,27957,30072,23772,0
60000,2,1,1,52,-1,-2,1,0,1,0,1189,0,1177,1503,1217,868,223,0,91,172,160,503,0
70000,2,2,2,41,-1,-1,0,0,-1,0,35502,28755,27884,27991,36624,36160,23690,13328,19629,19801,20561,9395,0
120000,2,1,2,33,1,0,0,0,-1,-1,53812,54233,57785,30690,49234,49734,7949,46165,40465,13198,42847,18165,1
30000,2,3,1,32,0,0,0,0,0,1,6082,9137,6579,6997,6509,4872,3180,5675,3586,2041,3383,880,0
340000,1,1,2,34,0,1,0,0,-2,-1,167489,147288,104931,149922,0,168315,40864,4891,62595,132800,0,116912,1
80000,2,1,2,32,0,0,1,0,0,1,24420,16906,24725,17115,22089,18604,13729,4553,2387,8565,10918,1241,0
190000,2,1,2,38,0,1,1,0,0,0,12136,14143,10585,12611,12840,10530,8144,2757,1191,6265,9130,4686,0
150000,2,1,2,47,1,0,0,1,0,0,27497,20436,24502,20652,21430,20574,3007,18510,15179,1797,15522,15049,1
250000,1,3,2,30,-2,0,0,0,0,-2,0,78364,88170,81831,67662,0,0,74277,54833,48101,55011,0,0
190000,2,2,2,43,0,-1,0,0,-1,-2,65772,85760,63200,81117,88811,0,61425,69973,51545,70074,82972,0,0
120000,2,2,2,39,0,0,0,0,0,0,60770,54136,71630,46289,42546,49843,26292,41584,35269,42431,35781,44196,0
90000,2,1,1,42,0,0,-2,0,-1,-1,8033,7839,0,8956,9656,10010,2730,3860,0,4434,9036,7909,0
80000,2,2,1,43,0,0,0,0,0,1,27052,25524,24058,18843,22977,20637,20644,14110,16478,17709,5866,545,0
130000,1,2,1,31,-1,-1,-2,-1,-1,0,8008,7357,0,7402,7068,7200,4525,6185,0,4949,4425,3162,0
90000,1,2,1,54,-1,-2,-1,-1,-1,-1,29638,0,31228,30358,30297,25973,11758,0,17237,27718,7720,18257,0
180000,2,2,1,35,0,0,0,0,3,-2,8628,10831,14202,11198,10940,0,6915,5510,2859,3500,441,0,0
60000,1,3,2,34,0,0,1,1,1,2,45320,42620,45902,37488,36509,41918,33836,22306,18829,872,3933,1199,0
180000,1,1,1,30,-2,0,0,0,0,-2,0,96387,136562,128059,153510,0,0,61169,107775,71036,91158,0,0
110000,2,1,2,36,-1,-2,-1,0,2,2,101485,0,82703,92318,56283,62505,81239,0,34787,84777,12007,14665,0
80000,2,2,1,33,-2,0,0,0,-2,-1,0,64638,68666,44142,0,48399,0,40531,61100,24829,0,28216,1
50000,2,4,1,39,0,0,0,0,0,0,7555,7141,7843,7088,7325,8044,5748,3541,2805,5170,2967,4873,0
90000,1,2,2,31,-1,-1,-1,-1,-1,-1,4870,4220,4121,5005,4272,2855,3316,1616,2118,4412,2479,679,0
140000,2,1,2,33,0,0,0,0,0,-2,47937,55232,42327,48334,52402,0,38631,45992,12020,33513,26861,0,0
220000,2,1,2,43,2,1,0,-1,0,-1,82184,111907,78685,71991,86532,85653,4296,1456,37905,69541,65733,72167,0
40000,2,1,1,48,-2,0,0,0,0,0,0,14098,12627,12368,12660,11095,0,10327,5985,10533,10002,4404,0
210000,2,1,2,36,-1,-1,0,-1,-2,-1,173101,203441,204687,178141,0,167621,165576,45200,63167,17763,0,121052,0
40000,1,2,1,48,0,0,1,1,2,-2,10740,10379,10932,11335,9813,0,10460,10096,287,137,123,0,0
170000,2,1,2,46,-1,-2,-1,-1,-1,-1,39456,0,30565,42564,45050,52019,11768,0,16363,29834,23131,1574,0
60000,2,2,1,45,1,2,1,1,0,0,38061,42634,40450,32635,21353,29308,1906,112,5430,4411,1427,16928,1
70000,2,1,2,38,1,0,0,0,0,0,53088,60940,55482,45206,44357,42995,5553,53639,31034,27691,18593,21028,1
20000,1,2,1,32,-1,-1,0,0,0,0,15636,15859,18882,13137,15000,12122,14075,11210,15765,8114,5931,5847,0
20000,1,2,2,31,0,0,-1,-2,2,-2,6655,9896,10716,0,9870,0,4017,5058,10348,0,1377,0,0
50000,1,2,2,32,0,0,0,0,-2,1,14344,13905,14595,12893,0,11973,4588,10460,13497,6793,0,916,1
110000,2,2,2,30,1,1,1,1,1,1,64483,61044,45417,47952,49837,46474,4426,6778,2243,2835,9308,3274,1
130000,2,2,2,48,0,-1,-1,-1,-1,-1,10334,12226,9359,7151,9728,9522,3857,11736,6969,4256,8541,2217,0
100000,2,1,1,39,0,0,-1,0,-1,-1,16819,17968,16267,12614,12623,16199,10613,8879,15275,11125,9090,12312,0
20000,2,1,2,36,0,3,2,2,2,2,10478,8654,11639,9983,8247,7562,1549,2878,321,1828,1875,708,0
50000,1,2,2,33,0,0,0,2,1,0,36964,33955,33484,28053,27376,31847,30660,13974,28372,3962,1958,29153,0
410000,2,3,1,41,-1,-1,-1,-1,0,0,55572,47336,53335,75103,79834,43790,21055,14574,38234,27588,34033,22349,0
60000,2,2,2,46,1,2,0,1,0,0,40434,34241,36925,29505,19992,39778,723,836,20626,1519,13728,20176,0
50000,2,1,1,43,0,0,0,0,-1,-1,9865,9383,10262,8836,9198,7510,6853,6868,6186,4561,4006,7101,0
50000,2,1,1,30,-1,-1,0,0,0,0,20195,21869,22521,19582,23353,11850,5848,12854,19910,7534,11498,8104,0
160000,2,2,2,37,1,1,1,0,0,0,48417,64275,50107,58625,38130,47873,314,5422,3883,38307,6465,31624,1
100000,1,2,1,41,-2,1,0,-2,3,2,0,29497,32285,0,27888,33450,0,1823,17303,0,2954,1994,0
60000,2,1,2,32,-1,0,0,0,-2,1,10345,11633,13744,9693,0,12078,9794,7614,7490,8842,0,1769,0
60000,1,1,1,32,0,0,-1,-1,-1,-1,8289,8961,11434,10664,7795,9135,4529,7665,10706,3418,4319,3766,0
120000,2,2,2,44,0,0,0,-1,-1,-2,32678,52266,44058,43032,43165,0,19811,35380,24485,29426,15137,0,0
130000,2,2,2,47,1,0,0,0,1,0,61159,68532,65342,61810,65161,71738,3301,42926,30669,41941,5649,30317,0
60000,2,2,2,40,2,0,-2,0,1,1,14294,12599,0,11925,10435,8283,1264,11689,0,8023,516,1067,0
140000,2,2,1,37,1,1,0,0,-1,0,55855,63785,68563,92388,63424,75272,9137,20480,7402,83984,44381,56621,0
90000,2,1,2,41,1,0,-1,-1,0,0,48601,50243,50888,44144,43275,42841,2071,15314,40581,17314,17051,9379,0
210000,2,2,1,32,1,0,1,-2,0,0,72144,68351,72242,0,68680,42670,12256,37541,4833,0,62127,27191,1
160000,2,2,1,36,1,0,0,0,0,0,34687,20154,28795,26041,23843,31640,1076,4585,27355,21113,13237,13699,0
60000,2,2,2,31,0,-1,0,0,-1,-1,21225,17634,16235,19206,18474,20527,6411,7950,10027,12542,5754,14742,0
100000,2,2,1,38,1,0,0,-2,0,0,99445,90396,122328,0,81548,91277,752,52649,52751,0,68546,58517,0
90000,1,3,2,38,1,2,0,0,0,0,53010,49983,56011,36789,62413,50741,1456,181,35280,24464,43230,34724,0
170000,1,3,2,44,-1,0,0,-2,0,0,101300,81381,117247,0,108465,109054,93066,64916,41276,0,83035,73952,0
80000,2,1,1,37,-1,-2,0,0,0,0,7371,0,8436,7855,8061,8767,7364,0,4423,6711,5831,3353,0
270000,2,3,2,53,0,0,0,0,-1,0,152398,189473,152989,161190,138865,152839,127347,33803,36050,134461,94248,96647,1
110000,2,1,1,38,1,1,2,0,0,-1,29268,34566,49771,29326,35535,35039,79,3378,2083,20927,30826,16545,0
70000,2,1,2,38,2,2,1,1,2,1,41662,32353,38901,41891,43225,38311,107,3633,3542,1438,1519,830,1
100000,2,3,1,41,0,-1,-1,-1,-1,-2,22195,19762,19330,15910,22291,0,11653,11730,3314,5273,11057,0,1
80000,2,1,2,36,2,1,-2,-1,-1,0,32467,39495,0,32527,36725,28042,350,2328,0,20279,11396,14443,0
40000,1,2,2,44,0,1,1,1,-2,1,8085,10043,10801,11378,0,9248,7327,4101,1891,1483,0,91,0
100000,1,2,1,46,1,1,2,0,-2,-1,82249,62933,50983,73454,0,52965,23,10112,487,29233,0,23706,1
260000,2,2,2,39,0,0,0,0,-1,0,125511,135758,149792,157420,136046,88764,75490,31641,70498,133397,90351,59211,0
170000,2,3,2,38,0,0,0,0,-1,-1,53657,59684,55848,59544,67576,63548,42897,56902,24261,19774,28862,24220,0
250000,2,1,1,36,0,0,0,0,-1,-1,161800,117936,180814,166627,153592,149881,100373,40736,179446,125271,125586,35916,0
40000,2,4,1,34,0,-1,-1,-1,-1,-1,15678,15451,18140,17545,12077,15714,12147,7182,12237,6737,5923,11389,0
130000,2,1,2,30,-1,0,0,0,-2,-2,109002,110020,126665,121803,0,0,66668,93276,65481,50877,0,0,0
80000,1,2,2,33,2,0,0,1,0,0,18901,26264,20619,16933,20463,18870,3880,11856,11497,2379,1546,4519,0
150000,1,2,3,39,0,-1,-2,0,0,2,89407,60138,0,77707,66468,69097,32571,34870,0,20300,45987,1177,0
170000,2,2,2,34,0,0,0,0,0,0,57701,44446,54091,38578,46449,57845,27597,25778,41787,29698,26482,10606,0
100000,2,3,1,32,-1,0,0,0,0,0,22876,29421,30557,28716,26899,24093,18873,27724,14454,12009,15840,15934,0
130000,1,2,1,34,-2,0,0,0,0,0,0,15150,13460,13968,12487,16610,0,9155,1548,10675,6131,7733,0
40000,2,3,2,35,0,0,0,1,0,2,6297,7590,5248,6291,8232,5082,5064,5984,4364,425,7904,124,0
130000,1,1,2,53,0,0,0,0,-2,0,25809,20273,25214,26588,0,19680,10620,15429,18728,15904,0,16901,1
250000,2,2,1,46,-2,-1,-1,-1,-1,-1,0,35817,53183,36842,42296,42575,0,10782,48155,21327,27083,28990,0
70000,1,3,2,35,2,0,1,2,0,2,16477,27796,27320,20617,23008,19669,972,18948,495,2056,11665,6930,1
170000,1,1,2,32,-2,0,0,-1,0,-1,0,125501,97842,117446,121535,105209,0,95531,11421,82757,29437,59030,0
160000,2,2,2,32,-1,-1,-1,-1,-2,-1,104887,95869,74124,85867,0,78977,57910,76277,41888,57225,0,63522,0
50000,1,2,1,38,0,0,-1,0,0,-1,23296,18538,24054,24188,14206,17454,10786,13071,12071,2261,8740,11492,0
100000,1,2,1,40,0,0,0,-1,-1,-1,17574,29485,27058,21242,31244,21151,14789,20853,9922,7995,24468,18362,0
40000,2,1,1,32,-2,-1,0,-1,-1,0,0,725,683,714,805,632,0,579,447,121,174,604,0
130000,1,2,1,31,-1,-1,-1,-1,-1,-1,113321,113376,105131,79728,108769,83156,61501,35962,84535,43951,92511,61510,0
130000,2,2,1,37,1,-2,0,1,2,1,55290,0,42393,50738,55584,41745,4165,0,40081,7213,8022,3457,0
120000,1,1,1,47,0,0,0,0,-1,-1,23760,22239,20911,14366,20880,20121,16171,13113,18737,11127,18200,3913,0
110000,1,2,2,39,0,0,-1,-1,-1,-1,59977,63941,80256,61185,55625,64090,35398,12306,45379,45004,33723,48619,1
50000,2,2,2,37,0,0,-1,-1,0,0,13013,16281,10953,9668,10312,7710,6300,8235,4039,3960,3060,4651,0
120000,2,1,2,37,0,-2,0,-1,-1,-1,30379,0,32871,34944,29936,25973,23743,0,2505,22209,23361,10956,0
350000,2,3,2,30,0,0,0,-1,-1,0,224402,195453,235618,158270,190167,203162,146159,139530,101807,140135,117033,146382,0
210000,1,1,2,39,-1,-1,-1,-1,-1,-1,30761,25327,26947,28231,28445,27842,5576,20735,11356,26638,17720,24048,0
240000,2,1,2,38,-1,0,-1,-1,-2,-1,145221,184272,141377,91155,0,144897,17669,154679,94019,51752,0,43336,0
80000,2,2,1,40,-2,-1,0,-1,-1,-1,0,55613,38050,48691,48132,44617,0,9320,15283,35095,34157,23983,0
180000,2,2,1,30,-1,-1,0,0,0,-1,29214,30509,21865,26603,22149,22947,22948,19775,13304,11044,5457,17533,0
130000,1,2,2,37,0,0,0,0,2,-2,4818,5363,4652,4845,4434,0,4243,3198,3180,4697,433,0,1
90000,1,3,2,30,0,0,1,0,-2,0,51657,50522,48812,43859,0,42331,47851,22364,13449,36420,0,30892,0
110000,2,2,1,38,0,-1,-1,-1,-2,-1,61728,66418,58266,75670,0,60114,17667,58937,29536,56353,0,58976,0
240000,2,2,2,79,0,0,0,0,0,1,90728,102680,71137,67939,81455,75483,49969,52083,66152,52233,73075,3407,0
120000,2,1,1,33,0,0,-2,-1,-2,-1,60800,66901,0,46533,0,48673,57993,21630,0,30014,0,22112,0
80000,1,2,2,39,-1,-1,-1,-1,0,-1,22122,19847,12054,21032,18590,16887,11653,13101,5175,12859,15278,13184,0
80000,2,2,1,36,-1,0,0,0,-2,-1,43796,41949,49093,42303,0,39902,31286,27077,47198,23008,0,34104,0
90000,2,2,2,39,1,-2,1,1,-2,0,74130,0,61085,77967,0,44677,5011,0,7484,4699,0,5910,0
40000,2,1,1,52,0,0,-1,-1,-1,-2,23053,32398,23957,22193,19842,0,13176,9336,14968,12553,8417,0,0
60000,1,1,1,33,-2,-2,0,-1,0,0,0,0,9625,7882,9952,7479,0,0,6549,2999,8671,3610,0
170000,1,2,1,41,0,1,0,0,0,0,136790,133603,127105,117932,110576,102138,81629,14113,33018,96046,101543,96851,1
90000,2,2,1,36,0,0,-2,0,1,1,16473,18762,0,19355,16477,18573,8559,11255,0,9109,2079,1653,1
60000,2,1,1,30,-2,0,0,-2,0,0,0,4759,3778,0,4557,3581,0,1636,1475,0,4030,883,0
190000,2,2,1,32,0,0,0,0,0,0,129814,151049,93476,106691,108348,105174,119209,88314,90885,73700,70159,73896,0
280000,1,3,2,39,-1,-1,-1,-1,-1,-1,148793,136819,143463,138609,99652,124513,21781,40754,105596,71272,43506,94506,0
90000,1,2,2,35,0,0,0,0,-2,1,11994,14588,11891,12687,0,9551,4985,4580,11164,7249,0,575,0
30000,2,2,1,37,0,-2,-1,-1,0,0,15389,0,16676,19351,14512,16508,14298,0,7574,13579,10175,6633,0
300000,2,2,2,68,0,-1,-1,-1,-1,-1,64213,50932,43705,42711,47725,52271,20992,33948,33375,28770,36485,24322,0
30000,2,2,1,42,-2,0,1,0,0,0,0,23303,20240,20400,23149,18120,0,10775,641,15159,15170,11006,1
80000,2,2,1,40,0,-2,0,0,-1,0,12399,0,12883,13422,10905,10084,6373,0,8887,8732,5017,4967,0
110000,2,2,1,65,0,0,2,-2,1,1,25201,22292,21784,0,25757,25849,13840,7748,291,0,3055,4473,0
140000,2,2,1,33,-1,0,1,-2,1,0,30730,26713,26721,0,29588,24980,21368,16051,3106,0,992,22459,0
80000,1,2,2,51,-1,-2,0,0,1,0,23882,0,18907,21307,19717,21679,13880,0,10875,8439,2843,16614,0
310000,2,1,1,34,0,0,-2,-1,0,-1,227203,261693,0,246725,184708,169629,166019,96282,0,209259,110369,114194,0
120000,2,2,2,30,-2,0,0,0,-1,0,0,4278,4976,4441,4423,4287,0,2667,893,1101,2161,2313,0
20000,1,3,2,35,1,2,1,0,0,1,4919,4793,3971,4158,3207,2916,440,510,581,1305,2413,348,0
100000,2,2,2,37,1,-2,-1,-1,-1,-1,69909,0,66526,52558,61931,37916,8725,0,57848,46947,45619,30800,0
70000,2,2,2,42,1,0,0,0,-2,-1,29257,48309,39375,40968,0,28864,6136,25313,37318,29830,0,9924,0
110000,2,1,1,37,-1,-1,-1,0,-2,-1,26961,18545,21244,33300,0,21920,19021,17292,14067,19592,0,13468,0
80000,1,2,1,30,1,0,0,1,0,-1,32189,37054,22896,32450,32312,33426,5309,24340,20659,3846,28295,3978,0
80000,1,1,1,36,1,2,-2,-1,-1,-1,21949,19213,0,15094,16387,16575,944,1989,0,11171,7570,12501,1
40000,2,2,2,37,0,0,0,0,-2,-1,8224,6230,7226,7840,0,6802,7307,2516,5776,6822,0,1448,0
70000,2,2,2,34,0,0,-1,-1,-1,-2,48005,43540,57587,44948,46317,0,47704,26990,52797,34182,20556,0,0
60000,2,2,2,42,0,-1,-1,-1,-1,-1,6946,10584,6242,5219,6769,6983,1793,9420,3249,5030,3856,4852,0
180000,2,2,1,36,-2,0,0,0,0,0,0,51133,56650,48717,65347,46460,0,37512,32314,32206,52362,41770,0
160000,2,3,1,32,0,0,-2,1,0,0,25593,24980,0,27195,25452,36405,11782,19291,0,2526,20200,12107,0
370000,2,1,2,49,0,0,-1,-2,-1,-2,186357,126860,101309,0,102932,0,165486,81899,41178,0,62467,0,0
130000,2,3,2,49,2,-2,3,2,1,-2,48479,0,50841,62124,52665,0,6497,0,4233,4282,2991,0,0
130000,2,1,1,60,-1,-2,-1,-1,-1,-2,21617,0,16990,18014,19963,0,18569,0,9946,2392,10261,0,0
310000,2,1,1,34,-1,0,-2,-1,0,0,65979,61190,0,55329,67019,53788,60439,12426,0,21045,53214,41768,0
30000,1,1,2,31,0,3,2,2,2,2,11318,13577,8622,13670,12908,14313,4321,1471,399,1703,964,3790,1
30000,2,2,2,30,2,0,0,-2,-1,-1,12314,9670,8951,0,10481,11436,979,3084,6620,0,7542,5506,1
60000,2,1,2,48,0,-1,0,-1,-1,-1,49890,27326,35254,44402,32655,41731,33845,25469,22471,21506,27129,23124,0
50000,2,2,1,34,0,0,1,0,-2,0,18673,23126,21120,18711,0,21370,17198,4423,2174,17904,0,14020,1
130000,1,2,1,37,-1,-1,-2,-1,0,0,86864,110073,0,93343,67464,86987,67329,65893,0,29593,61161,72885,0
280000,1,2,2,45,-2,-1,-1,-1,-1,-1,0,140861,117945,101962,141303,122202,0,66190,69011,84160,99507,89508,0
410000,2,1,2,35,0,0,0,1,0,1,123586,147846,112074,125857,132691,93831,90664,54675,94918,3110,12724,5412,0
80000,1,1,1,37,1,1,1,2,1,1,34737,31678,35326,30649,28472,27009,3043,2365,8456,1318,906,4277,0
200000,2,1,1,31,1,1,0,0,0,1,123371,124751,118475,109048,69382,85003,16096,8943,72384,49035,64281,1135,0
80000,1,2,2,33,1,0,-2,0,0,0,45688,45624,0,35192,51955,37198,1499,12718,0,20480,38245,32086,0
60000,2,2,2,37,0,-1,0,0,0,0,33507,22616,21900,23606,23313,19667,22309,16605,5229,13510,15801,16168,0
170000,1,2,1,44,-1,-1,-1,-1,-2,0,96835,113715,93616,68854,0,101790,79688,55520,37618,17803,0,80485,0
100000,2,2,2,36,0,0,0,0,1,1,57593,56057,43533,37890,44880,34734,42056,24727,41542,34025,62,7002,0
320000,1,2,2,31,0,0,0,0,-2,0,275099,206085,276965,243237,0,200307,153986,151874,205149,101470,0,123006,1
70000,1,2,2,43,0,0,-2,1,1,1,10470,12890,0,10935,11919,11406,9244,5474,0,688,2443,1069,0
50000,2,2,2,31,0,-1,-1,-1,-1,0,20349,15084,18917,19376,18258,18001,15445,10985,11896,15176,15382,12337,0
90000,2,1,1,34,0,0,1,0,0,2,4909,6288,5533,5869,4673,4961,2355,2090,407,3337,2292,717,0
90000,2,3,1,32,0,1,0,0,0,0,7317,6730,7149,6375,5737,6949,3710,484,6653,5783,3588,3342,0
160000,1,3,1,38,1,1,1,0,0,0,33930,31968,37058,42310,35387,47240,10701,1160,1965,35916,9780,29966,0
80000,1,2,2,31,-1,-1,-1,-1,0,0,17658,21218,22469,15995,20140,18438,11826,17114,19148,13877,8603,5354,0
80000,1,1,1,36,0,0,0,0,0,0,44487,57895,50398,37775,40424,39628,38599,28202,43017,33582,25803,26980,1
170000,2,2,1,37,-1,-1,0,-2,-1,-1,36787,45135,46665,0,34494,36529,23026,31986,19851,0,26553,12594,0
160000,2,1,2,31,1,0,0,-2,-2,1,36514,44947,41633,0,0,39124,335,5298,35348,0,0,14238,1
50000,1,2,2,38,0,0,1,2,0,0,29375,21931,25013,22635,26676,24511,16063,13972,2825,367,6827,19305,1
50000,2,1,2,36,2,2,2,1,1,0,12238,14995,16042,13947,12936,10518,3124,310,1256,893,2386,6240,1
90000,2,1,1,34,0,-2,0,0,0,0,8194,0,8553,7157,6004,7656,4574,0,5428,6481,4566,5635,0
40000,2,2,1,37,0,-1,0,0,0,0,10285,10847,11974,11453,11570,10268,7197,4050,6213,8070,10500,5076,1
210000,1,2,1,31,0,1,-2,0,0,0,24657,40285,0,35246,26739,35909,16780,2968,0,8066,25010,24042,0
60000,2,1,2,40,0,-2,0,0,-1,0,13492,0,15635,12671,14328,14510,7816,0,14664,12152,9546,14271,0
350000,1,3,3,52,0,0,0,-2,-1,-1,29468,32898,29595,0,30245,23143,8374,25992,12512,0,27243,18813,0
50000,1,3,1,39,0,-2,0,0,0,1,12826,0,7075,9732,10001,9106,10628,0,1966,3574,4015,1505,0
210000,2,2,1,60,0,2,1,0,0,0,102415,78805,92857,110624,95928,86101,56163,491,3533,34246,31470,29006,0
70000,1,2,2,40,1,0,0,0,0,0,40745,26541,30208,35564,39688,29353,10889,16386,13789,7982,3403,6333,0
70000,2,2,1,31,0,0,0,0,0,0,57585,41398,52414,47982,44340,36771,8447,16981,48783,16706,30919,20352,0
170000,2,1,1,36,0,0,-1,-2,-1,-2,12399,15192,14795,0,15292,0,8772,9297,5220,0,11481,0,0
80000,2,2,2,50,0,0,2,-2,1,1,29048,35722,34348,0,26419,27142,3164,21605,5642,0,2662,132,0
80000,2,1,1,40,-1,-1,0,-1,0,-2,56422,48658,51153,42353,46819,0,25888,43005,22694,9580,38336,0,0
70000,2,2,2,32,0,-2,0,-1,-1,-1,39934,0,42917,37883,31150,35558,29562,0,11472,18047,10076,16319,0
30000,1,1,1,55,0,0,0,-1,0,-2,5518,4494,5302,6048,5154,0,3670,3709,4419,4333,2888,0,0
200000,2,2,1,56,0,1,0,0,0,0,29763,46123,24699,43598,38808,25427,19910,6535,24398,16025,36045,21112,0
50000,2,3,2,57,0,0,0,1,2,2,31482,23625,26732,27067,27110,26859,17256,10976,17576,1013,6334,3830,0
90000,1,2,1,45,0,1,1,1,0,0,42030,38068,51402,49666,37398,27598,16420,5575,1051,2108,19989,16732,0
40000,2,2,1,47,-2,0,0,0,1,0,0,6305,6835,6457,5843,7175,0,5701,4384,1845,1239,5870,0
300000,2,2,2,38,-1,-1,-1,-1,0,0,75310,81943,75068,64455,73642,68080,28635,33365,34938,19176,51920,67673,0
90000,1,2,1,31,-2,0,0,0,0,0,0,39256,41069,34091,32816,31258,0,20759,40248,32597,23566,29996,0
480000,2,2,1,33,0,-1,-1,-1,-2,-1,60113,49643,51313,41862,0,49175,38279,9886,30530,9635,0,21675,0
170000,2,2,1,38,1,0,1,0,0,-1,54867,55395,40186,41349,54694,41137,494,4556,3324,12358,40045,24603,1
50000,1,1,2,70,0,0,-1,0,0,0,1383,1054,1169,994,1294,886,367,721,429,556,1167,478,0
210000,2,2,1,36,0,-1,-1,-1,-1,-1,70049,88044,104844,77334,71600,91838,19742,60242,90037,65399,53244,81521,0
230000,1,1,2,46,0,0,0,0,-2,0,45583,66566,43333,44917,0,48755,28071,50833,25747,10059,0,29805,0
240000,2,2,2,37,1,1,0,0,0,0,188800,137135,176531,129036,142289,162835,12330,6104,50509,71801,121058,87290,1
80000,1,2,1,33,-1,0,0,1,2,1,10379,10172,10534,11081,10931,11500,7914,6107,7067,973,1725,492,0
90000,1,1,2,35,0,-1,-1,0,0,0,12087,10141,11899,8966,8984,9867,9223,8985,8594,6905,3497,4261,1
60000,2,2,2,42,-1,-1,0,-2,-1,-2,21855,26409,26770,0,30584,0,10335,6636,22750,0,12433,0,0
60000,1,3,2,37,-2,0,0,0,0,-2,0,4756,5063,4762,4878,0,0,4338,3423,3055,1277,0,0
120000,2,2,2,34,0,0,0,0,0,0,70562,59443,76070,94232,84531,82824,33895,49358,28672,60834,56840,76088,0
130000,2,2,2,40,0,0,0,0,1,-1,54669,58220,54219,43480,56572,59761,51715,28705,26630,29302,3176,8636,1
270000,2,1,1,39,-1,-1,-1,0,-1,0,107113,72669,108248,88187,74476,79277,63362,29098,66377,81728,69534,71604,0
260000,2,1,2,44,0,0,0,0,-1,-2,114890,97238,111413,94017,100761,0,99381,73310,92930,67373,93193,0,0
160000,2,3,2,34,0,0,0,0,0,1,71038,76210,72540,76933,77500,70705,14072,56068,64467,57112,18572,1137,0
200000,1,2,2,36,0,0,-1,0,-1,0,127245,130503,129869,100839,117255,79074,126342,60665,122909,71415,104510,68296,0
430000,2,2,1,36,0,0,0,-1,-1,-1,42279,47187,44921,34652,38936,44419,19484,38609,17524,26803,30336,34053,0
80000,2,2,1,41,0,0,0,0,0,0,2136,2079,1766,1744,2415,1995,1016,1658,1592,737,1929,1421,0
60000,1,2,1,35,1,0,0,0,0,0,43121,36838,45837,33477,40394,47029,9209,32441,38240,5743,26274,45470,1
50000,2,2,2,42,1,2,0,1,2,-2,24889,24692,24323,20487,23939,0,1022,641,21547,245,3873,0,0
170000,1,2,2,53,-1,-1,0,-1,0,0,79108,76176,70778,67723,58745,70900,31747,40867,47045,41576,50176,35127,0
190000,2,4,2,33,-1,0,0,0,-2,-1,139071,107243,110355,92204,0,80146,116331,72674,52344,32951,0,76217,0
70000,2,2,2,46,0,0,0,0,-1,-1,28889,32947,33398,35000,26384,31155,7770,27134,20873,33164,17830,26146,0
350000,2,2,2,36,-1,0,-1,0,0,0,106621,95003,72928,104737,84263,104850,22149,64400,55824,49248,81431,84360,0
120000,1,2,1,37,2,0,1,2,1,0,50261,53532,54919,53284,40283,41469,12270,33220,2888,6500,7275,25768,1
250000,2,2,2,48,-1,-1,-1,-1,-1,-1,51671,42022,45501,48066,41077,45234,28176,6789,44039,35910,29515,6964,0
320000,1,2,1,30,0,-1,-1,-1,-1,0,191386,223108,202387,130641,169476,195927,149860,199324,107156,81756,80616,173874,0
120000,2,2,1,46,0,1,2,2,1,0,46941,39554,41804,36769,31571,38111,14540,1400,2078,11861,9646,34166,0
220000,1,2,2,35,0,0,-1,-1,-1,-1,159605,107115,132532,125338,130528,141533,85282,59704,77949,69154,30386,90508,0
180000,1,2,2,30,0,0,0,-1,-1,-2,50398,41295,60174,45274,47224,0,6932,20041,45495,19755,26966,0,0
190000,2,3,1,34,0,1,0,0,0,0,16872,17736,15770,13347,13133,16905,11924,185,10170,4587,7155,13024,0
140000,2,3,2,39,0,0,0,1,1,0,33934,49424,40386,36655,31363,38325,31406,38147,30781,1380,1797,17441,0
250000,2,2,2,36,1,2,0,0,0,1,83649,101184,66657,80034,67799,90937,53,22253,49272,75818,64675,22052,1
40000,2,3,2,41,-1,0,-2,1,0,-2,7610,6741,0,6471,8011,0,4338,6032,0,1402,5965,0,0
90000,1,1,2,47,0,-2,0,-1,-1,0,18273,0,16298,18044,13678,14525,14233,0,13903,11341,6815,9135,0
410000,2,2,2,31,-1,-1,-1,-1,-1,-1,115289,148257,138603,130825,109927,90712,77377,136886,79447,76338,83153,75573,0
160000,1,1,1,45,0,-2,-2,0,-2,0,40770,0,0,37259,0,30176,39015,0,0,11328,0,24130,0
150000,1,3,2,33,1,0,1,1,1,1,63731,76082,75064,53369,55077,85205,2314,59795,2796,11863,8047,602,1
140000,2,4,1,35,1,0,0,-1,-1,0,81904,60573,79884,67668,52749,72333,3665,35719,31273,47247,40246,63849,0
40000,2,2,1,36,0,0,0,0,0,-1,27641,22973,23310,23781,25524,27426,18038,17819,17225,23025,19444,12556,0
250000,2,2,1,33,0,-1,-1,-1,-1,0,105318,88086,97497,94515,117600,87907,48131,46675,58613,56348,94067,59559,0
60000,2,4,1,45,0,1,0,2,2,1,12514,10711,11621,9718,8656,7800,2111,635,8879,554,437,2573,1
110000,1,3,1,32,-1,-1,-1,0,2,1,44464,42834,48110,37031,43417,33892,33644,25715,16651,31674,2128,3282,0
50000,1,3,2,32,1,1,2,3,3,2,8825,6547,9835,6787,6999,9016,105,1340,3496,548,802,1077,1
110000,2,2,1,37,0,2,1,0,8,8,19215,21625,20613,17384,12909,13283,10105,3293,2815,13766,483,1262,1
240000,2,1,2,36,0,1,0,0,0,-1,88364,109283,87465,139986,91524,94765,50237,4007,65468,114381,34517,46434,1
250000,2,2,1,37,0,-1,0,0,0,0,83753,54948,77230,74645,79371,81461,80052,50809,19689,30349,71338,34086,0
140000,1,1,2,40,0,0,1,1,-2,-2,48073,43383,44066,41795,0,0,45625,32838,4580,8489,0,0,0
90000,2,2,2,41,0,2,-2,0,2,2,77464,74247,0,66109,60036,57009,41995,731,0,16866,13330,9813,1
140000,1,3,1,30,0,1,1,0,0,0,39790,37129,46393,41282,36269,36718,18474,5190,4657,22597,32827,25864,1
90000,2,2,2,32,-2,0,0,0,0,-2,0,66260,55057,52150,41936,0,0,64332,22688,5524,36960,0,0
70000,2,2,2,30,1,0,-2,1,0,-1,23408,16126,0,22109,22501,17953,72,9127,0,928,6981,627,1
90000,2,1,1,45,0,0,0,0,0,-1,47836,27737,51955,43100,40907,30551,29275,13398,31771,24859,26938,23243,0
260000,2,2,2,44,2,2,1,0,0,-1,123336,146059,119124,102091,93163,94743,15748,27201,24514,35717,63013,67125,1
140000,2,3,2,30,0,0,0,0,0,0,42889,44119,37249,38190,43806,34686,39491,14026,23068,29184,22884,18649,0
100000,2,1,2,39,0,0,0,0,0,0,6402,8038,8539,9314,7240,6040,4279,3748,4479,5396,5303,3040,0
220000,2,1,1,31,0,0,0,0,1,0,95859,131341,116624,122743,119163,126545,41818,87283,105089,81121,41150,34147,0
40000,2,2,2,37,-1,0,-1,0,0,0,11829,14294,10514,10714,11836,11371,10291,4430,8090,10279,10250,10094,0
80000,1,1,1,36,0,0,-2,0,-2,0,54747,61580,0,48657,0,44766,50223,43951,0,48149,0,25053,1
190000,2,3,2,46,0,0,0,-1,0,-1,45166,52532,45352,48989,56646,51988,40156,37446,20446,26800,31085,47690,0
40000,2,3,2,32,-2,0,0,0,0,0,0,14356,16745,13243,16636,16173,0,12965,8837,10291,13666,16155,0
110000,2,2,2,36,-1,-1,-1,-1,-1,0,3619,4102,3371,3057,3540,2897,1483,2104,2549,1833,1535,2307,0
310000,2,2,3,32,-1,0,-1,0,-1,-1,111632,97379,126154,103759,121922,112733,74884,52416,86118,68701,18953,41056,0
350000,1,3,2,46,0,0,1,0,1,0,313806,290313,190004,224810,250521,196739,52701,182147,5531,112393,34357,175114,0
50000,2,2,2,37,0,0,0,0,0,-2,9746,9198,7280,9367,9050,0,5467,6810,2991,7365,6146,0,0
100000,2,1,1,45,0,0,0,0,1,2,12620,13636,11072,8312,10565,10189,10075,1731,6656,3388,347,681,0
40000,2,1,2,36,1,-2,-2,0,0,0,15637,0,0,12821,11358,11013,4928,0,0,3551,9154,5509,1
170000,2,2,2,34,0,-1,-1,-1,-1,-1,3015,2855,3125,3265,3141,2304,1808,533,1676,1258,2734,1888,0
420000,2,4,2,32,0,1,1,2,-2,0,146938,170851,167597,184811,0,212555,65155,8700,6422,278,0,143044,1
130000,2,3,1,53,1,0,0,0,0,2,40697,46483,55211,42666,51386,41139,922,9409,33772,36440,46307,1686,1
30000,1,2,1,32,0,0,-2,0,0,1,11264,11131,0,9348,11713,8605,6551,10420,0,7414,6851,555,0
120000,2,2,2,30,1,1,1,0,0,0,36186,47853,33508,33053,28953,37113,387,5413,738,13671,17665,10419,0
40000,2,1,1,36,0,0,0,0,0,0,19484,12522,16486,13842,17300,13627,15400,3232,13679,4164,15145,13420,0
330000,2,1,2,38,0,0,1,0,0,-1,119350,115640,153530,117271,158451,104282,115982,56341,13677,98741,96647,81933,0
100000,1,1,2,31,0,0,0,0,0,0,52685,55529,57767,38261,50571,56423,36621,36690,46985,17873,28751,23267,0
130000,2,1,2,41,0,1,1,1,1,0,28794,43464,39902,34464,30872,28076,20128,3286,9321,222,2441,18440,0
170000,2,2,1,43,-1,-1,-1,-2,-1,-1,88579,85868,95412,0,118091,99977,40262,45281,77768,0,99065,87992,1
60000,2,2,1,31,0,0,0,0,-2,-1,6636,7597,4023,5081,0,5129,4748,953,3611,3407,0,2810,0
360000,2,1,1,35,1,0,0,0,0,0,130687,118554,105704,127233,121484,134966,622,24417,63144,55343,99151,70031,0
60000,2,2,2,36,1,1,1,1,0,0,11304,6808,7960,6962,10152,7956,6408,456,100,369,8628,7366,0
310000,2,2,1,36,0,0,0,0,0,0,116159,135342,132690,129647,118286,119371,49893,68338,119574,72798,66212,97775,0
160000,2,1,1,37,0,1,0,0,1,0,45084,55703,60349,53055,61254,56260,9915,847,45427,25917,1969,48040,0
50000,1,1,2,31,0,0,0,0,0,-1,16167,13395,12637,14607,15205,13085,8775,7246,10649,12831,1657,9652,0
110000,2,2,2,38,0,0,0,0,0,1,12204,13187,10076,11052,9885,10698,7675,7659,7135,10169,5497,941,0
110000,2,1,2,58,0,1,1,1,1,1,56942,68505,57590,60769,55918,56646,21001,6418,4831,15276,7002,5728,0
270000,1,2,2,34,0,0,-1,-1,-1,-1,36882,38905,44911,58069,36336,38557,20086,18471,30880,53179,28645,27515,0
150000,2,2,2,39,1,1,0,0,0,0,104573,126969,127296,89022,102164,100984,3925,8556,43011,47205,69838,13640,0
110000,1,2,1,35,0,-1,0,0,1,0,35642,30417,33911,28850,29201,30984,32022,13320,9936,12856,5977,21624,1
90000,1,2,1,34,0,0,0,-1,0,-1,5518,6857,7729,5342,5760,5157,3561,3924,1705,4520,4493,4771,0
60000,1,2,2,37,0,0,0,-1,-1,-1,7720,6457,5397,7042,8052,6511,4461,3019,4072,6416,4630,3065,0
40000,1,1,1,37,2,3,2,0,1,0,9060,13921,11233,16457,11909,9175,68,1941,779,8185,195,2200,1
50000,1,3,1,33,0,0,-2,0,0,0,12933,11319,0,13838,10825,9633,10741,10601,0,13245,9203,6440,0
70000,2,2,1,33,0,0,1,0,-1,-1,29484,36439,34351,37191,31767,28854,25341,25861,2789,34879,16462,14615,0
20000,2,2,1,31,1,0,0,-1,-2,0,14847,12440,12511,14681,0,12101,1098,9187,9362,13700,0,5903,1
360000,2,3,1,44,-2,0,0,0,-1,0,0,124003,105575,110932,98031,99068,0,91577,29499,51136,49210,51467,0
80000,2,2,2,35,0,0,0,0,-1,-1,44213,40941,40397,32707,29753,44646,30360,36713,33173,22289,23411,30121,0
100000,2,1,2,34,-2,-1,-1,0,0,0,0,9768,7659,8802,7310,8939,0,3628,6894,4982,956,7391,0
120000,2,1,1,63,-1,-2,-1,-1,-1,-1,47217,0,40112,42366,37785,41049,13508,0,28699,17473,24656,20114,0
80000,1,2,2,30,0,0,0,0,0,-2,23792,18925,18641,15458,21264,0,8189,10598,6927,14799,19948,0,0
190000,2,1,2,36,0,0,0,0,-2,0,35730,35196,40212,37382,0,39313,34145,27512,27772,18126,0,8496,0
130000,2,2,2,35,-1,-2,0,1,0,0,53016,0,69584,70139,66517,43956,22530,0,40484,2667,17790,33820,0
50000,2,1,2,31,2,2,1,1,0,-1,33214,25061,19838,25589,20485,16578,795,174,6192,2608,14554,11923,1
390000,2,2,1,52,1,0,0,0,-1,-2,73878,86616,85806,71804,58532,0,11667,61197,52060,60061,33737,0,0
90000,1,3,1,33,0,-2,1,2,2,7,4911,0,4400,4630,5482,3962,1804,0,712,316,647,281,0
40000,2,2,2,50,2,0,0,0,0,-2,22675,25114,30846,21048,25621,0,2171,16898,20489,14637,3444,0,1
230000,2,2,3,41,-1,-1,-1,-1,-2,-2,195873,137353,152305,183170,0,0,150609,68014,89349,96676,0,0,0
50000,2,2,1,43,0,1,0,-1,-2,-1,15303,13759,13128,12278,0,13770,14979,3331,8350,6126,0,5918,0
40000,1,2,2,73,-1,-2,0,0,2,-2,26482,0,24267,15637,21591,0,6153,0,18676,9479,1196,0,0
50000,2,3,2,37,1,-2,0,0,-2,0,32470,0,25461,34165,0,23954,1353,0,18756,20287,0,12726,0
160000,2,2,2,32,3,2,2,1,1,0,68829,67590,47079,52966,63487,52336,2923,8175,4180,8358,7349,40281,1
230000,1,2,2,42,-1,-1,-1,-1,-1,-1,92782,122774,84427,65462,100457,94449,47932,98935,67586,45581,12054,43981,0
200000,2,3,2,49,0,0,2,2,1,0,140258,126053,104800,97231,83885,77543,123794,75038,139,11418,4504,65388,1
110000,2,1,1,37,-1,0,0,-1,-1,-1,7995,8810,10518,8875,6777,7676,6212,6429,4636,7659,3806,5071,0
150000,2,1,2,42,0,0,0,0,-1,-1,68548,58322,43904,40659,43074,60745,32676,46502,29043,7275,25107,36609,0
90000,2,1,1,52,0,0,-2,0,-2,-1,26235,26846,0,15706,0,27950,5959,20056,0,11265,0,27135,0
130000,2,1,2,51,0,0,-1,-1,-1,-1,43313,42896,48180,49913,31315,41678,31101,23819,29281,21137,27872,18261,0
350000,2,1,2,31,-1,-1,0,0,0,0,146007,170088,179078,156408,157958,138758,105144,50984,165780,141364,82299,128221,0
70000,1,2,1,34,0,1,-2,2,1,1,24317,20295,0,26283,20929,19903,14939,3650,0,302,1722,6250,1
80000,1,1,2,40,0,0,0,-1,-2,0,31700,33530,34206,35067,0,22419,14803,22139,25868,26136,0,7118,0
290000,1,2,1,33,-1,0,0,0,0,0,221025,222665,267423,222928,232942,221025,204776,35562,177042,114708,206784,73837,0
330000,2,3,2,39,-2,-1,-2,-1,-1,0,0,28500,0,34572,35886,25521,0,15442,0,26844,25220,17083,0
170000,2,1,2,38,0,-1,0,0,0,0,74705,90233,60972,90482,69819,58529,33095,32754,25797,27109,34852,19791,0
40000,1,2,1,34,0,0,-2,0,1,2,2234,2091,0,2728,1999,2481,2169,1424,0,768,227,71,0
40000,2,1,1,39,0,0,0,0,0,-1,12472,14090,12176,11944,11371,10281,8778,11591,7678,8918,8888,5216,0
170000,1,2,1,38,1,1,0,0,-2,0,30487,34156,30967,21911,0,25273,2419,3800,12002,8060,0,23066,1
110000,2,1,2,32,2,2,1,1,0,1,104118,111741,69226,102009,97170,89291,25577,204,5021,5702,54847,13610,1
180000,2,2,2,41,0,-1,-2,0,-2,0,200335,150444,0,141170,0,129081,108492,88346,0,135137,0,40976,0
30000,2,2,1,31,0,-1,-1,0,2,2,18159,17696,12101,13948,15035,14322,4467,10671,5764,11343,6509,1947,0
40000,2,2,2,50,0,0,-1,-1,0,-1,13503,15327,16755,16637,13484,12281,7434,12402,9261,14661,9272,8651,0
40000,2,2,2,38,2,0,0,-2,2,1,27958,28882,26256,0,26757,19549,4930,6378,17202,0,7696,838,0
40000,1,2,2,34,-1,-1,1,-2,1,1,19653,20544,19708,0,21282,18970,11106,7064,2513,0,2567,1781,0
20000,2,3,1,35,0,0,0,0,0,0,8375,7251,7004,5470,6707,7123,5232,5105,3461,4812,4885,4146,1
130000,2,3,2,43,0,0,-2,2,2,0,1476,1586,0,1443,1494,1179,1429,1417,0,86,121,547,0
200000,2,1,2,32,0,-2,-1,-1,0,-2,35989,0,34626,38288,28873,0,14777,0,24596,35950,12227,0,1
80000,1,2,3,43,-1,0,0,0,-1,0,24726,25595,28209,23719,30886,23336,5593,20668,24367,11565,20657,19717,0
120000,2,2,2,33,-2,0,0,-1,-1,-1,0,23697,19597,21498,19184,23722,0,9484,15821,6734,2616,6374,1
120000,2,2,1,39,0,0,0,-1,0,0,83366,101086,74965,81713,97232,86996,40447,65317,46227,43955,42850,43996,0
60000,2,3,1,32,0,1,2,-2,1,1,37297,35773,21268,0,27556,25801,25465,1032,5640,0,1985,2777,0
70000,2,1,1,36,0,0,-1,-1,-1,-1,42173,37311,35244,38335,35037,36457,21188,30926,16952,8618,16908,32740,0
230000,2,1,1,35,0,-1,0,0,0,-1,74727,91335,61903,68015,73432,54862,40495,57537,35295,26857,65337,29499,0
230000,1,1,1,31,0,0,0,0,-1,-1,153828,140750,121116,155054,134199,136180,106464,78469,42428,93040,91045,110821,0
40000,2,2,2,35,1,3,0,1,0,0,12976,14351,12763,10163,10682,12264,522,1295,8215,1429,10298,6680,1
70000,2,1,2,47,0,0,0,0,0,0,37041,41473,42239,42141,42115,34144,20513,25728,23240,35790,19683,20257,0
90000,2,1,2,32,0,0,0,-2,0,0,36277,38513,35780,0,38512,38024,18702,31895,32836,0,31610,26744,0
20000,2,2,2,38,0,0,-1,0,1,-1,12781,13913,12128,9459,12912,11245,11139,6448,6210,6432,1206,7573,0
50000,1,1,1,32,0,0,0,0,-2,-1,6302,5742,7098,6531,0,4344,5653,5256,1348,3282,0,3814,0
70000,2,3,1,30,2,-2,-2,0,0,0,38784,0,0,48597,68514,50414,336,0,0,43421,42049,28117,1
80000,2,1,2,38,-1,-1,-1,-1,0,0,16399,17793,20174,19392,17999,17016,7362,1695,9955,12325,6881,4142,0
150000,1,1,1,44,0,0,-1,-1,-2,-1,78369,48851,51633,65136,0,54280,55017,39003,38017,34770,0,40764,0
240000,1,2,2,30,1,1,0,-1,-1,-1,146908,151755,132957,128955,97533,115571,8628,41923,98227,68744,55174,92812,0
70000,1,1,2,44,0,0,0,0,0,0,30927,36319,31640,34584,31832,35638,20086,29132,24713,28631,28015,17281,0
130000,2,1,1,31,-2,0,0,1,1,0,0,5901,5715,4315,4536,4127,0,3866,3990,427,255,2165,0
330000,2,1,2,37,-1,-1,0,0,0,-1,61553,61512,55585,47954,49464,62894,35246,29146,50158,42034,18098,25850,0
220000,2,2,1,35,0,1,0,1,2,2,15167,16409,15777,11887,16271,17410,11887,1623,7135,1462,608,3604,0
90000,2,2,1,31,-1,-1,0,-1,0,-2,27681,30506,23681,28482,28706,0,26327,27932,10470,23523,17539,0,0
70000,2,3,2,31,0,0,0,0,0,0,20377,28772,21716,25334,17636,25269,6578,8096,15740,21488,16231,12824,1
140000,2,2,2,42,-2,0,0,0,-2,-1,0,60228,77873,51302,0,59176,0,49544,46461,28666,0,52092,0
80000,1,3,2,45,1,1,1,2,2,1,14804,18443,16633,12911,21427,14570,45,1116,437,960,946,3416,1
110000,2,1,2,41,-2,-2,-2,0,0,0,0,0,0,47183,64473,51491,0,0,0,21660,48315,39512,0
50000,1,2,1,42,0,-2,0,-2,0,0,37959,0,38777,0,34815,20958,13822,0,12898,0,30317,19221,0
110000,2,2,1,32,0,0,0,0,0,0,21095,16546,16218,18222,20255,13863,10354,11885,6112,14224,13270,9482,0
50000,2,2,2,30,1,-2,0,0,-1,0,18638,0,27833,23231,18823,22962,1547,0,24771,15912,11310,3078,0
50000,2,2,2,35,0,0,0,-1,-2,-1,13521,13034,12773,13961,0,11053,7944,5570,8584,10438,0,4275,0
80000,2,1,2,33,0,0,0,-1,0,0,22267,21769,24384,22064,22906,23701,19590,18068,20712,17174,13920,21668,0
130000,2,4,1,31,0,0,-1,0,0,0,56924,54140,37884,47099,37195,47235,30132,36162,11790,24955,31540,29069,0
110000,2,2,2,32,0,-1,0,-2,0,-1,38132,36548,34210,0,34866,30639,22142,20816,25363,0,29327,19274,0
150000,2,2,1,34,0,0,-2,-1,0,-2,90717,95090,0,98537,102814,0,52504,78157,0,28764,65737,0,0
60000,1,4,2,47,1,1,0,-2,0,0,18632,16588,20470,0,17303,21419,4625,1497,4072,0,7255,13437,1
80000,2,2,2,31,0,0,0,-1,-1,0,24113,24858,21179,16905,18759,17066,17695,16333,16673,6884,12372,10504,0
140000,2,1,2,45,0,2,1,0,0,1,50068,35548,45261,38958,41710,34938,43866,1389,7628,37483,30462,717,1
180000,2,1,1,45,1,0,0,-1,0,0,51900,75527,69675,85411,63195,69365,9231,59415,14144,20424,15920,39582,1
280000,2,2,2,32,0,0,0,0,-1,-1,61189,58116,49818,62907,63259,54389,26035,26695,21130,56531,20430,42992,0
40000,2,1,1,41,0,0,0,-2,0,0,11048,10352,8850,0,7922,8739,6365,8024,6305,0,5712,4801,0
210000,1,2,2,30,0,0,0,0,0,0,163878,141828,144097,125538,160680,107363,80786,30614,107413,107030,68966,83538,0
350000,2,1,2,34,2,1,0,0,-1,-1,85494,86186,124526,72241,107354,86776,10607,813,89358,27492,72907,70318,1
40000,1,2,2,31,0,1,1,1,0,2,19707,20745,15990,19971,18147,17642,15396,1335,1494,18,17445,4232,1
40000,2,2,1,32,1,0,0,0,0,-2,10552,11707,11707,8927,8365,0,728,10290,4243,3960,7011,0,1
60000,1,4,1,38,0,0,0,1,1,0,8852,8848,9852,9766,8801,8314,8449,7699,7424,199,1346,5030,0
50000,1,2,2,41,1,0,0,0,0,-1,13491,14800,11300,10409,11228,10216,2257,10242,6108,8789,3953,2442,0
30000,2,3,2,33,-2,0,0,-2,0,0,0,12491,10483,0,11282,12956,0,5694,5614,0,6320,935,0
30000,2,3,2,32,1,0,0,-2,0,0,10824,9020,10060,0,12852,7631,1085,7122,9294,0,10836,6729,1
80000,2,1,2,35,2,1,1,1,3,2,43468,39652,34657,29528,34356,36138,658,1313,4368,2410,819,3916,1
60000,2,2,2,37,1,1,1,2,2,3,30125,30413,32959,28727,31408,35225,426,9403,293,5257,8369,1800,1
180000,1,1,1,35,0,0,0,0,-1,0,28729,27131,24469,27113,28540,29406,20664,18676,18433,19040,18684,9064,1
80000,1,1,1,46,-1,0,0,0,0,0,14084,10812,11984,14879,11698,12169,1090,10733,5735,13390,3083,8926,0
70000,2,2,1,36,1,0,0,0,-1,-1,14847,16639,15349,13613,11650,21617,2003,4891,8605,12056,6569,15767,0
50000,2,2,2,47,2,3,1,-2,1,1,13318,15390,13485,0,14844,13002,1584,1330,1309,0,2457,649,1
30000,2,2,2,48,0,-1,-1,-1,-1,-1,14201,14076,12005,13094,10561,13014,9936,10650,10824,4383,4851,7284,0
50000,2,2,1,36,0,-1,-1,-1,-1,0,3231,2691,2815,3043,3618,2655,2038,774,1686,2357,2131,2258,0
90000,1,3,2,35,1,1,0,-2,0,-1,10100,15455,13117,0,12808,8974,1081,1937,11594,0,5395,2195,1
160000,2,1,2,40,0,0,-2,-1,-1,-1,29028,26184,0,22918,19049,22200,13144,15547,0,15580,15589,19585,0
40000,1,3,1,44,0,0,-2,0,0,0,19278,17199,0,18243,20371,22500,11392,10087,0,13481,16379,9810,0
50000,2,2,2,32,1,0,0,-1,-1,-1,21104,26473,21354,17962,20588,19842,1561,23720,3265,4786,19870,16297,1
80000,2,1,2,35,0,-1,-1,-1,0,0,8045,8296,8779,6515,8229,5118,7384,3293,3493,3148,5523,4381,0
90000,2,2,1,48,0,-2,1,2,2,2,71385,0,56137,61320,78933,55654,53382,0,1789,3013,27278,1321,0
70000,2,2,2,40,-1,-1,0,0,0,0,1694,1791,1477,1019,1256,1650,598,1476,696,760,1212,1361,0
40000,2,3,2,31,0,0,0,0,0,0,9589,10757,10537,8401,10373,8923,3667,9756,8947,7911,7495,7573,0
510000,2,1,2,42,-1,-1,0,0,-2,0,37719,55055,45302,51827,0,38859,27228,38029,26629,36749,0,30195,0
40000,2,2,1,34,-1,-2,-2,0,-2,-1,22689,0,0,19824,0,22017,22322,0,0,14076,0,2977,0
140000,2,2,2,41,0,0,0,1,0,0,48214,53446,48058,44831,46197,47470,42456,40429,42893,5801,18303,3948,0
60000,2,1,1,50,2,-2,2,1,2,-2,15778,0,10102,12710,12912,0,1379,0,2434,208,931,0,0
110000,2,2,2,30,0,0,0,0,0,-1,27728,25164,22377,19576,16628,17899,16795,20486,13738,10979,10260,2997,1
130000,1,1,1,41,0,0,0,0,1,1,26957,26266,25859,34729,29929,21688,17711,2629,19046,31575,93,1046,1
230000,1,2,2,38,0,0,0,-1,0,-1,12589,11590,12093,10033,11062,12869,8511,10593,8778,3906,8454,7394,0
50000,1,2,2,37,-1,0,1,0,-1,0,6822,7019,5663,6365,7285,5198,6240,5802,327,2182,6458,4169,0
470000,1,2,2,35,0,0,0,0,0,0,242400,270572,192687,215568,236277,187773,151365,66291,158895,59175,118288,22452,0
130000,1,2,1,33,0,0,0,0,-1,-1,11995,8772,11696,10831,10799,8885,8719,3894,1696,4217,6757,6256,0
140000,2,1,1,30,0,0,0,0,-2,-1,74988,66957,55913,47748,0,51176,45640,24532,29952,12456,0,41255,1
180000,1,2,2,30,0,1,0,0,0,0,95267,70559,66863,87915,86640,87900,14042,5710,34837,85400,63842,37180,0
160000,1,2,2,46,-1,0,0,-1,0,0,39242,23317,33064,35194,28378,26957,32944,16935,28488,13491,21359,11729,0
120000,1,2,2,45,0,0,-1,-1,-1,-1,50126,43382,29286,41891,35016,37272,33867,27155,17704,39408,31941,37211,0
210000,2,2,2,32,0,0,0,0,0,0,149635,107878,157396,119729,133882,82689,139424,72559,45950,29489,103324,82529,1
60000,2,3,1,75,1,2,-2,1,0,0,42581,33689,0,49318,20087,34689,4104,2238,0,3273,6943,10977,0
150000,1,3,1,39,-1,0,-1,-1,-1,-1,40351,31393,52561,52164,46731,36979,21136,20653,32235,49541,39518,26233,0
290000,2,3,1,37,-1,0,-1,-1,-1,-1,154508,154195,152297,127711,123222,140405,81089,60924,53594,90023,105211,128614,0
90000,2,2,2,36,-2,2,1,1,2,0,0,13362,14789,14519,12031,14513,0,861,3729,660,343,4040,1
100000,2,2,2,31,0,0,-1,-1,-1,-1,32490,35502,29906,25478,25858,24601,25014,19187,13346,15598,22358,10732,0
60000,1,2,2,38,-2,0,0,0,0,0,0,7596,9026,8588,7148,6984,0,4613,2587,2707,1738,4338,1
60000,2,1,2,43,0,0,-2,-1,-1,-1,9296,13564,0,10627,11044,9007,7572,4303,0,4060,6720,6505,0
30000,1,3,2,37,0,1,1,1,0,-2,2292,1962,2894,2779,2652,0,1772,408,1,122,1984,0,0
80000,1,3,2,37,1,1,1,1,0,-2,77721,64393,75128,57041,58795,0,1111,6543,10220,1890,24673,0,1
230000,2,1,1,33,0,0,0,0,1,0,57834,67651,61872,66056,51329,54950,8569,29038,25576,53906,8021,45259,0
110000,2,2,2,65,-1,-1,0,0,-2,0,38588,47871,41478,30141,0,28189,6702,23055,36569,16737,0,8437,1
100000,2,3,1,34,1,-2,2,1,0,0,23573,0,19509,20695,19995,20979,1558,0,495,3901,8101,11467,0
290000,2,1,2,30,-1,-2,-1,-1,-1,-1,44323,0,44415,51649,43491,41780,33743,0,39548,30113,8834,18117,0
90000,1,2,1,32,0,0,0,0,0,0,54335,54861,77112,82047,67576,61746,28449,25284,36962,61260,37971,17019,0
290000,1,2,1,32,2,-2,1,1,-2,-2,86914,0,92998,83199,0,0,21707,0,2009,5725,0,0,0
40000,1,1,2,35,-2,0,1,0,1,2,0,24045,27183,23568,21338,20629,0,11741,730,17419,3176,3164,0
80000,2,2,2,54,-2,0,0,-2,1,1,0,11708,11273,0,9059,12981,0,6628,10459,0,4,1424,0
30000,1,3,1,34,-1,-1,0,0,0,0,10909,7667,9140,10135,10240,8869,9252,5753,2599,9043,5178,7985,0
50000,2,1,2,31,0,0,0,1,-1,0,21813,20257,23891,16097,14605,13519,19554,13193,11847,1905,13997,12324,0
80000,2,2,1,30,0,-1,-1,-1,-1,-1,9306,7441,6494,6196,5660,5828,7350,4678,4331,4986,4269,2334,0
120000,2,3,1,37,0,0,0,-1,-1,-2,31056,23655,27336,23114,20970,0,18001,22867,7942,17506,16240,0,0
240000,2,1,1,42,0,0,0,0,0,0,97292,114662,95102,110609,100567,114319,83495,65452,42991,60349,36660,25526,0
180000,2,1,1,41,-1,-1,-1,-1,-1,-1,47011,45312,39635,49470,55497,35258,14043,40520,20663,33839,40229,25109,0
70000,2,2,1,32,-1,-1,0,-1,-1,-1,20278,26458,20787,21890,19064,22177,13982,15158,16939,5258,11738,12696,0
80000,1,3,2,46,-1,0,0,0,0,0,49800,50176,53283,64468,40081,45866,31645,20425,11413,42009,39094,16648,1
190000,2,2,2,30,-1,0,-1,-1,-1,0,64909,69820,84624,68413,69735,79072,26827,41479,67135,28419,45094,55031,0
30000,2,2,2,31,0,0,0,0,0,1,16662,19489,13316,18741,16467,15379,7087,18124,6557,10924,13741,505,0
250000,2,2,2,48,0,0,-1,-1,-1,-1,88508,72126,74874,78582,80549,74530,52068,16797,69543,75183,33609,37925,1
70000,2,2,1,32,-2,1,0,0,0,-2,0,53434,41006,50941,49268,0,0,5037,29725,36759,33608,0,0
140000,2,3,2,40,-2,0,0,0,0,0,0,26045,23946,24001,21701,25972,0,13266,7440,16059,17334,22999,0
220000,2,2,1,36,0,0,1,0,-2,-1,52442,54289,36017,38303,0,49438,33719,41112,4439,20173,0,30929,0
80000,1,3,1,32,0,-2,-1,-1,-1,0,22532,0,22825,26257,21460,24120,5776,0,11060,9952,17016,23293,0
100000,1,3,2,35,0,-2,-1,-1,-1,0,15590,0,17279,16544,13754,15406,12041,0,8900,13860,10264,5856,0
400000,2,1,1,39,0,0,0,0,0,0,74468,105092,92562,87143,94281,92306,46504,83130,81700,69820,32838,51277,1
100000,1,1,2,33,-1,-1,-1,0,-2,-1,29610,20396,28337,22614,0,34823,22146,18328,23628,16781,0,17819,0
160000,1,2,2,32,-1,0,0,0,0,0,90792,130713,98401,110662,82697,77794,74244,101717,63174,48647,72407,51711,0
120000,2,3,1,30,0,0,0,0,0,0,24996,31127,30348,27193,36154,25317,3512,21420,19086,10355,30562,15084,0
70000,1,2,2,30,0,0,-1,-2,0,0,6613,5293,5312,0,4994,4069,1919,742,3496,0,1601,3477,0
160000,1,3,1,38,3,-2,-1,0,-1,-1,64124,0,49058,42601,39054,38233,10890,0,28521,37420,34595,31875,1
100000,2,2,1,30,1,0,1,1,0,0,63265,79333,66507,54740,67542,48287,14701,59479,1188,10509,37567,30035,1
200000,1,2,2,39,0,-2,0,-1,-2,-1,108506,0,117457,131565,0,89688,91976,0,77642,110820,0,56686,0
140000,1,2,2,36,0,1,2,2,5,6,46098,80105,82478,70229,68981,63453,41709,927,10026,1760,12611,4214,0
80000,1,3,1,50,-1,-1,0,0,-1,-1,16414,12543,10104,14095,12000,11481,14756,8077,9315,10687,6981,7745,1
110000,2,2,1,42,1,1,0,1,1,0,45453,48875,55098,45747,37945,49825,257,1926,31857,12910,5079,25818,1
90000,2,3,1,36,0,-1,-1,-2,0,-1,1312,1188,1492,0,1080,1034,721,827,943,0,880,931,0
90000,1,2,1,45,0,0,0,2,3,1,13618,17458,20063,12403,13826,12159,8794,7412,6081,793,681,2000,0
60000,2,3,1,34,0,0,0,0,0,-2,25642,29689,24348,22815,25369,0,10538,12498,6726,20861,17364,0,0
130000,2,2,2,32,-1,-1,0,0,0,-1,37765,37446,43168,34898,46633,44526,33734,27672,28234,21608,26510,22439,0
160000,1,3,2,30,0,0,0,0,0,0,144334,96249,138885,98260,120336,115078,43250,88021,71556,64246,108420,66219,0
290000,1,1,2,34,-1,-1,-1,-1,-1,-1,62539,73348,58324,48515,56378,51891,53536,37545,33009,20999,43395,39250,0
200000,1,3,2,33,-2,0,0,-1,0,-1,0,12010,13040,13743,12895,14182,0,6869,12638,13581,6437,2965,0
180000,1,2,1,45,0,0,0,0,-1,-1,53634,52367,49292,45440,41943,53215,46442,25703,33561,42648,30069,23616,0
120000,2,2,2,44,-1,-1,-1,-1,-1,0,30613,30274,25824,30459,32749,33958,23781,21344,23633,18972,22408,22422,0
30000,1,3,2,31,0,1,0,0,-1,0,18329,14777,13248,12981,11938,17565,16034,182,3177,10740,6359,9325,0
210000,2,2,1,35,0,0,-2,0,0,1,185169,178524,0,161812,111071,136605,145513,118686,0,157818,17923,493,0
40000,2,3,2,31,0,0,1,2,2,2,24376,28320,23331,16945,21482,22040,18364,13864,4846,1133,786,628,0
90000,2,2,2,45,0,0,0,0,0,2,74371,60946,57915,52313,54450,60925,20265,46084,37247,11673,19559,5491,0
50000,2,4,1,32,-1,-2,-1,-1,-1,0,36845,0,41856,31632,27253,29904,27479,0,12290,15961,19543,14081,0
100000,2,2,1,50,2,2,0,0,0,0,58183,66479,72327,69581,66343,66030,165,4972,60840,53853,59437,30834,1
130000,1,2,2,38,0,-2,-1,-1,0,0,43286,0,33527,36044,38399,40448,28994,0,16859,33166,2718,34183,0
170000,1,1,1,79,-1,-1,-1,-1,0,0,18403,20065,17261,20108,20386,19482,10579,10111,8284,5951,14853,14828,0
100000,2,1,1,41,0,0,0,-1,-2,0,41291,39797,41386,35998,0,26897,39608,28006,27010,20930,0,22464,0
110000,2,3,2,33,0,0,0,0,0,-1,65547,61175,56426,66721,63074,71657,51028,19346,55547,30615,57141,67759,0
190000,2,2,1,33,1,1,0,0,0,0,66436,63158,49054,81033,64608,44524,922,12449,36918,40280,50541,20347,1
100000,1,1,2,46,0,0,0,0,-2,-1,10170,13988,12545,13987,0,13641,6448,2773,6668,2126,0,5560,0
130000,2,2,2,30,0,0,0,1,2,2,6261,7134,6597,6789,8053,5477,3969,5445,5007,236,849,493,0
120000,2,2,2,31,-1,0,0,0,-2,0,43529,30226,34291,31495,0,38738,32218,11213,19529,8989,0,25734,1
240000,2,2,2,53,-1,-1,-1,-1,-1,-1,92049,62354,110782,89929,103793,118182,21626,52646,72411,66014,18039,85821,0
70000,1,2,1,48,1,0,0,0,0,0,39050,48342,46789,46229,41098,43870,3727,41109,45386,32652,28039,39958,1
40000,2,1,1,48,0,-1,-2,-1,-1,-1,4171,4690,0,4724,4419,5451,3009,3614,0,2095,336,2863,0
180000,1,1,1,41,-1,-1,0,0,-2,0,39107,36937,45015,36311,0,37663,35289,12843,23251,19544,0,34790,0
110000,2,1,1,50,0,1,0,0,-2,-1,14981,15200,12678,11937,0,10999,3960,3506,7612,7034,0,1361,0
130000,2,2,2,34,1,0,1,0,0,2,48979,55216,47272,44536,50549,42350,6191,32462,1551,38542,12230,596,1
40000,1,1,1,34,-2,0,0,0,-2,0,0,28834,36453,28728,0,27475,0,20746,920,19263,0,25136,0
100000,2,3,1,42,-1,-1,-1,-1,0,-1,3266,4272,3459,3417,3234,3680,2129,2961,1986,1326,2804,3279,0
30000,2,2,1,43,0,0,0,0,0,0,2115,2293,2574,2485,2100,2317,725,1725,878,1804,1134,1745,0
80000,1,2,2,46,-1,0,0,0,1,2,19338,16046,17351,19312,19735,15576,15219,10359,10668,5225,1361,74,0
180000,1,2,1,33,0,-1,-1,0,0,0,60652,63260,47190,52440,41110,46693,12526,6372,44401,30250,35404,31616,0
350000,2,2,1,35,0,0,0,-1,-1,0,94733,90839,86093,73145,57844,82153,11599,18181,48790,58484,47372,48610,0
60000,2,1,2,34,1,1,-2,0,0,0,28041,35752,0,36478,43522,26255,3153,866,0,28646,6992,22804,0
80000,2,2,2,38,1,0,0,1,0,0,25778,28671,24346,27420,26919,24405,7036,19568,11081,66,24911,16147,0
60000,2,2,1,31,1,1,1,0,1,2,31532,27907,30973,22109,37081,32558,9899,2193,3996,21224,984,3204,0
50000,1,4,1,34,1,1,0,0,-1,-1,20466,34213,26184,27242,29759,29345,3221,1620,20962,20950,18315,13094,0
280000,1,2,1,32,1,0,0,-1,-1,-1,105895,145082,146069,151279,106836,108509,5954,77200,103674,112806,81295,53012,0
100000,2,3,1,36,0,0,0,0,0,0,67965,74376,56817,61656,65728,67100,53972,67262,25050,33972,56745,51494,0
160000,1,1,2,36,0,0,0,0,0,0,9416,7355,9948,10273,10167,7558,5229,3475,7699,4868,5073,4641,0
160000,1,2,2,46,0,-1,-1,-1,-1,-2,4970,3686,4137,5927,3524,0,4038,1854,2279,3012,2089,0,0
80000,1,2,2,45,-2,-1,0,-1,0,1,0,32231,34161,32519,37141,36993,0,18500,15146,29599,9590,2744,0
160000,1,4,2,45,1,-2,0,0,1,0,51946,0,42251,50591,50091,36559,2713,0,28839,14749,88,13157,0
30000,1,1,2,30,-2,-1,-1,-1,-1,0,0,3947,3524,3095,4231,2810,0,2612,2259,2150,2914,1718,0
280000,2,1,2,40,-1,-1,0,0,-1,-2,76155,62671,58406,71114,66890,0,22030,41336,26249,30196,35720,0,0
200000,1,1,2,30,-1,-1,-2,-1,-1,-1,72823,82713,0,79596,80020,106897,46498,63207,0,52202,55057,64264,0
70000,1,3,2,49,-1,-2,0,0,0,0,20682,0,26420,22775,19995,20972,2151,0,1800,12589,18545,7048,1
140000,2,2,1,48,0,0,0,1,0,-1,30222,24942,22364,24677,23016,27677,23764,17820,13321,8223,8664,17865,0
80000,1,2,1,40,-1,-1,-1,-1,-1,-1,40159,36031,39264,31156,40413,30595,20216,26428,34768,25546,12115,19538,0
90000,2,1,2,39,3,3,3,2,0,0,47017,49578,54416,60505,48699,56380,414,6107,3377,7632,14762,44057,1
100000,2,2,1,32,-2,0,2,2,3,1,0,13050,14066,11349,10511,13211,0,7003,3016,1041,1733,3168,1
50000,1,1,2,40,-2,2,1,0,1,2,0,4996,4779,4146,4365,4246,0,277,229,2416,199,1053,0
90000,2,1,1,37,0,-1,0,0,-2,-2,159,171,118,150,0,0,134,89,67,54,0,0,0
110000,1,2,2,30,1,1,0,0,0,0,110884,83936,82174,82342,77007,74360,23450,3036,70703,51767,62671,62599,0
160000,2,2,1,39,0,0,0,-1,1,-2,14441,15651,17728,16005,16544,0,13615,12947,9198,14760,3559,0,0
200000,2,1,1,45,-1,-1,-1,-1,-1,-1,171349,165428,183827,154434,116510,144011,140068,56503,132241,113624,42940,109291,0
20000,1,2,1,34,0,0,0,-2,1,0,8824,6515,5924,0,6140,5771,3940,5024,2088,0,308,3600,0
60000,2,1,2,34,0,0,0,0,0,0,22532,22687,24182,23514,24897,26106,14377,15026,16984,21071,19705,21978,0
70000,1,2,2,30,-1,0,0,-1,0,0,5165,4547,4805,4378,5444,4561,4459,2427,4724,2943,4706,3258,0
40000,1,1,1,39,0,0,0,-1,-1,0,25958,25514,18674,26243,19637,18898,21845,19857,3300,24911,16982,13889,0
330000,2,2,2,42,0,0,0,0,-1,-1,162897,130991,154816,172406,148601,110618,121467,115360,86899,97441,114958,48458,0
150000,1,2,2,35,1,0,0,-2,0,1,84899,75366,86229,0,87467,69325,14541,15700,64419,0,34023,12347,1
80000,1,2,2,40,-1,-1,0,-2,-1,-2,38064,36981,47897,0,58168,0,34694,30342,32400,0,17158,0,0
20000,1,2,2,37,-2,0,0,-2,0,-2,0,4878,4168,0,4619,0,0,1102,2781,0,2902,0,0
120000,2,2,1,44,-1,-1,0,0,0,0,19486,21628,28238,28845,18171,26012,9358,9304,13844,24494,8650,20394,1
100000,1,3,1,33,0,0,1,1,1,1,43504,63847,51440,59065,51913,48559,23560,42810,8082,19514,1013,2817,1
560000,2,3,2,33,0,0,0,0,-1,-2,237795,184029,183216,208925,203834,0,160960,169627,110722,67941,183824,0,0
110000,2,2,2,30,0,0,0,0,0,0,58765,41348,37877,36620,47586,44123,47955,19242,12942,25562,24221,21607,0
60000,1,1,2,34,0,1,1,2,1,-1,7279,11378,8892,8443,5753,7653,5234,1352,620,249,14,1763,0
50000,2,1,1,34,1,0,0,0,1,1,41818,36977,43204,28270,42266,36227,1660,36321,15985,24983,5569,11014,1
50000,2,1,2,39,0,1,0,1,0,0,4753,4781,4684,4301,4561,5080,3168,165,2870,99,3937,3109,0
80000,2,1,1,44,-1,-2,-1,-1,-1,-1,35411,0,29332,36027,29696,31197,30107,0,22048,26443,18783,24692,0
40000,2,2,1,34,2,0,0,0,-2,0,20993,20671,24587,25141,0,20158,2025,14274,18103,23410,0,9481,1
70000,1,2,1,64,0,-1,-1,-1,-1,-1,11607,7864,11989,8505,9909,9318,9244,6492,2756,3114,3742,6115,0
120000,2,2,1,66,-1,0,0,-1,-1,-1,34392,36234,33406,30269,29721,30260,9576,8732,23897,15528,16241,7275,0
110000,2,1,1,34,0,0,-1,-1,-1,-1,10230,13930,14673,14851,13255,13190,8267,11047,5633,7043,9145,10228,0
40000,1,1,2,35,0,0,-2,1,0,0,18451,21158,0,20792,22413,20911,17637,15519,0,1801,17659,8206,0
140000,2,2,2,59,0,0,0,-1,-2,-2,67021,111506,66804,61874,0,0,28144,94851,33640,51549,0,0,1
110000,1,2,2,40,-2,2,1,0,0,0,0,5160,6663,5576,6952,5767,0,352,668,4093,3491,331,0
90000,1,4,2,33,-1,0,-1,-1,-1,-1,20624,21766,26609,19113,27451,25162,8014,8636,15296,12400,20429,8833,0
90000,2,3,2,36,0,0,0,0,0,-1,18291,17725,17780,17400,16172,16444,13952,14843,2611,10681,1840,14718,0
110000,2,2,1,30,1,2,3,0,0,0,34240,39826,33903,40396,36475,39022,5422,132,1474,25029,21404,29373,1
160000,2,1,1,41,0,-1,-2,0,0,0,40452,48814,0,42571,42770,39337,8591,3110,0,36724,33894,8445,0
100000,2,1,1,49,0,2,1,1,-2,1,43851,41870,50331,45096,0,37649,15639,1072,6384,7361,0,7668,1
260000,2,1,2,33,-2,0,-1,-1,-1,-1,0,119839,99756,144830,85481,100098,0,83544,98578,47324,46322,81887,0
70000,1,2,2,43,0,0,-1,0,-2,0,15618,13681,12843,12287,0,13555,13540,5316,5827,7528,0,8660,0
40000,2,1,2,44,1,-2,-2,0,0,-1,33492,0,0,26750,23241,22927,5758,0,0,23999,21250,16235,0
50000,1,2,1,48,-2,0,0,0,0,0,0,13832,12928,14611,10970,12181,0,4507,7348,9623,6786,11018,0
190000,2,1,1,30,0,0,-1,-1,0,0,26316,23500,27074,25523,26139,20887,17680,21132,11023,12068,22870,15872,0
130000,2,1,1,39,0,-2,-1,-1,-1,-1,5356,0,5118,5224,5626,4881,5165,0,3702,3395,4927,4105,0
90000,1,1,2,41,-2,0,1,0,0,-2,0,23984,41644,31318,24226,0,0,16414,8551,22363,12569,0,0
50000,1,2,2,40,0,0,1,0,0,0,7168,6715,6840,5645,7203,6717,1764,4408,654,2377,2985,6070,0
30000,2,2,2,41,0,-1,0,0,1,-2,16339,17934,15365,14621,16845,0,14394,6774,15060,10225,2691,0,0
80000,2,2,2,47,-1,-1,0,0,-2,0,44181,33499,46666,33146,0,35083,38682,25397,32638,23078,0,26426,0
80000,2,4,2,31,0,-1,0,-1,-1,-1,20419,22382,24050,17168,19242,20040,17120,10323,21195,5348,12616,19326,0
70000,2,2,1,34,0,0,0,-1,0,-1,19827,16197,17764,15404,17925,13857,16511,15254,9914,12386,13837,12619,0
270000,2,2,1,49,-1,-1,-2,-1,-1,-1,182026,132117,0,178654,150617,140616,109829,22474,0,169712,86878,85974,0
100000,1,2,2,32,-1,-1,0,-1,-2,0,56095,43449,47299,45258,0,41102,39975,24552,43353,17278,0,9078,0
160000,2,1,1,55,0,-1,0,-2,-1,-1,50930,50749,45709,0,42307,43728,19405,39098,34736,0,33365,29059,0
180000,2,3,1,41,0,0,0,0,0,1,70232,61526,58204,47077,61349,63223,12541,30537,23627,42047,49159,7376,0
360000,2,1,1,33,0,0,0,0,0,-1,77200,61799,83399,66495,73842,58297,29893,46635,47701,30299,24900,39106,0
40000,1,1,2,42,0,0,0,0,0,0,20555,16995,13916,16570,14239,13423,11036,8951,11722,11714,7392,9696,0
100000,2,3,1,37,1,1,0,0,-1,0,15211,16290,16127,15099,16417,14441,1147,23,7781,11816,7877,11181,0
110000,2,2,1,49,0,0,0,0,0,-1,639,1022,826,888,869,756,536,529,396,756,356,700,1
150000,2,2,2,37,0,0,0,-1,-1,-1,66641,64096,55464,69146,60932,59088,54883,28870,8932,32083,50040,24012,0
70000,1,2,2,31,3,2,1,0,2,-2,38247,54145,60595,44991,49212,0,3373,586,7191,35721,5275,0,1
60000,1,4,2,30,1,2,2,0,1,-2,28722,33166,26809,20395,20012,0,5204,1427,345,15793,260,0,1
50000,1,3,2,30,0,0,0,0,0,0,10662,7489,10528,10621,9906,10643,9339,7175,2171,8262,4698,10075,0
390000,2,1,2,37,0,0,0,0,0,-2,103439,85838,87117,83372,93838,0,54947,69462,50476,55897,17886,0,0
150000,2,1,1,39,0,0,-2,-1,-1,-1,73772,62363,0,58760,50302,65237,58089,12028,0,44740,32613,52724,0
90000,2,1,1,44,-1,-1,0,0,0,0,19925,15480,14908,18397,15384,15215,6366,7728,12824,10543,13180,14386,0
310000,2,2,2,35,0,0,0,-1,-1,-1,100220,94563,122931,111284,140092,103939,75368,80095,61893,104751,54577,81282,0
180000,2,3,1,47,0,0,0,0,0,-1,31462,35489,34369,30466,40292,27076,16224,29148,30801,27195,15374,12302,0
30000,2,1,2,47,0,1,0,0,0,0,10686,13651,9755,10788,7829,9453,7861,638,5977,1944,7405,7710,0
50000,1,1,2,50,0,0,-1,-1,0,-2,23483,24008,24594,21366,24398,0,21089,21437,14001,18360,8416,0,0
120000,2,1,2,32,0,0,-2,0,0,0,39499,35480,0,36041,35324,33842,23642,21052,0,16830,10730,16429,0
100000,2,3,2,60,0,0,0,-1,-1,-1,64253,63848,52009,48924,48706,61166,15536,53361,42635,32296,13128,54451,0
180000,2,2,1,40,0,0,0,1,0,0,32451,33593,23252,29386,22059,27635,30153,10273,3513,2541,18476,24180,0
110000,2,2,1,34,0,-2,0,0,1,0,3483,0,2653,3678,3192,3860,2764,0,2596,2942,99,3063,0
60000,1,1,1,41,0,0,-1,0,0,0,11756,11198,12585,13863,15290,11610,11095,4849,11536,9078,9194,11246,0
90000,1,2,1,33,0,1,1,0,0,0,15929,25873,24589,19967,21345,19450,14186,2094,341,12991,20275,14000,0
170000,1,3,1,37,0,0,0,-2,2,2,32310,30273,23389,0,33231,22583,21778,6988,18269,0,2629,340,0
110000,2,2,2,42,0,0,0,-2,-1,-1,47688,35437,29308,0,37026,42991,33400,32747,25884,0,20609,33067,0
30000,2,1,1,35,-1,-2,-1,-1,-1,-2,12329,0,14439,15524,14488,0,10751,0,10986,6739,6586,0,0
140000,1,2,2,31,-1,0,0,0,0,-1,76832,72537,79361,76545,62878,79458,64975,66294,50386,56070,48222,39444,0
100000,2,2,1,32,0,1,1,1,0,0,24565,27327,25919,24298,20020,17997,11778,6509,3717,1989,5000,8243,0
80000,2,2,1,31,1,0,0,0,0,0,22747,19016,19019,21248,20432,10764,4144,11826,6937,9824,6009,6666,1
20000,2,1,2,63,0,0,-1,0,0,-1,5804,6219,7317,5534,5693,7315,2092,2133,2688,4951,4123,4846,0
30000,1,1,2,35,-2,1,0,1,1,0,0,11532,8451,7678,10400,9237,0,1328,7938,1900,340,8066,0
70000,1,1,2,60,0,0,-1,0,0,0,38271,35990,27536,28245,23623,32181,8227,11450,18259,7862,20351,11041,0
30000,2,1,1,34,0,0,1,0,0,0,17319,17401,10242,19200,20097,14457,13835,16761,853,14459,16356,9824,0
50000,2,2,1,49,0,0,0,-1,0,-1,16291,20355,20851,14554,16537,14317,14350,18199,15812,8939,14738,6751,0
100000,2,3,2,33,0,-1,-1,-1,-1,-1,72639,117834,62827,76905,105793,42094,31679,63055,45646,68476,50658,16151,1
70000,2,2,2,36,0,-2,0,1,0,0,27170,0,22005,29847,20868,19672,11112,0,9906,4564,18782,7375,0
80000,1,3,1,31,0,0,1,0,0,1,18175,11070,12873,10403,16440,16147,2573,4071,137,8577,2595,1741,0
120000,2,2,2,38,-1,-2,-2,1,0,-1,87012,0,0,92578,72162,73898,46375,0,0,1644,20111,32200,1
230000,2,3,1,46,-2,0,0,1,1,0,0,92738,81642,121530,143293,98695,0,75176,67503,31372,511,43649,0
20000,2,3,2,45,0,0,1,1,-2,2,2996,3063,3564,2825,0,2826,1656,1993,401,125,0,487,1
200000,2,3,1,34,0,1,-2,1,0,0,32848,40239,0,47239,39355,45770,18153,1198,0,3696,35634,22213,1
120000,2,2,2,37,0,-1,-1,-1,0,0,29912,38110,35287,30254,29343,32867,19449,23971,30250,12696,14706,11783,0
230000,1,1,1,32,0,-1,-1,-1,0,-1,14717,19485,17033,15572,10936,18401,6965,5209,16134,11296,6810,2995,0
110000,2,2,2,42,-2,0,0,-1,-1,-1,0,71986,72773,72894,62565,65996,0,47817,64390,47083,44653,46035,0
170000,2,2,2,35,0,-2,-1,-1,0,-1,43518,0,39702,30800,28177,41972,33873,0,22418,17591,19609,2291,0
160000,2,3,2,32,1,1,0,0,0,-2,80660,89316,85690,77531,80019,0,3639,6425,70930,39172,38323,0,0
50000,2,1,2,32,-1,-2,0,0,-2,0,25819,0,29688,26715,0,31768,21400,0,25146,14313,0,29507,0
50000,2,1,2,66,0,0,-1,-1,-2,-1,13474,14186,11925,9498,0,12408,5427,9825,2568,6130,0,4146,0
160000,1,2,1,31,-1,0,0,0,0,0,23733,23881,25837,27741,26098,21879,17681,16820,15871,24681,18598,17123,0
40000,1,3,2,42,0,0,1,0,0,0,5290,4840,5407,4235,4350,5039,4228,4296,311,3811,3802,2859,0
30000,2,2,2,35,1,-2,0,0,-1,0,10341,0,10109,12723,9147,11117,1063,0,6361,3216,4251,3830,0
130000,2,2,2,43,0,-2,-1,-1,-1,-1,14411,0,9844,11834,12174,14592,9113,0,5332,7516,6243,2867,0
360000,1,2,2,47,-1,-1,0,-1,-1,-1,187171,160368,136331,201135,143778,205849,168503,125977,82456,117442,80987,97412,0
60000,2,2,1,32,0,0,0,0,2,1,13818,12756,10315,17990,12747,12910,8919,10275,7694,12878,2395,1298,0
200000,2,1,2,33,0,0,0,-1,0,0,38452,28664,31603,26833,28826,22765,20139,21556,10876,18912,7440,17921,0
130000,2,1,2,30,-1,-1,-1,-2,-2,-1,106535,95180,71966,0,0,84572,83937,78920,60833,0,0,53521,0
170000,2,1,1,43,0,0,0,1,2,2,58356,56793,40313,61730,40909,44593,22510,55941,16909,5770,631,12338,0
90000,2,2,1,55,0,0,-1,-2,-1,-1,57006,44184,55314,0,43743,41175,35818,25724,18405,0,28741,25729,1
30000,1,1,2,38,0,0,0,1,2,1,8109,7224,10563,9681,12152,8189,5536,3036,1697,322,677,1447,0
170000,1,2,2,30,0,0,0,-1,-1,-1,57443,65099,57415,38136,55551,49431,51374,31655,44598,28702,29824,40442,0
200000,1,2,2,36,0,0,-2,-1,-2,-1,121725,96860,0,142336,0,152525,74398,91039,0,83831,0,133366,0
70000,1,3,2,40,-1,0,0,0,0,1,33589,26141,30229,26781,33483,28479,25488,15011,15578,25844,19703,5023,0
790000,2,1,1,45,1,1,-2,0,0,-1,138515,150661,0,127091,119219,117471,8324,2471,0,56029,36213,69143,1
160000,2,3,1,32,0,0,0,0,-1,-1,43966,44387,42920,37852,38327,44651,16203,25127,11193,28964,30988,28097,0
40000,1,2,2,41,0,0,-2,0,0,0,11781,7409,0,11206,10378,11028,3478,6285,0,5136,9629,5096,0
310000,1,2,2,35,0,-1,0,0,-1,-1,73733,99620,85213,94333,77622,105391,24815,51438,62001,63160,62469,93921,0
60000,1,2,1,39,0,0,0,0,0,0,40148,30429,29937,28905,29934,25512,19176,23568,20355,17754,15145,16311,0
60000,1,3,2,44,0,0,0,0,1,0,26115,24200,23319,25111,21476,25938,17406,15243,5031,17869,1033,1681,1
80000,2,2,2,35,0,0,0,0,1,2,30937,33965,29156,34808,37783,33532,15413,6029,24303,7278,284,3435,0
80000,2,2,2,37,0,0,-1,-1,0,-2,14744,14355,17577,19748,16400,0,5627,8263,6286,13419,5442,0,0
260000,1,1,1,48,-1,0,0,0,0,-2,47282,33468,43867,39664,39239,0,34415,29775,42492,28972,17100,0,0
50000,2,2,1,42,-1,-1,-1,0,-1,-2,26692,19278,18334,21374,18611,0,25162,9163,11374,16765,14760,0,0
90000,2,1,3,35,0,0,-1,-1,0,0,61269,56577,62996,43187,41769,62627,10210,43914,31028,32736,39670,55601,1
50000,2,1,2,31,0,1,-2,0,-1,0,22834,19825,0,18752,18489,17697,12146,3734,0,14798,11439,12524,0
80000,1,1,2,42,-1,0,0,0,0,1,19612,18436,14963,17758,20829,16871,12134,16431,7955,9947,13027,2722,0
70000,1,2,1,37,0,0,1,1,1,1,70882,53298,55657,54617,40580,36118,39272,44677,2958,5832,1920,4961,1
140000,2,1,1,32,-2,0,0,-1,0,-2,0,41735,31778,40961,47529,0,0,39922,22870,27945,37695,0,0
100000,2,2,2,69,0,1,0,0,-1,0,58516,84825,69990,89068,61154,71838,45704,13865,63842,19746,53636,17667,0
60000,1,3,2,34,0,0,0,0,-1,0,13620,10338,14015,11681,7687,14210,7372,5756,7048,8851,4609,11170,0
80000,2,2,1,33,1,2,1,1,-2,0,30171,22740,19340,27525,0,19251,186,3742,1243,2183,0,7019,1
110000,1,1,2,56,-1,0,0,0,0,0,49191,37689,34865,54435,35574,37078,10309,29012,16636,39894,17313,24349,0
380000,1,1,1,41,-1,-2,-1,-1,-1,-2,82824,0,85440,107089,97651,0,29414,0,63116,40819,53212,0,0
70000,1,2,1,30,0,0,0,0,0,0,7460,5392,7154,8541,6705,7818,2992,2742,3290,6186,3742,7639,0
110000,2,1,2,38,0,0,-1,-1,0,0,18074,21561,15434,14833,17193,16499,3780,9046,9347,10958,13007,6667,0
70000,2,2,2,39,-2,-1,0,-1,0,-1,0,19812,11881,19771,14315,11229,0,13171,8907,6324,10972,9506,0
190000,2,2,1,32,0,0,-2,0,0,0,110144,109365,0,100026,93852,110405,71219,57990,0,39848,45409,88621,0
170000,2,1,2,53,0,-1,0,0,0,1,79887,59925,62492,68282,53820,61618,24122,52589,18451,27685,37644,5536,0
130000,1,1,1,35,-2,1,1,0,0,0,0,3487,3076,2743,3454,2873,0,252,692,1828,941,1877,1
50000,2,2,2,37,-2,-1,0,-2,0,0,0,33679,25654,0,25629,27883,0,24122,14692,0,24102,15997,0
40000,1,2,1,36,1,1,1,2,1,0,13596,13345,14793,17504,12870,17404,1852,218,514,65,1583,7109,0
50000,1,3,1,38,0,0,0,1,1,1,3397,2894,2616,2639,2742,2984,1315,2060,1921,464,300,107,0
260000,2,2,1,36,-1,0,0,-1,-1,-2,60570,52875,39782,48904,51657,0,22370,32487,31745,28233,25010,0,0
130000,1,1,2,32,0,0,0,-2,0,-1,71405,69178,48342,0,59170,51121,43955,29675,35471,0,13910,32130,0
70000,1,2,1,33,0,0,0,0,-2,-2,41486,31513,45911,33800,0,0,19392,15658,35019,26782,0,0,0
60000,1,3,1,34,2,0,0,-2,-1,-2,23794,27445,26290,0,24129,0,397,16623,18259,0,19075,0,1
80000,2,2,1,35,0,-1,-2,0,0,0,68789,52391,0,37517,47836,58578,51030,8879,0,30705,28277,6902,0
120000,2,1,1,52,-1,0,0,0,1,2,25281,25834,28625,24027,24078,17866,6021,12537,12522,17589,1709,398,1
30000,2,2,2,31,0,0,-1,-1,-1,-1,15851,21555,17961,18101,17974,17969,14155,18306,17111,12725,14378,12790,0
160000,2,1,1,35,0,0,-1,-1,-1,-1,70696,69357,66369,84550,83336,71710,68820,39626,14539,60123,62781,68880,0
120000,1,1,2,37,-1,0,0,0,0,-1,63320,76692,51857,64583,53222,63698,57941,35732,20057,33655,28273,29948,0
50000,2,2,1,37,0,0,0,0,0,0,17222,17381,13776,10821,14065,14106,1811,10776,10678,7317,7789,10321,1
90000,2,2,3,33,-2,1,0,1,0,0,0,35716,38402,44917,37004,48932,0,1610,34984,3074,35238,38646,1
20000,2,2,1,39,0,-1,-1,0,0,0,7937,9241,7397,7960,7429,8421,7554,6542,5749,6197,3487,1653,0
50000,2,3,1,30,0,0,0,1,2,1,29690,40419,36635,36726,31069,34031,28370,10881,3770,10443,1535,393,1
130000,2,1,2,40,0,0,-2,1,0,-1,39509,31567,0,35988,38801,39697,29428,26901,0,3865,20286,5150,0
150000,2,1,1,52,0,1,0,0,0,-2,108386,120006,73759,98225,108083,0,107640,5246,54367,60737,80230,0,0
210000,2,3,2,36,-1,0,-1,0,-2,-1,6343,6687,5363,5141,0,4221,5218,3054,2120,3712,0,2573,0
70000,2,1,1,37,-1,0,0,-2,0,2,7388,10237,8904,0,7012,7562,3616,9453,6565,0,6373,186,0
40000,1,1,1,49,0,1,0,0,1,2,20517,15349,21665,20946,20155,21365,16389,568,20605,15202,8819,1489,1
80000,2,2,1,36,0,0,1,2,2,0,22821,23710,23379,23171,19944,29263,13773,5762,1894,614,2152,26741,0
170000,1,2,2,33,-1,0,0,-1,0,-1,24267,25482,24186,22352,24994,21229,19018,16685,10946,10802,23570,6670,0
190000,2,2,2,41,-1,-1,-1,-1,-1,-1,21537,17202,24169,19212,20381,18660,12539,13995,7029,10499,19129,11490,0
140000,1,4,1,43,0,0,0,0,0,0,23378,23475,21362,14857,21919,17569,19279,13917,4775,11536,18841,15055,1
180000,2,2,3,47,0,0,0,0,1,0,36092,22660,25098,26463,27256,26593,22010,19838,12804,19105,1229,20072,0
190000,2,1,1,39,0,0,0,0,0,-1,44553,34173,34083,48658,39115,39467,31342,26429,30172,34652,22634,36875,0
400000,1,2,1,39,0,1,0,0,-2,-2,182918,185391,238391,170600,0,0,74809,35308,64278,141456,0,0,0
270000,1,2,2,35,7,3,2,1,0,-2,157909,174810,224074,162725,221935,0,41535,6733,75434,27876,213376,0,1
60000,2,2,1,32,0,2,2,1,1,0,26953,30836,30166,28767,27555,28052,14090,764,1468,7650,3496,20959,0
130000,1,1,1,32,0,1,0,0,0,0,40598,39251,39111,36543,38059,30415,27637,1189,11090,8530,6804,10926,0
80000,1,2,2,32,0,-2,0,-2,-1,-1,11901,0,13613,0,8472,8684,8619,0,9865,0,6127,6400,0
70000,2,2,2,34,-1,0,0,0,0,-2,18698,19692,19321,13769,15836,0,15463,17164,16265,12727,11824,0,0
100000,2,1,2,31,0,0,1,0,0,0,33039,43060,31817,48088,44418,29080,16813,27775,4975,18283,29335,22283,0
40000,1,2,2,33,0,0,-2,0,0,1,13485,12304,0,10179,12092,10880,2131,7115,0,4988,6453,1221,1
120000,2,2,2,43,-2,0,-1,-1,-1,-1,0,38328,34795,28605,35089,36601,0,24088,20660,23867,8065,10399,0
210000,1,1,1,72,0,0,0,-2,0,-2,3922,3351,3397,0,3686,0,2831,2492,2711,0,839,0,0
90000,2,2,2,34,1,-2,0,0,0,0,20663,0,17724,19347,13181,15769,7331,0,7717,14041,12726,12802,0
180000,2,2,1,33,-1,-2,-1,-1,-1,0,39199,0,35764,57910,37661,47984,17905,0,23228,50781,14736,34819,0
100000,2,3,2,39,-2,-1,-1,0,1,0,0,15877,13408,16219,15498,15383,0,3980,12308,11423,4937,4667,0
100000,2,2,2,36,1,0,0,0,1,0,35514,36429,36245,29612,30503,32700,5446,14064,27175,21429,3493,22047,0
80000,2,2,2,30,0,0,1,2,0,0,20013,22271,21238,19205,17975,18834,10758,6178,1651,1696,12008,15224,0
100000,2,1,1,34,-1,-1,0,0,0,-2,11587,11135,12202,11295,11738,0,9821,3059,6884,9446,5498,0,0
160000,1,3,1,34,0,0,0,0,-1,0,18179,16152,13434,12035,13422,14349,4951,7157,7477,8827,10862,10909,0
230000,1,1,1,39,-1,0,0,-1,-1,-2,56753,53710,42331,53971,48300,0,25768,38343,29647,43393,20338,0,1
40000,2,2,2,51,0,0,0,0,-1,-1,8160,8650,5271,7048,6556,8489,3530,2093,2534,4561,5956,4514,0
70000,1,3,1,36,-1,-1,-1,0,0,2,23602,25780,16142,22966,24456,22175,11407,17784,4282,10328,17962,1969,0
200000,2,3,1,48,0,0,0,-2,0,-2,14934,14492,13321,0,12825,0,4057,10098,6786,0,9263,0,0
590000,2,1,2,49,-1,-1,-1,-1,-2,0,70298,82745,83889,78502,0,82249,49757,32702,36318,30268,0,65667,0
60000,1,1,1,31,0,0,0,-2,1,-2,20634,19345,22008,0,20015,0,5393,15091,16495,0,3,0,1
40000,1,1,2,33,1,0,0,0,0,0,19633,24336,18638,17433,20235,20575,3817,10122,13568,17339,14259,9286,0
150000,2,1,1,47,0,-1,-1,-1,-1,-1,60667,56514,49526,69127,52526,59763,17010,25016,16674,45309,17324,57717,0
90000,1,2,2,31,-1,-1,-1,-1,-1,-1,26501,32007,50823,37380,30251,38250,14420,29263,42040,33800,10552,27562,0
100000,2,2,2,42,0,0,0,0,0,-1,27746,29169,25897,19361,22140,27600,10149,15785,22223,14019,8384,16729,1
100000,2,2,1,44,2,1,0,0,1,1,28634,23795,23397,21440,25802,25988,3766,115,22560,18011,362,96,1
100000,2,3,1,35,0,1,1,0,0,0,49011,46171,29064,31647,47586,39175,39453,156,6354,20733,33313,21569,0
150000,2,3,2,41,0,0,0,0,1,0,72972,66019,81362,77399,68363,75409,27208,62007,72162,64248,2089,48141,0
160000,2,1,1,47,1,0,0,-2,0,0,64315,74813,55035,0,55590,63220,21649,14025,44833,0,18007,27544,0
40000,1,3,1,32,0,0,-2,1,3,8,14728,11534,0,10436,12403,12353,5354,3276,0,2718,172,1386,0
120000,1,1,1,34,0,-2,1,0,0,0,36339,0,45230,28948,34180,35446,24322,0,6083,23879,21910,19959,1
120000,2,1,2,35,-2,0,0,0,0,0,0,36131,35659,29447,39293,34632,0,12438,25915,27904,20363,11226,0
240000,1,1,2,38,2,-2,1,3,1,1,96131,0,63049,77591,79682,70365,3522,0,6066,2032,786,888,1
40000,2,2,2,30,0,0,0,1,1,1,9804,9330,9736,10987,11989,12447,9389,5278,7279,1473,1559,1465,0
140000,1,2,1,45,0,1,0,0,-2,1,40858,28728,38610,27672,0,35214,22842,5513,23788,25170,0,3525,0
40000,2,1,3,36,1,-2,2,1,-2,3,14955,0,12600,12353,0,13815,47,0,940,943,0,3265,1
100000,1,1,1,56,0,0,-2,0,0,0,33313,42695,0,40626,30882,28210,8782,39635,0,26420,27533,19198,0
210000,2,2,1,37,0,-2,0,0,0,0,62889,0,84830,55557,49727,55211,50220,0,47548,15185,46314,26806,0
180000,2,2,2,49,1,0,0,-1,0,-2,157262,143702,139014,109460,122224,0,30189,63436,114033,65306,108669,0,0
80000,2,1,1,30,-2,0,-1,-1,-1,0,0,23823,30260,31885,27463,25647,0,11202,19714,13657,10120,24283,1
90000,2,1,2,30,-1,-1,-2,0,0,1,56621,80077,0,42196,57923,77158,43989,68645,0,40319,42025,9757,0
130000,2,1,2,37,-1,0,0,0,0,0,46201,37781,35656,33682,36465,44347,19387,12995,24577,24737,31504,19589,0
140000,2,2,1,61,0,-2,-1,-1,-1,-1,60174,0,57278,45833,46877,45805,42566,0,15444,27322,18162,35712,0
510000,2,2,1,42,0,0,-2,0,0,0,52733,83431,0,57531,62522,64250,14438,68344,0,39137,51907,30579,0
30000,1,3,2,45,1,-2,2,2,2,2,21149,0,19039,17484,12108,18237,283,0,1004,679,1339,300,1
90000,2,2,1,32,0,-1,0,0,0,0,16279,15955,19381,14889,13609,13948,4148,12850,11486,12974,11705,6675,0
70000,2,2,2,33,1,0,0,0,0,-1,58393,44136,60250,50373,47270,49354,1020,21598,35272,37200,30246,20900,0
350000,2,4,2,46,0,1,-1,0,-1,-1,158271,154244,140186,130195,127586,101215,48434,25145,74433,97039,48302,60840,0
240000,2,1,1,35,-1,-1,0,0,-2,-1,36604,36816,31068,28697,0,36969,28340,34742,22130,24477,0,21202,0
50000,2,1,1,41,-2,1,0,0,0,1,0,25214,28373,26053,24586,28807,0,1316,15956,15613,18803,2208,0
50000,2,3,2,30,0,0,0,0,0,0,12342,12372,11006,8993,12003,8911,2281,5853,10799,1628,10268,6126,1
210000,2,1,2,31,-1,-1,-1,0,0,-1,88195,99752,79375,87542,88764,70149,87417,49860,58543,85037,72689,53819,0
230000,2,2,1,64,-1,-2,0,0,0,0,42748,0,28567,25046,32544,21673,25199,0,8388,10570,14932,15583,0
80000,2,2,1,36,0,-1,-1,0,2,2,13965,11709,14051,12447,13909,10905,10835,8219,9751,3677,1096,1027,0
110000,1,1,2,34,0,1,-2,0,1,0,47103,28012,0,32311,36366,34208,34469,5016,0,7871,8997,25856,0
70000,1,1,1,38,-2,0,1,0,-1,-1,0,18694,16136,16486,19292,19031,0,13172,3093,13655,16813,16089,0
50000,1,1,2,42,0,-1,-2,-1,-1,0,26029,13706,0,17137,24487,15622,9838,9951,0,13720,11528,9529,0
80000,1,2,2,37,2,8,2,2,0,0,29350,27913,33402,24430,24066,32535,3264,153,6261,322,1825,25844,1
200000,1,1,2,38,-2,0,0,-1,-1,-1,0,8221,7945,8197,8329,6949,0,2418,2114,5476,6082,6323,0
60000,1,2,1,45,0,0,0,0,0,0,18480,15476,20777,16813,14499,13087,14077,9577,19026,3462,11143,7864,0
140000,2,3,2,30,2,0,0,0,0,1,80265,52517,75699,55299,59632,71897,29121,31416,59570,25747,40223,4550,1
50000,1,2,2,32,0,1,0,-2,0,1,19066,23995,21375,0,13995,15415,5268,8362,9103,0,10284,784,1
400000,1,2,1,33,-1,0,-1,-2,-1,-1,45586,42569,37947,0,35919,39333,41372,1861,14611,0,34027,22796,0
170000,2,3,2,33,0,0,0,0,0,-2,36468,39689,36660,28688,33802,0,19034,22682,968,23100,28247,0,0
40000,1,2,2,35,0,1,0,-2,0,0,735,1042,672,0,971,888,527,69,209,0,879,580,0
40000,1,2,1,33,-1,0,-1,-2,0,0,11004,8457,10322,0,7551,9155,9268,6173,7294,0,4424,8682,0
90000,2,1,1,39,0,-1,0,-1,-1,-1,8379,7955,5795,6231,7231,5205,7979,7284,3386,1434,6803,1539,0
160000,2,1,2,35,-1,0,0,0,-1,-1,49479,59336,69983,42118,49366,50850,46643,30118,53192,28609,37528,32293,0
30000,1,2,2,31,0,2,2,0,0,0,17746,19953,17805,16844,16285,10819,10232,3065,1232,12341,9981,9393,0
120000,1,1,1,45,0,0,0,0,-2,0,41634,24652,32029,36204,0,34099,27411,14571,16782,25910,0,25849,0
60000,1,1,1,31,0,1,0,1,0,1,41581,44568,42296,36100,37341,38274,22608,1248,35331,2965,34558,5124,0
290000,1,2,2,35,-1,-1,-1,0,-1,-1,59210,43885,59263,66466,54540,68846,13835,20865,31044,39130,20584,61551,0
180000,2,1,2,43,-1,-1,-2,-1,-1,-1,78430,72936,0,60866,75730,76834,68086,40663,0,12392,22629,65980,0
30000,2,2,1,35,-1,-1,0,-1,0,-1,1204,1126,1174,842,811,1086,1036,301,453,344,557,414,0
100000,2,3,2,41,0,1,0,0,-1,-1,9516,10600,9807,12068,10570,9704,5132,527,3789,11161,9768,1669,0
70000,1,1,1,32,0,0,0,1,1,0,18593,21010,15781,13102,18110,15979,15658,16613,14673,1314,477,7858,0
50000,1,3,2,33,1,0,1,0,0,0,11151,12209,13901,11725,10728,12882,1553,2313,2383,10596,8560,9476,0
80000,1,1,2,36,1,0,-2,0,0,0,57189,45802,0,53611,46249,33580,2294,24048,0,42884,16533,29817,0
160000,2,1,2,57,-1,-1,0,0,0,-1,20621,20837,20271,18188,21961,21280,9371,10910,13342,8204,20249,9339,0
40000,1,3,1,41,-2,-1,-1,-1,-1,-1,0,5438,4933,4315,4825,2969,0,1717,2825,1271,1494,2098,0
50000,1,3,2,35,-2,0,0,0,0,0,0,8230,9891,7726,8514,7702,0,2280,3940,6607,4699,6106,0
50000,1,1,1,39,0,-1,-1,-1,0,2,28111,24685,21443,23400,24922,24835,18384,19722,16456,14002,13525,353,0
90000,2,3,1,34,0,0,0,-2,0,-1,37404,29230,38265,0,21899,28402,26141,19385,28305,0,11610,21935,0
370000,2,3,2,38,0,0,-1,0,-1,-1,141820,148815,190095,172991,155697,165692,138650,125569,104497,77875,92117,50331,1
100000,2,1,1,32,0,0,-1,-1,-1,-1,31820,33972,29990,23434,21440,26906,7908,29701,26252,13200,11411,22640,1
90000,2,2,2,35,0,0,0,0,-1,-1,13670,10503,9614,11609,15460,9845,6463,5456,4272,5281,12232,4722,0
130000,1,1,2,42,0,1,2,0,-2,0,38391,36475,32483,31980,0,37664,26023,593,1148,12922,0,33673,0
140000,2,2,2,34,0,-2,0,0,-1,-1,54760,0,89008,63797,70332,54074,38459,0,27723,57944,45169,5336,0
90000,2,2,2,35,1,-2,0,0,0,1,35261,0,49487,35389,39364,43456,2333,0,37029,26722,17375,11207,0
100000,1,1,2,32,0,0,0,0,0,0,74678,56272,51691,76372,65930,64229,24211,27312,36076,41222,40683,39412,0
200000,1,1,2,51,0,0,0,-1,0,1,30740,31433,30868,34479,29667,24019,4067,12257,24260,14682,18179,1773,0
110000,2,2,1,53,2,0,2,1,0,0,29670,23872,26465,30819,31087,22414,2444,16081,6179,634,25879,9279,1
70000,2,2,2,33,0,0,0,0,0,-1,13321,11390,8637,12251,12800,10247,5612,9540,4265,9877,12342,9321,0
560000,2,2,2,41,-1,-1,0,-1,-1,-1,80163,83109,61057,49723,72139,80233,65034,31509,41356,38407,49832,59589,0
80000,1,1,2,32,0,0,0,0,0,-1,32954,39070,27082,28812,28474,35066,25401,23619,15296,19069,13626,34090,0
50000,1,1,1,39,0,0,-2,0,0,0,7029,7867,0,5670,7036,6750,1058,3805,0,3687,1735,4766,0
70000,2,1,2,30,0,-2,-1,0,0,1,30285,0,25444,27984,24294,21907,25052,0,19061,20163,20776,2575,0
70000,1,2,2,38,-2,0,-1,-1,0,-1,0,16075,17073,18620,13991,16565,0,12743,10972,16400,13725,14247,0
40000,2,1,2,38,1,-2,0,0,-1,-1,6795,0,8252,7493,7675,7390,763,0,7107,6702,4367,1499,0
90000,1,2,2,32,0,0,-2,0,0,2,36038,36443,0,32177,28302,33769,26752,7825,0,26405,27697,1463,0
120000,1,2,2,44,0,1,0,1,2,2,105481,81657,73517,82238,67617,53726,34440,14227,19648,25497,8407,495,0
160000,1,2,2,45,0,0,-1,0,0,-1,6678,7909,7883,6570,7232,7475,3052,4040,5215,1683,5980,3942,0
20000,1,2,1,33,-2,-2,0,0,1,0,0,0,4124,4323,4292,3095,0,0,3207,3409,908,2612,0
230000,2,2,1,37,-1,-1,-1,-1,-1,-1,20090,21773,21999,22954,19763,18129,7071,10750,17198,13873,6950,13634,0
100000,2,2,1,47,-1,-1,-1,-2,0,0,12806,11756,14758,0,13455,15467,4068,4481,10198,0,7768,13422,0
40000,2,3,2,32,1,2,0,0,0,0,18832,11928,16962,16386,14648,13354,2348,445,5754,12352,14435,10915,1
80000,2,1,1,42,0,0,-2,0,-1,-1,62893,73267,0,53195,58842,57130,5537,53897,0,26262,56769,26317,0
250000,2,1,2,32,0,-1,-1,-1,0,0,76652,68637,90290,91535,65663,80553,45754,33193,34963,71104,62058,57001,0
90000,1,1,2,40,-2,0,-1,-1,-1,-1,0,30587,38344,28122,28136,29906,0,27429,30761,10868,5191,26914,0
60000,2,2,1,38,-2,1,1,-2,-1,-1,0,12280,18181,0,17727,16924,0,2296,1693,0,4913,7767,0
190000,2,3,2,41,2,2,0,0,-1,-1,77229,96583,90702,75439,104230,83114,3082,6056,32245,50100,56704,35183,1
120000,1,2,1,30,-1,-1,-1,-1,-1,-1,14996,12954,8109,12100,12101,12688,10483,4313,665,5328,8682,5532,0
220000,2,3,1,31,0,-2,0,0,0,-1,75732,0,114628,88384,75964,92169,43729,0,76205,64048,49687,68104,1
80000,1,1,1,31,1,2,2,0,0,0,35250,45230,38857,39236,31885,34332,6532,1087,1928,33383,25603,19937,1
60000,2,1,2,40,0,2,2,0,0,0,43937,33729,29345,34042,25862,31311,36548,1969,846,14094,19366,23821,0
90000,2,3,1,33,0,-2,0,-1,-1,-2,26262,0,23102,39396,34203,0,21717,0,16037,30641,23044,0,0
20000,1,2,3,30,0,0,1,1,0,1,9616,15293,13974,9491,11479,10113,4652,14876,255,3068,4658,1519,1
230000,2,3,2,38,0,-1,-1,-2,-1,0,35208,43244,46840,0,41606,47064,14276,19076,24561,0,37471,44464,0
70000,1,1,1,30,0,1,1,-2,2,0,33376,40428,28083,0,44459,33959,8599,5553,5222,0,1290,23659,0
130000,2,3,1,31,0,1,0,0,0,1,53821,63685,64635,55339,46699,68410,36397,405,12213,34782,43693,23,0
160000,1,2,1,34,-1,-1,-1,-1,-1,0,90031,73077,44910,64639,48407,41544,50186,31242,30926,49375,20609,16962,0
280000,2,2,2,36,0,-1,-1,-1,0,0,56591,73451,63965,65768,71462,56047,50467,70011,41812,41362,46180,24856,0
160000,2,3,1,31,0,0,-2,0,0,-1,68489,63803,0,55392,43879,66006,44868,48955,0,29955,39203,48202,0
180000,2,3,2,36,0,0,0,-2,0,0,55344,73082,50068,0,61741,60977,34755,70670,27696,0,27718,29942,0
130000,2,1,1,31,0,0,0,1,0,2,13426,12078,12257,11696,12647,17358,9606,10650,3011,437,4315,1031,0
100000,1,3,2,30,0,0,1,0,0,0,37576,31878,29372,30878,31297,27074,25301,30187,1981,14460,19696,22522,0
430000,2,2,2,36,0,0,-1,0,0,0,124615,122787,116918,118854,91001,117360,64759,98271,96259,44808,79268,30994,0
70000,2,2,1,34,0,0,0,0,0,-2,24653,17566,21014,17895,23263,0,15061,11488,8575,3451,22174,0,0
130000,2,1,2,44,0,0,0,-1,0,1,21569,16643,15151,21147,21126,23822,18198,14445,5019,4527,13182,1077,0
150000,1,1,2,31,-1,-1,-1,-1,-1,-1,15624,21640,22704,14675,18683,26600,13199,17671,16437,10482,16853,8103,0
40000,2,2,2,35,1,1,1,-2,-2,0,24901,26627,26840,0,0,23214,1736,1271,6310,0,0,14076,0
20000,1,3,1,38,-1,-1,-1,0,0,-2,14477,11058,12184,11452,14664,0,8605,8530,11902,5873,12961,0,0
70000,2,2,1,32,-1,-1,0,0,0,0,17078,20972,18141,14223,15976,14768,11475,16071,14458,8609,4167,6617,0
110000,2,3,1,36,0,0,-2,-2,0,0,8249,8240,0,0,6603,7287,3176,6634,0,0,4968,5181,0
220000,2,2,2,51,0,-1,0,1,1,0,90324,137095,143470,149378,114074,109568,63662,97073,141938,19132,11408,65905,0
50000,1,1,1,35,0,0,0,0,0,0,8703,8881,7834,8559,6555,11612,4154,3646,4911,7072,3347,10854,0
280000,2,2,2,37,0,0,0,-1,-1,-1,98390,84327,96497,80561,91553,85406,83961,73893,63951,78757,37670,80127,0
160000,2,1,2,49,0,0,2,0,0,0,116720,108079,94647,99707,103811,115335,115819,61695,20758,6603,40380,58343,0
80000,2,2,2,45,-2,-1,0,-2,0,0,0,23066,19173,0,17628,16178,0,8102,16747,0,8586,8502,1
140000,1,1,2,34,0,0,0,0,0,-1,15196,15061,15766,14922,13664,15898,13527,9108,4525,8058,3089,13660,0
70000,2,2,2,38,2,2,0,0,1,0,56092,77750,54762,57098,74621,55742,4131,734,46073,22556,1083,46341,1
80000,1,1,1,33,-2,-1,-1,0,0,-1,0,22066,32774,25363,30359,28852,0,12092,18239,19672,20606,11708,0
90000,2,2,2,37,0,0,1,0,0,1,21761,20954,21088,20970,19967,22952,17650,17589,1003,13053,10181,508,0
90000,2,3,1,42,-1,0,0,0,-1,-1,79930,58975,82877,72491,65737,67851,56711,55412,35759,9131,46235,59817,0
220000,1,2,3,30,0,0,0,0,0,0,198251,182491,127381,192264,173043,197146,171608,60623,59458,111910,82272,115778,0
130000,2,2,2,43,0,0,0,0,0,0,23941,19053,22622,14207,19164,18890,20252,17151,20359,10803,17583,9684,0
60000,1,3,2,40,1,0,0,0,0,0,25108,34400,30477,36442,27679,28724,5662,13147,16326,23723,23417,13101,0
110000,1,1,2,71,-1,-1,-1,-1,-1,-1,12743,10933,12548,13470,10952,12216,1996,6345,11871,11817,7160,11667,0
150000,1,2,2,32,-1,-1,-1,-1,0,0,90376,97656,74914,74022,78953,82641,68398,80778,13073,70444,73350,59253,0
290000,2,1,1,38,-1,-1,-1,0,0,0,168022,140116,136816,123362,117460,105385,153608,103495,35976,60769,67858,68157,0
150000,2,1,2,34,-1,-1,0,0,0,0,58747,54713,66242,46452,49588,55385,16966,41924,51168,25559,11426,50058,0
70000,2,2,2,38,-1,-1,-1,0,-1,-2,11992,11388,16653,13482,16103,0,11243,10268,7654,7021,11455,0,0
80000,1,3,2,31,1,0,0,0,0,-2,42340,48137,42247,52635,45661,0,11746,26589,11850,45340,21501,0,0
100000,1,3,1,31,1,0,-2,0,1,0,42492,43279,0,30910,40304,26652,3943,21851,0,11443,299,13722,0
80000,2,1,1,32,-1,-1,-1,-1,-1,-1,30963,25485,27135,33078,27987,34755,15653,13609,5618,15037,25907,18394,0
50000,1,2,2,38,0,-1,0,-1,-1,2,15624,16507,13914,13067,9543,12792,9030,10412,4436,7152,8309,206,1
80000,1,2,1,31,0,-1,-1,-2,0,-2,11061,9946,14211,0,12486,0,7673,7081,7192,0,8282,0,0
140000,1,2,1,37,1,0,-1,-1,-1,-1,53676,63198,52432,52518,55723,53863,16101,9249,44387,27642,16282,46851,0
130000,2,2,2,41,1,0,0,-2,1,0,61307,53047,65528,0,63364,38242,2190,35172,30317,0,20762,24978,1
80000,2,2,1,38,0,0,0,0,0,-2,5015,4428,5058,4586,3691,0,3128,4056,3239,3774,3089,0,1
90000,1,2,1,30,-1,-1,0,1,2,0,11497,9121,12744,9616,11705,10919,10119,4921,4069,1001,21,10262,0
60000,1,2,2,52,-2,-1,-1,0,0,0,0,35585,35799,35980,42164,52013,0,19514,22092,13940,21410,29199,0
50000,1,3,1,47,2,0,2,2,1,1,14340,13056,14317,15319,15166,13598,883,5333,7193,843,492,2198,1
190000,1,2,1,34,0,0,-1,-1,-1,0,118272,143017,118024,98589,118824,123466,79358,109976,33614,98044,49829,26951,0
290000,2,2,2,31,2,2,3,2,1,2,121959,90400,99727,86050,86827,120836,5943,4276,4245,8513,622,2231,0
120000,1,2,2,33,2,1,2,0,1,2,94746,81376,85598,59688,83105,88343,31910,7217,11964,45841,30,4077,1
250000,2,1,1,34,-1,0,-1,-1,-1,-1,40962,26233,37984,28493,32830,48572,30131,1884,23595,18753,19559,35831,0
20000,1,1,1,43,2,1,1,0,0,0,3799,3152,4446,2986,3050,3462,185,78,112,1727,2903,2363,1
60000,2,1,2,32,0,-2,0,0,0,-1,31727,0,24100,31171,24721,23251,22050,0,6837,13185,8391,7471,0
190000,2,2,1,36,0,0,-1,0,0,0,11930,14990,14047,15078,12999,14215,9060,11965,13557,9240,8874,6275,0
80000,1,2,2,34,-2,1,0,0,-1,-2,0,33561,27143,25574,29761,0,0,1554,14733,22682,12372,0,1
490000,1,1,2,36,0,-2,0,0,0,0,23094,0,22781,20981,21117,23131,20067,0,15209,17620,15962,20484,0
360000,2,2,2,35,-1,0,-1,-1,-1,0,149368,148412,175866,158815,135391,110155,64243,132163,110786,146666,28155,40640,0
210000,2,1,1,33,0,0,-1,-1,-1,-1,75158,54316,70768,59196,50564,54869,33280,38912,55134,34922,8847,46324,1
50000,1,1,2,34,0,0,-1,0,0,0,36703,37066,32033,38503,34536,20894,20903,22313,9958,28258,13667,13541,0
70000,2,1,1,44,0,0,0,-1,-2,-2,50130,38752,46554,39569,0,0,40550,31321,32131,28256,0,0,0
130000,1,2,2,30,2,0,0,0,-1,-1,93822,85777,86594,64907,76779,74773,4037,77009,64498,48426,50965,22816,1
200000,1,3,1,64,0,-2,0,0,-1,0,35140,0,43431,28828,38491,37098,30251,0,25251,24430,19596,24232,0
130000,2,2,2,31,-1,-1,0,0,0,0,71508,59375,61166,66748,54928,55864,16391,48523,46991,16217,47258,41682,0
60000,2,2,1,36,0,0,0,1,2,3,10093,13094,10307,9737,12277,11919,10015,5214,2174,913,665,345,0
250000,1,2,1,32,0,-2,-2,0,0,0,18834,0,0,21441,22366,17351,11772,0,0,15711,14480,4679,0
90000,2,1,1,37,2,1,1,-2,0,0,18834,14382,13376,0,15596,7904,1024,791,1253,0,13570,4957,1
130000,1,2,3,33,1,2,1,1,0,2,136856,106678,131356,140729,91171,148308,18720,814,16342,12648,54747,4975,1
110000,2,2,2,50,-1,0,-2,-1,0,0,38201,47187,0,36981,36411,36259,6013,27947,0,19136,29410,19721,0
40000,2,3,2,37,-2,0,0,1,1,2,0,20461,13247,14870,16419,14340,0,13007,10104,1421,1214,271,0
80000,2,2,2,45,0,0,0,1,0,0,18581,17862,17885,15042,17676,16571,15998,8115,13872,2155,15743,11331,0
120000,1,3,1,57,0,0,0,2,2,-2,49831,41180,39456,46208,36294,0,23258,22185,32216,414,2611,0,0
250000,2,2,2,38,-1,1,0,0,0,-1,46578,43643,39516,46858,48251,46362,22162,6963,15044,20592,44037,4949,0
60000,1,4,1,31,1,1,0,-2,0,0,31076,14454,27500,0,31285,19922,8974,1183,19608,0,13008,12379,0
130000,1,2,1,63,0,0,0,-1,-2,-1,23235,20131,23307,21652,0,18189,16395,15870,13519,6126,0,10862,0
100000,1,2,2,50,0,0,0,-2,0,1,54332,70768,67000,0,65538,56532,46152,10899,2825,0,58322,5317,0
120000,1,1,1,46,-1,-1,-1,-1,-1,-1,46627,39486,35269,38958,41768,47380,41634,34203,27187,34938,22739,29994,0
210000,2,1,2,38,1,2,0,0,0,-1,68011,78966,90151,84036,73069,59339,4783,9242,60171,23928,71743,19460,1
250000,2,2,2,33,0,-1,-1,-1,-1,-1,129459,128250,91417,90913,125307,123010,73203,114723,74917,72992,112917,83314,0
160000,2,1,1,35,0,0,-1,0,1,0,44127,43775,29742,32546,31309,26906,9104,21582,16488,10467,3958,20333,1
20000,1,3,1,51,-2,0,0,1,1,0,0,6417,7859,7251,8018,7058,0,1008,5093,1072,517,5014,0
70000,2,2,1,36,1,-2,0,0,-1,-2,14006,0,17015,13315,10793,0,3085,0,7349,4922,8190,0,0
250000,2,2,1,31,-2,1,1,2,0,0,0,51781,34538,41829,49840,43961,0,6584,2375,5012,34462,26041,0
70000,2,2,1,33,-1,-1,-1,-1,-1,-1,46111,50244,48075,45737,53571,61579,32332,40847,25689,15419,27289,26161,0
60000,2,1,2,34,1,0,0,0,-2,-1,16139,12360,12625,10848,0,13149,3264,4907,8841,7225,0,12104,1
130000,2,2,1,37,0,0,-2,-2,-1,0,58547,61411,0,0,64701,58840,39250,52103,0,0,51240,49835,0
110000,2,2,1,53,0,-1,-1,-1,-1,-1,35192,22973,28714,27171,25138,36942,32805,15195,12413,13094,13862,16147,0
50000,1,2,2,49,0,-2,0,0,0,0,1963,0,1890,1493,1620,1397,1617,0,665,746,1188,779,1
120000,1,1,1,34,0,0,-1,0,0,-1,13045,15271,15867,13427,16871,17490,5030,14349,4858,11417,12538,10640,1
170000,1,2,2,33,0,0,0,0,0,0,18830,16557,12280,18506,14304,17113,15271,4379,5449,10264,12732,11234,0
60000,2,2,2,34,-1,-2,-1,-2,-1,-1,25299,0,21601,0,26399,25314,13882,0,12054,0,21910,15901,0
110000,2,3,2,37,-1,0,0,2,2,8,33691,26404,19201,23060,16654,19722,19109,7619,13864,225,44,4346,0
300000,2,2,1,53,0,0,-1,0,0,0,103572,95403,104183,118300,110404,101644,80609,80995,72688,106283,73667,62649,0
60000,2,3,2,39,0,-2,-2,0,0,0,23037,0,0,23565,28506,24391,13904,0,0,15754,14668,21381,0
60000,2,1,2,32,2,1,0,0,0,0,40994,37649,38298,36624,35220,36949,35,687,26722,13948,27697,20487,0
110000,2,1,1,43,0,0,0,0,-1,-1,73422,67068,65543,56561,64864,54926,25375,20729,19920,18274,34777,50556,0
90000,2,2,1,55,-1,-1,-1,-1,-1,-1,39333,31965,40656,30771,29965,28662,35159,24812,27268,19384,3686,25197,0
70000,1,2,2,53,0,0,0,1,1,0,13315,13224,11232,12672,10347,13428,4483,4833,7988,612,459,13329,0
30000,1,3,1,41,0,0,0,-2,2,5,5687,4819,5702,0,5369,4351,5065,3781,5004,0,826,128,1
170000,2,1,1,33,0,0,0,0,-1,-1,79257,88024,105590,78991,58390,84112,33477,21810,67859,40438,50253,51059,0
100000,1,2,1,39,0,0,-1,-1,-1,-1,32759,30193,27147,29014,26857,24560,14759,23031,21446,21247,8437,14747,0
60000,2,2,1,38,1,2,2,-2,-2,0,29179,18162,28869,0,0,26698,51,5386,5133,0,0,2475,1
110000,1,1,2,37,-1,-2,0,0,0,0,61341,0,63907,58627,52606,50500,51916,0,55607,49527,28682,27227,0
180000,2,1,2,30,-2,0,-1,-1,0,0,0,39137,24027,34793,36303,36024,0,19256,14649,14572,21319,19582,0
160000,1,1,2,62,0,1,0,-1,-1,-1,117312,117046,109652,116147,114918,108789,61833,11634,54615,79957,47280,102972,0
50000,2,1,2,38,-2,-1,-1,-1,-1,-1,0,4900,3840,4823,4667,4305,0,2093,2005,3603,892,3152,0
40000,1,2,1,47,0,-2,-1,-2,-1,-1,18101,0,18125,0,19217,14074,12927,0,16386,0,14195,11328,1
130000,2,2,2,40,-1,0,0,0,0,0,56692,58861,62662,74792,56244,42778,43215,22739,54248,52110,25027,28953,0
110000,2,2,2,46,0,-2,0,0,0,0,30971,0,33470,25471,21725,19230,10254,0,13213,21843,15503,14133,0
90000,1,3,2,35,0,0,-2,0,0,-1,34474,44492,0,26941,25373,36361,25763,31572,0,16209,24388,17645,0
30000,2,1,1,31,2,2,0,0,0,0,17472,15920,22888,18199,13860,17254,339,621,19806,9621,3102,7827,1
50000,2,2,2,34,-2,0,0,0,0,0,0,8070,7888,7505,7232,6738,0,4003,4831,5644,5354,3915,0
80000,2,1,1,32,0,0,1,1,0,0,28448,27324,21903,18675,20661,22623,27189,14948,4000,1668,15745,7914,0
160000,1,1,1,37,-1,0,0,0,2,1,20241,19508,20361,17490,20507,19624,19624,15810,13789,14647,970,2292,1
20000,1,3,2,30,0,-2,0,0,1,2,2309,0,2219,2366,1485,2292,1664,0,1341,893,86,309,0
210000,1,2,1,43,0,0,0,-2,0,-1,87798,73057,108612,0,106358,65599,67015,32731,74258,0,35206,14036,0
60000,1,2,2,46,-1,-1,-2,0,-1,0,17668,22101,0,21377,16493,19231,8007,15049,0,3587,10634,13845,0
80000,2,1,2,30,-1,-1,-1,-2,0,2,34918,16965,25653,0,29105,26727,14856,7678,18811,0,20106,1240,1
90000,1,2,1,34,-1,0,0,1,1,0,75266,58861,51717,60287,61116,66072,34517,43864,20181,14912,7423,30873,0
30000,2,2,1,38,0,0,0,-1,0,0,11197,12377,11156,9641,8723,10113,3865,7460,9235,6155,4423,3665,1
30000,2,2,1,51,1,0,-1,-1,-1,0,11517,14348,11249,9832,9268,11532,1812,9111,8190,4147,7825,10319,1
40000,2,1,1,32,-2,0,1,0,0,1,0,24564,27303,23150,25658,22872,0,22847,3980,11410,18906,1895,1
80000,2,1,1,39,-1,0,0,0,0,0,34118,41970,30631,35560,33799,36928,13729,32946,23737,26259,28931,4450,0
110000,2,3,1,54,-2,0,0,0,0,0,0,44654,66953,62442,37446,53307,0,41776,62265,22272,17460,38778,0
570000,2,2,2,37,1,1,-2,0,0,0,179136,176512,0,212253,194258,177202,43130,16825,0,105813,140837,165875,0
130000,2,2,2,36,0,0,0,0,-2,0,29514,28086,24194,26728,0,21690,25542,18055,12435,12664,0,7942,0
740000,2,1,1,36,1,0,0,-1,-1,-1,332718,277200,238005,292265,326164,231324,115774,259265,89901,161076,262813,171045,0
70000,2,2,2,32,0,0,0,0,0,-1,19640,18664,20798,18430,17583,13849,16404,9787,17811,16919,9987,10598,0
100000,2,1,1,32,1,-2,0,0,-2,0,62524,0,52936,30027,0,49255,6574,0,32690,16301,0,39379,0
50000,1,2,2,35,-1,0,-1,-1,-2,-1,4441,5457,4278,5064,0,4528,2593,3923,3432,4971,0,2026,1
60000,1,2,2,30,2,2,1,0,2,2,34442,25208,25903,22516,26549,19867,3764,252,5219,11501,2832,429,1
70000,1,1,1,42,0,0,0,1,2,1,29530,30195,28843,35670,34545,30420,20621,24703,20745,4542,59,77,0
60000,2,2,1,59,-1,-1,-1,-1,-1,-1,30225,34315,39429,30556,22102,22802,20098,29522,15429,12286,8408,7773,0
120000,1,1,1,49,0,0,0,1,2,2,16838,16463,16317,13075,19944,12896,15170,14685,5272,2022,1377,1656,0
60000,1,3,2,32,0,-1,-1,0,0,0,7753,8317,7053,7539,10707,5914,2126,5712,5952,3351,8604,964,0
180000,2,2,2,35,-1,0,-1,-1,-1,-1,38733,64344,74209,67065,48137,61357,25226,32724,34568,43480,27050,35081,0
280000,1,2,1,39,0,0,0,0,-1,0,76468,63937,74519,72977,60762,48133,62851,29156,51671,27601,14265,12070,0
350000,1,1,2,32,1,1,0,0,0,-1,402297,373924,340554,303829,352210,307731,49325,36336,307368,104251,160306,191538,1
70000,2,1,2,46,0,0,0,-1,-1,-1,18470,10606,15365,12358,12928,12087,10058,4576,7390,1008,6493,6798,1
90000,2,1,1,30,-1,-2,-1,-1,-1,-2,48893,0,47638,37664,31721,0,20210,0,39295,16016,30529,0,0
60000,2,1,1,37,1,2,2,-2,0,0,19679,16757,21613,0,20954,17177,1906,910,63,0,7848,16203,1
40000,1,2,2,37,-2,-2,0,1,0,0,0,0,19269,21556,13861,13017,0,0,18829,3909,7270,11284,0
180000,1,1,2,38,0,-1,-2,0,0,0,20539,19393,0,16011,19285,15169,12049,10486,0,13296,7911,2906,0
80000,2,1,2,35,-1,0,0,0,1,1,3304,4034,5006,4320,4137,3248,2332,2641,4387,1846,537,313,0
180000,2,2,2,35,0,0,0,0,0,0,114101,73291,85281,85672,82389,86280,49209,43627,74091,65224,20563,54242,0
110000,2,2,2,32,-1,-1,-1,-1,1,1,36562,42735,38418,43950,48850,29867,23443,26507,19751,21699,1706,1327,0
240000,1,2,1,74,1,2,-2,0,0,0,97659,85294,0,109822,100200,100095,2643,2950,0,82418,72361,28917,1
220000,2,1,1,40,0,0,-2,0,0,0,79605,87289,0,69472,67261,79660,67707,30822,0,45793,48353,56933,0
80000,1,1,1,42,0,0,0,0,0,-1,19895,15827,17030,19569,24519,16909,10658,4704,9181,8691,17454,13137,0
10000,2,1,2,36,2,3,0,0,0,1,5501,5329,5583,6054,5642,3416,102,123,3137,3222,3878,727,1
40000,1,1,1,32,0,0,0,0,-1,-2,1829,1782,2035,2359,1726,0,1494,1325,1781,1547,974,0,0
20000,2,1,1,60,-2,-1,0,0,0,-1,0,7084,6336,6760,5538,5718,0,3737,5425,6044,2786,2538,0
120000,2,2,1,30,-1,0,-2,0,1,0,52894,50231,0,55833,55098,49123,47088,33898,0,26250,5420,47516,0
40000,2,2,2,30,1,1,0,-2,0,0,11822,11204,10719,0,9981,9900,1762,2478,8911,0,4547,4001,1
500000,2,1,1,41,-1,-1,-1,-2,-1,-1,90662,103945,99317,0,81536,56598,24866,56324,72304,0,30878,44847,0
260000,2,2,2,36,0,1,0,0,0,1,14633,9807,18342,14721,15184,15323,1928,670,10322,1958,9922,276,1
50000,2,2,1,33,0,0,0,0,0,1,6198,6754,5460,6053,6086,6384,1418,3472,3929,4236,5317,1163,0
90000,1,2,2,30,-1,-1,-1,-2,-1,-1,29241,26065,35745,0,30370,21151,17358,24963,27896,0,12919,10163,0
110000,2,3,1,30,0,2,2,1,1,0,12615,9032,12492,10464,8326,11672,9521,1393,1014,674,1085,10891,0
50000,1,2,1,39,2,3,1,2,0,0,30583,26688,30782,26585,24202,22934,1726,8876,2756,110,18962,16443,1
90000,2,1,1,56,0,0,1,0,0,-1,7807,10670,9699,9105,10787,10263,6747,6995,634,8592,9853,8752,0
110000,1,1,3,47,0,0,-2,1,0,0,34906,27626,0,29332,26739,30729,23154,15597,0,1248,20581,15986,0
90000,1,2,2,30,0,1,1,0,-2,0,8908,7970,9292,10114,0,7220,3276,355,1555,8652,0,5852,1
270000,1,3,2,32,0,-2,0,0,0,-1,124469,0,142478,111629,80210,110954,71049,0,62728,74940,59929,58722,0
160000,1,3,2,31,0,0,0,0,-1,0,18486,22254,19601,19207,19141,17487,7782,12757,16909,14872,10237,7302,0
160000,1,1,1,45,1,2,-1,-1,-1,0,81338,54632,58164,64229,56301,75191,2950,3514,45317,47724,37416,66330,1
50000,2,3,2,46,-2,1,1,0,-2,1,0,15645,15774,18901,0,14686,0,526,1822,10234,0,2875,0
50000,2,1,2,52,0,-2,0,-1,-1,0,31647,0,24241,21681,21578,31228,27068,0,13759,7048,15480,21445,0
100000,1,1,1,35,0,0,0,0,0,0,16508,15687,15829,13734,14496,10199,8301,10496,10430,4670,7969,4812,1
60000,1,2,1,46,0,0,0,-1,0,0,13295,13797,13029,14359,10330,12356,6350,5761,4117,9083,8021,6469,1
100000,1,3,2,36,-2,-1,-2,0,1,0,0,14226,0,17323,18442,19541,0,3403,0,16310,4215,9239,0
230000,2,1,1,55,-1,0,-1,-1,-1,-1,96226,90493,102398,96155,73916,96294,91638,63856,61488,43724,15585,67308,0
150000,2,1,2,33,-1,-1,-1,-1,-1,-1,50302,63978,57226,62070,55945,46812,24194,14917,47207,39619,41486,40857,0
510000,2,1,2,47,-1,0,-1,0,-1,-1,412171,408041,314408,424092,408823,384178,58537,358428,205400,393944,245678,272996,0
90000,2,1,1,31,0,1,1,0,-1,0,3209,2562,2262,2871,2243,1822,1859,256,57,1303,1771,720,0
60000,2,2,1,30,0,0,0,-1,0,-1,31081,34480,31868,25695,24594,28069,19476,24633,31184,12366,13693,25554,0
50000,2,1,2,31,0,0,0,0,-2,0,26601,28047,27919,26514,0,26408,17578,20862,21046,25858,0,22575,0
220000,2,1,1,39,-1,-1,-1,0,0,0,99475,81298,75395,81184,94597,64213,66329,37230,40683,52029,51631,41622,0
500000,2,1,2,32,-1,-1,-1,-1,-1,-1,24950,17535,16690,18430,22768,17587,13796,7407,14107,3214,12412,12156,0
580000,2,2,3,44,-2,0,0,-2,0,0,0,412981,294178,0,257069,256950,0,290293,211233,0,151474,169844,0
140000,1,2,2,44,0,0,0,0,0,1,47404,47912,41810,40312,48441,45783,24057,22145,22395,15598,32248,4950,0
150000,2,1,1,38,0,0,-1,-1,-2,-1,11429,11392,9838,12922,0,11897,6456,5718,3796,10125,0,8970,0
90000,1,2,2,30,0,0,0,-1,0,0,38668,38389,41396,40236,36352,37502,26870,21205,32539,4395,14294,16928,1
210000,1,3,1,52,1,0,0,0,-1,-1,119197,93933,92770,78568,87117,42769,10509,71076,35739,65397,25186,28462,1
40000,2,2,2,31,0,0,0,-1,-1,-1,3012,2812,2801,2588,2455,2550,2059,1748,1708,1347,2264,1387,0
110000,2,3,1,35,0,-2,-1,-1,-1,-1,6037,0,6544,5654,5093,5422,4077,0,4149,3937,2054,3984,0
120000,1,1,1,35,1,2,2,1,1,1,52523,60311,46396,48718,49008,37504,8603,1736,520,3429,3634,3501,1
120000,1,1,2,38,0,0,-2,0,-1,0,12318,11402,0,8432,10611,8444,10363,10461,0,7406,6964,7381,0
90000,2,3,2,49,0,0,0,0,0,-2,38350,23726,32264,38233,31579,0,26350,13517,22602,24836,20796,0,0
40000,2,3,1,39,0,-2,0,-1,-1,-1,23817,0,22350,21212,22269,24474,22135,0,19822,9448,20931,8083,1
90000,1,2,2,40,-1,0,-1,0,-2,0,41869,40989,36220,27887,0,28788,32472,10926,31154,25642,0,15262,0
30000,1,2,2,32,0,1,2,3,5,8,1405,1775,1706,1611,1565,1611,469,111,26,64,63,7,1
110000,1,1,2,38,0,0,1,0,1,0,44566,34425,37221,38034,26037,33398,36950,10049,2215,19431,6983,24438,0
260000,2,3,2,39,0,0,0,1,-2,-2,55931,57294,47770,52244,0,0,22101,17963,32918,8102,0,0,0
40000,2,2,2,31,-2,0,0,-1,0,0,0,6164,5563,7066,5961,6928,0,1255,4224,4030,3464,2615,0
240000,1,2,2,42,0,0,-1,0,-2,0,98185,85206,95297,101881,0,82559,51431,13157,80959,26392,0,68703,0
60000,1,2,1,49,0,-2,0,0,0,0,20569,0,16229,14848,16301,17335,6780,0,12034,7473,15082,4654,1
110000,1,1,1,42,-1,0,-2,-1,0,-1,15219,14295,0,14182,16637,16899,9796,5135,0,5242,5206,12177,0
260000,2,2,1,41,0,0,-2,0,0,-1,51383,50069,0,56781,49849,44033,40784,28604,0,34803,35257,25181,0
110000,2,2,2,43,-2,0,-2,0,0,0,0,41889,0,48435,55785,33919,0,25614,0,40771,15453,12880,0
30000,1,3,1,69,2,2,0,-2,-2,0,8341,6852,7827,0,0,6628,10,231,3418,0,0,2395,0
100000,2,2,1,43,2,2,1,0,1,2,30328,29321,21504,25036,24224,32855,9974,2364,3615,4789,6622,962,1
90000,2,2,1,51,0,0,0,-2,0,0,14971,13781,18672,0,12698,11880,7471,5384,14399,0,8557,7395,0
230000,1,2,2,50,-1,-1,0,0,1,0,40612,58689,57480,60897,38732,42228,13136,18680,48112,55465,4669,19636,0
40000,2,2,1,39,0,0,0,-1,0,1,10326,11815,11260,12603,12258,11073,10221,7842,8157,9035,6555,700,0
100000,1,2,1,33,1,1,0,-2,-1,-1,68040,68694,56286,0,57684,49344,6079,15837,3145,0,24480,32880,0
80000,2,1,1,39,-1,-2,-2,-1,-1,-1,14722,0,0,18823,13655,14079,5989,0,0,14334,9796,11652,0
40000,1,2,1,46,0,0,-1,-1,0,0,27155,22198,22765,21623,21652,16835,26067,14012,6331,13639,18264,8281,0
50000,1,2,1,35,0,-2,0,0,0,1,3374,0,2827,3366,2896,2987,1635,0,1840,2586,1937,117,0
30000,1,2,2,37,-1,0,0,0,0,-2,2380,2895,2798,2131,2855,0,916,1205,1670,1063,1429,0,0
180000,2,2,2,40,-1,0,0,0,0,0,67682,76305,70208,85415,82667,75643,38185,9192,10667,67801,42478,67068,0
30000,2,2,2,38,-2,1,1,2,2,1,0,11175,11612,9581,10135,9508,0,504,6,548,2462,1472,0
50000,2,2,1,59,0,1,0,-2,1,0,32704,41301,41753,0,34601,46558,26647,7572,18549,0,691,32612,0
50000,1,2,2,41,-1,-1,0,0,0,0,2055,1503,1472,1754,1694,1436,758,282,812,491,1518,673,0
80000,2,2,1,42,0,0,1,1,0,0,6188,5199,5819,4568,4793,5981,2846,3371,547,373,818,2320,0
80000,1,2,2,35,0,0,0,0,0,0,6238,6974,7009,7336,8564,7790,6149,3431,4946,6357,5117,3856,1
60000,2,1,2,45,1,0,-2,0,-1,-1,31713,21117,0,26111,29347,25724,7338,12867,0,16358,13047,13933,0
220000,2,1,1,40,-2,0,0,-2,0,-2,0,22200,28192,0,29777,0,0,17583,17615,0,11189,0,1
80000,1,3,2,33,0,0,0,0,1,-2,16668,15583,9720,15444,10490,0,7768,9746,9175,6716,363,0,0
80000,2,2,1,52,0,0,-1,-1,-1,-1,16693,18241,13781,15815,12691,12230,7843,16952,10189,12258,12521,5082,0
80000,2,2,1,41,-1,0,-1,0,0,0,51380,52497,68257,46479,54160,48361,17949,31516,32602,30310,43475,37135,0
40000,2,1,1,35,-1,0,-1,-2,0,0,5858,5113,4960,0,6494,6340,4915,2782,4364,0,6335,2981,0
110000,2,2,1,46,-2,1,0,0,0,0,0,1379,1131,1873,1607,1419,0,118,550,740,1227,282,1
160000,2,2,2,31,0,0,-1,0,0,0,40379,55332,48141,45629,33944,43007,30838,41669,46585,20132,25021,28905,0
60000,1,3,2,32,-1,-1,-1,0,0,0,32989,35892,40541,40802,39976,31273,13367,12958,29905,24405,32799,20950,0
180000,1,1,1,38,0,-2,0,-1,-1,-2,40218,0,36460,46064,38322,0,27229,0,19120,39301,10342,0,0
60000,1,2,1,50,-2,1,0,0,0,0,0,13864,10935,15423,12872,17061,0,2955,5871,12836,5916,9287,0
40000,2,2,2,31,1,0,0,-2,-1,0,25344,21856,19460,0,22795,17082,1623,8226,5556,0,12404,12759,0
60000,2,1,2,30,0,0,0,0,0,0,29802,27919,23116,24674,27838,19785,24343,14611,15812,9891,16543,11864,0
130000,2,1,1,45,-1,-1,-1,0,0,0,21888,18941,20412,21982,18696,20618,15357,17687,3466,3997,13049,15110,0
80000,1,2,2,33,-2,-2,1,-2,1,0,0,0,41642,0,40427,53490,0,0,17878,0,2830,46040,0
80000,1,2,1,32,-2,0,0,0,1,2,0,5253,5012,5545,6057,5447,0,4315,920,1359,163,900,0
220000,1,1,2,42,-1,0,-2,0,0,0,37222,49152,0,34875,47698,44083,4139,26761,0,10199,22862,31457,0
70000,1,2,2,35,0,0,0,-1,-1,-2,17385,18275,17231,18376,17880,0,10708,4817,4843,11727,8533,0,0
570000,2,2,1,35,-1,-2,-1,-1,-1,-1,173414,0,195108,177740,184445,155620,161250,0,184545,48484,58427,85760,0
190000,2,1,1,36,-1,-1,-1,-1,-1,-1,110669,115212,121999,108708,91122,109940,107028,61624,81312,71795,80640,78277,0
60000,2,2,1,38,3,7,6,2,0,0,16576,19717,16166,15515,16024,16403,521,2722,2485,2807,5733,14664,1
300000,2,2,2,40,-2,0,-2,0,-1,-1,0,15151,0,14170,15183,13948,0,12304,0,9674,5011,4331,0
30000,2,2,2,47,0,0,0,0,-1,0,8591,10875,7049,10034,8856,7830,8049,6725,6181,4434,7841,2779,0
110000,1,3,2,39,0,0,0,0,0,1,50172,36132,43688,27660,33880,18840,35150,26212,9103,25665,20150,718,0
80000,2,2,1,35,-1,-1,1,0,0,1,20088,21935,21347,20148,21865,15441,13943,16953,373,15593,19760,1662,0
50000,2,1,2,32,-2,0,0,0,1,1,0,24294,27353,27861,22111,25212,0,20639,10609,19940,789,3046,0
190000,1,1,2,30,-1,-1,-1,-1,0,-1,98753,124960,117353,94241,124113,92948,53111,56656,54251,69496,98702,45847,0
160000,1,2,2,32,0,2,1,-2,-1,-1,85008,91006,84494,0,99180,85927,34008,3194,25048,0,39322,79417,0
80000,1,1,2,30,-2,0,3,2,2,2,0,1168,989,972,1058,895,0,992,364,12,0,144,1
300000,2,3,1,42,0,-1,-1,-1,-1,-1,22495,23720,17016,18873,14358,17780,14234,13829,15352,12713,7589,10383,0
130000,2,3,2,35,0,0,0,0,0,0,20674,27151,21730,20899,20527,20204,13504,10981,17057,14561,9449,7488,0
100000,2,1,1,36,1,1,1,-2,-1,-1,40018,30648,26942,0,37613,26667,6157,1412,651,0,13833,25351,0
60000,1,2,2,44,2,2,1,1,-2,2,10494,7848,10119,7995,0,9227,2623,697,627,477,0,3946,1
240000,2,1,2,33,0,0,0,-1,-1,0,46576,41558,41672,46629,46762,36948,17442,5878,27150,33960,39523,24906,0
190000,1,1,2,37,0,0,-1,0,0,-1,52809,42475,53580,62604,50867,58703,40933,19705,32669,50295,33509,23830,0
230000,2,3,2,32,-1,-1,-1,-1,-1,0,115536,163067,127262,122745,123392,129132,91226,80145,101549,62895,98654,121930,0
130000,2,1,1,35,0,0,0,0,-1,-1,42339,25859,46041,45715,36515,29514,23163,23195,24903,16605,20984,20840,0
50000,1,2,2,39,0,0,0,-2,0,0,24912,28034,27898,0,30517,27712,22169,14835,20140,0,8126,7665,0
80000,1,1,1,35,0,-1,0,-1,0,-1,37920,39866,35089,32521,36812,33044,14845,22263,24767,22775,15903,13983,0
140000,2,1,1,43,-1,0,-1,-2,-1,-1,27296,31803,38118,0,35297,34661,24549,15270,23556,0,27088,21557,0
40000,1,2,1,47,0,0,1,0,0,-2,28666,23218,21740,21693,23517,0,13183,8802,2013,6770,19608,0,0
70000,1,2,2,41,-1,0,0,0,0,0,21881,18920,24255,26094,28168,29446,7189,15906,11508,20510,20365,14631,0
120000,1,1,2,49,-1,-2,-1,-1,-1,-1,59528,0,47991,50793,41648,46064,16319,0,18655,11423,29850,20694,0
50000,2,1,2,37,1,1,0,-2,-2,-2,34532,25682,29313,0,0,0,17,376,26571,0,0,0,1
50000,2,3,2,41,-2,0,0,0,-2,1,0,1655,1842,1564,0,1499,0,329,724,656,0,98,0
210000,2,2,1,44,0,1,0,0,-2,0,147169,126145,160571,137560,0,91567,98217,20466,127467,46905,0,20167,0
140000,2,2,2,34,-2,0,0,0,0,0,0,68566,58837,63430,65358,65760,0,43653,40074,35845,55978,46175,0
100000,1,2,1,48,-1,-1,-1,-1,-2,-1,48687,35385,45278,55237,0,43468,43576,16077,12383,37232,0,12321,0
150000,1,2,1,35,0,-1,-1,-1,-2,-1,50360,53624,56762,46422,0,66202,25838,53257,55812,26712,0,55168,0
90000,2,1,1,38,-2,0,0,0,0,0,0,43580,37455,36767,28210,39209,0,3209,13856,24210,10725,25978,0
50000,1,1,2,32,-1,0,0,2,1,2,19983,26908,20090,24291,23103,18900,19369,2104,13339,1717,583,574,0
80000,1,2,2,53,-1,0,0,0,-1,-1,476,444,467,438,526,400,460,208,321,385,239,265,0
150000,1,2,2,46,-2,0,0,1,-2,2,0,56575,49484,57591,0,53192,0,33545,26873,872,0,1293,1
140000,1,1,1,34,0,0,-2,0,0,1,93119,116406,0,91187,90517,99668,69385,62908,0,82707,47717,16942,1
150000,2,1,2,32,0,0,-2,0,0,-2,63508,56393,0,46720,50462,0,46537,54853,0,29061,41778,0,0
50000,1,1,2,47,1,1,0,0,0,0,12667,14161,12591,16140,16349,11562,432,1349,10213,14504,3866,4372,1
200000,2,2,2,32,-1,-2,0,1,0,-2,109439,0,114225,119810,117278,0,93953,0,51512,13117,44399,0,0
150000,2,3,2,38,0,-2,1,0,0,0,74827,0,56321,73126,74687,69014,69647,0,1469,68422,37275,47311,0
70000,1,4,2,35,0,0,0,0,0,1,22200,20760,19560,21781,14623,14378,5928,10994,2232,19681,1549,393,0
130000,2,1,1,32,0,-1,0,0,0,-2,11653,7161,12511,11935,11502,0,5810,3218,11442,6059,9059,0,0
130000,1,2,2,34,1,-2,0,0,0,-1,66812,0,64246,53096,61266,61469,3247,0,29553,19397,35556,38319,1
70000,2,1,2,41,-1,-1,0,0,0,1,36703,26146,41845,32765,32030,25425,27140,10542,9363,3175,30380,1092,0
110000,2,2,1,43,0,0,0,0,0,-1,51903,53837,55580,47479,42896,32313,33381,47194,53701,29416,32727,24179,1
40000,1,3,1,37,1,0,0,0,0,0,8974,9172,5528,9544,8330,8117,119,6948,1459,5763,3475,6262,0
120000,2,1,1,37,0,0,0,0,-2,1,71555,57301,59138,49025,0,59812,61152,32178,27099,39202,0,7299,0
40000,1,2,2,30,0,-1,-1,0,0,0,16202,13989,16584,13916,13657,10960,10204,9883,13956,5149,9286,8114,0
20000,2,3,2,52,-1,0,-1,-1,-1,-1,3971,3804,3812,4558,3716,3342,2156,3287,732,3466,1698,1592,0
50000,1,1,1,40,0,2,1,0,0,0,1778,1802,1655,1692,2010,2235,939,130,37,567,1713,1901,1
160000,1,1,2,40,0,0,0,0,0,-2,99870,60488,74446,110539,107483,0,28234,42517,71283,55389,79825,0,1
80000,1,2,1,47,0,1,0,1,2,1,5997,5811,6306,6215,6185,5776,5091,2026,5871,467,565,1384,0
130000,1,2,1,35,1,0,0,0,0,0,21362,22230,21356,23718,17157,22017,389,16396,3926,13529,12928,12533,1
80000,2,2,1,36,-1,-1,0,0,0,0,13045,11626,14518,11844,12720,13657,8162,8535,4495,10823,10942,11664,0
70000,2,2,2,30,-1,-1,0,-1,-1,-1,24367,15918,21150,22634,25853,24198,12208,7146,14257,22248,9247,22815,0
100000,1,2,1,46,0,-2,0,0,0,0,41212,0,35155,36461,37322,35680,37762,0,8080,7513,30340,30861,0
50000,1,1,2,42,-1,-2,-1,-2,0,-1,20193,0,16637,0,15843,20628,13868,0,7450,0,7961,13747,0
70000,2,1,2,39,0,-1,-1,-1,-1,0,25740,28092,26272,22856,23960,31069,19564,21202,18217,6951,13305,27452,0
80000,2,1,2,39,1,1,0,0,0,-1,15807,15537,15170,12639,15381,15195,782,3839,12144,1672,12006,3335,0
30000,1,2,2,35,0,1,0,-2,-2,-2,4932,5181,4289,0,0,0,3108,483,3215,0,0,0,0
90000,2,2,2,52,0,0,-2,0,-1,0,23533,24800,0,24697,19912,19097,9334,22595,0,9915,7070,12032,0
80000,1,3,2,32,2,0,1,2,1,2,19683,22286,15436,18913,25750,20493,2000,19091,677,6733,7474,207,1
200000,2,3,1,41,0,0,-1,0,0,0,35722,26674,31610,27176,24919,24816,17800,20748,10077,9163,18008,22560,0
30000,1,2,1,32,0,0,0,0,0,0,7778,7188,7396,5118,8028,7438,6705,5164,4691,3110,6510,5788,0
140000,1,2,1,34,0,0,0,1,1,0,36011,35382,27140,23546,31814,23955,14201,28860,19961,2504,1365,16095,0
90000,1,2,2,35,1,0,0,0,0,-1,16644,17116,15534,15462,15602,16256,1772,9812,10895,12386,7887,7145,1
60000,2,3,1,31,0,1,2,1,3,6,39149,35858,28480,45235,29681,28138,38160,4998,401,1749,4298,5278,1
100000,2,2,1,38,0,0,-1,-2,-1,0,44383,43331,39475,0,56390,54961,20123,41005,34763,0,37806,34938,1
40000,2,1,1,31,0,-2,0,1,1,1,14329,0,16066,19096,17113,21450,7369,0,6297,4573,2232,3877,0
80000,2,2,2,35,0,0,-1,-1,-1,-1,9230,9123,9684,7069,7891,10825,4527,7015,6514,4279,5361,2824,0
370000,2,3,1,30,0,-1,0,0,0,0,78437,95397,74474,76910,86576,60482,12423,71695,43742,16105,31888,50230,0
110000,1,4,1,34,-1,0,1,0,1,2,66529,78047,77996,68257,57366,48747,39710,54239,1144,44442,3438,608,0
280000,2,1,2,43,0,0,0,0,0,0,102279,107010,101359,74291,79947,67140,45124,76875,63683,68271,48711,25792,0
490000,1,1,1,37,-1,0,-2,0,0,-1,303056,251742,0,295015,174482,228678,227753,237757,0,150347,71036,224174,0
140000,1,2,2,34,0,0,0,0,-2,0,59897,75107,82504,70474,0,57803,50886,35996,43914,42296,0,39662,0
170000,2,1,1,44,0,1,0,0,0,0,33682,40842,33669,33633,31625,28326,7715,831,16202,12635,25633,17087,0
30000,2,2,2,35,1,0,1,0,1,0,23533,18558,19510,21205,15398,23685,625,4497,1117,8106,891,20442,1
60000,2,1,2,36,2,1,0,0,0,-1,19650,15364,15514,15728,15365,16052,1214,1445,10929,13904,6006,6751,1
70000,2,1,2,30,0,0,1,-2,0,0,39914,36101,34786,0,27633,30247,38387,22234,765,0,15602,6715,0
200000,2,2,2,34,0,0,0,0,0,-1,7055,6263,5592,5086,5092,5541,2711,4610,4982,1469,1327,1644,0
130000,2,2,1,36,0,1,1,1,1,2,8019,8785,5900,8422,7335,5478,5935,1614,2006,1443,720,1333,0
70000,1,3,2,32,-2,0,0,-2,2,2,0,15474,7823,0,11349,10039,0,8385,3039,0,1541,338,0
200000,2,2,2,43,0,0,0,-1,0,0,73678,94908,78133,112769,86791,103014,49464,84814,28114,65470,83794,83634,1
700000,2,2,1,37,-2,0,0,0,0,0,0,396495,256022,275389,341319,362269,0,376692,134762,162311,249920,233035,0
120000,2,1,1,35,0,0,-1,-1,-1,-1,31464,51366,31227,35163,32308,34280,16545,44977,29066,28873,21750,17732,1
200000,2,2,1,32,0,0,0,0,1,0,70837,60979,63248,55158,47528,44026,8823,48194,10556,11910,3250,25633,0
240000,2,1,2,38,0,1,0,0,-1,-1,155706,127949,161103,141385,136201,133227,76136,14853,119643,40865,96661,67223,0
70000,2,3,1,46,0,0,-1,-1,-1,-1,6472,7630,8737,7350,6830,7533,4040,7133,5802,4914,3430,6043,0
90000,2,3,1,46,0,0,-2,0,1,0,38927,31726,0,35949,32336,36954,38043,20730,0,31149,1823,17039,0
10000,2,3,2,42,-1,-1,-1,-1,-1,0,5966,6971,6068,6952,6370,6643,3170,838,5167,5495,5462,2870,0
230000,2,1,1,34,1,0,0,0,0,-2,52764,95909,62572,77907,65230,0,2018,21990,45369,37036,54648,0,0
140000,1,3,1,30,0,-1,0,0,0,-2,17211,14646,14091,11949,11444,0,15496,13144,11836,8317,3351,0,0
80000,1,2,2,35,0,0,0,0,0,0,24271,30549,20940,24149,16686,19862,19699,16545,16735,12627,13796,15082,1
280000,2,1,1,33,0,0,0,1,-2,0,129897,181535,198228,185650,0,173999,70479,156408,133758,7443,0,102307,0
60000,2,2,2,30,1,1,2,2,1,2,38274,53635,49646,60440,46488,46838,8557,4026,1885,2264,962,9435,1
220000,1,1,1,31,-1,-1,-1,-1,0,0,151464,145874,100155,138501,111395,123639,66542,81169,66437,99622,70310,65555,0
70000,2,3,2,32,-1,-1,-2,0,0,1,25150,22238,0,19844,19035,21721,13697,13930,0,7740,15804,2534,0
90000,2,1,2,31,-1,-1,-1,-1,-1,-1,22915,17948,17307,18986,23613,23094,8984,14969,3066,8653,16773,13073,0
340000,2,1,1,39,0,0,1,0,-2,0,162848,176664,252249,183213,0,151481,159826,63697,20304,160809,0,89051,1
100000,1,1,2,42,-1,-1,-1,0,0,0,53994,68680,57348,64176,50987,38544,20904,14833,40101,42265,36384,29607,0
90000,2,3,2,31,0,-2,-1,0,1,2,16200,0,25914,16480,25681,28329,10184,0,18839,3969,545,1208,0
50000,1,2,1,40,1,-2,0,1,2,1,11809,0,10162,12361,9354,11646,2171,0,4593,1067,537,657,0
200000,2,2,2,42,0,0,0,-2,0,1,12110,10146,10004,0,8976,8195,8146,4129,7742,0,8284,391,0
90000,2,1,1,41,0,0,0,0,1,1,61924,65862,63880,61580,80186,38537,17891,32701,49342,53099,2309,417,0
90000,1,2,2,36,0,0,0,0,0,1,22825,28080,27821,19139,26715,27822,10776,17536,17043,6761,13817,1052,0
260000,2,2,1,31,0,0,0,0,0,-1,60025,59467,51649,44926,61068,34707,47115,25609,20457,36047,22168,8069,0
40000,1,2,1,32,0,0,0,0,0,0,2104,2090,2173,3177,2527,2885,1917,482,1007,1896,1521,1925,1
90000,1,1,2,41,0,1,0,1,-2,5,34819,35690,38110,23782,0,26164,24421,1077,17361,1836,0,114,0
40000,1,3,2,31,0,1,0,0,0,0,13643,12830,14583,13007,11676,12104,11636,810,13599,5745,902,7390,0
40000,1,2,2,34,0,0,1,0,-2,0,9125,13073,10810,10333,0,12397,3434,11242,1442,8012,0,8177,0
70000,2,1,2,37,-2,2,2,1,1,1,0,32019,28522,35399,35625,30223,0,698,6119,1844,2841,3431,1
80000,2,1,2,45,0,0,0,0,-2,0,3637,2991,3446,3166,0,2973,3322,1578,2372,2603,0,1675,0
190000,2,2,1,44,-1,0,-1,0,0,-1,45937,52312,41995,39525,38949,48397,21091,40654,7602,13064,27850,23882,0
200000,1,1,2,32,1,3,3,1,1,1,87300,89360,69830,79713,82287,74062,1627,7489,8988,1715,1584,15774,1
70000,1,1,1,31,-1,0,-1,-1,-1,0,54824,49239,62587,49342,47337,44229,46612,25705,49236,36949,19245,19456,0
130000,2,2,2,37,0,0,0,-2,-2,-1,64799,53242,58588,0,0,64632,26325,25903,17793,0,0,44810,0
330000,2,1,1,39,3,3,1,1,1,-1,164162,210810,143344,149116,120795,107015,738,45445,7041,10172,7054,46854,1
60000,1,1,1,30,0,0,0,0,-2,0,31574,34643,35050,38764,0,26838,21038,23059,26564,9453,0,22455,0
90000,1,2,2,36,2,1,1,1,0,3,55433,51936,63963,50336,45003,50483,6523,569,2478,1440,26095,1639,1
30000,1,2,2,34,0,0,0,0,1,0,10574,6637,7664,8241,6981,7552,6213,6519,1107,6635,271,3425,0
40000,1,3,2,33,0,0,2,2,2,0,6025,4732,5084,4527,6070,4877,2390,3529,230,1617,481,3491,0
90000,2,2,2,42,1,0,0,0,1,0,31289,29796,43631,29920,38571,31515,2265,15041,23896,29403,495,27222,0
70000,1,3,2,33,0,0,1,-2,2,1,29206,36955,40015,0,23915,30364,20850,8100,61,0,3347,6387,1
60000,1,1,2,39,0,0,-1,0,0,-2,18633,20460,21109,17867,23192,0,10910,9249,5371,15976,22141,0,0
180000,2,1,1,30,-1,-1,-1,-1,0,-1,77005,77142,78010,91728,97425,81410,28544,60385,66402,47746,78056,72549,1
120000,2,4,2,45,0,1,1,0,0,1,82748,71757,75843,68958,69676,66018,48813,13930,2421,36431,10877,5332,1
140000,1,2,1,39,1,1,1,1,1,0,49924,50976,50489,49496,55732,52202,2918,12065,966,2100,5338,26754,0
100000,1,3,1,34,-1,-1,-1,-2,-1,-1,24027,18565,24557,0,24750,22590,16389,13559,16488,0,18081,9632,0
80000,2,1,1,32,-2,0,0,0,0,0,0,9059,7054,6353,7077,6116,0,2407,3796,5538,1417,5900,0
170000,2,1,2,33,-2,0,0,0,0,0,0,77163,83336,94139,85563,65659,0,47843,79123,72711,45512,32220,0
160000,1,2,1,43,0,-1,0,0,-2,0,25496,30644,21371,20229,0,22979,11111,21540,15317,17354,0,16658,0
40000,2,1,2,33,0,0,0,0,-1,-1,11862,9366,10179,9084,9387,8380,8933,8165,3228,8206,7939,6084,0
210000,1,1,2,48,-1,0,-1,0,0,0,98884,102727,60547,86708,72779,82641,49255,72214,56419,69959,34750,37625,0
60000,2,2,1,38,1,2,2,0,0,0,10874,12659,11221,11378,11667,10562,359,55,352,1530,4639,3363,1
100000,2,2,2,50,-2,0,0,0,0,0,0,41475,33187,46501,38446,34403,0,8968,24164,6720,15730,22228,0
110000,2,1,1,46,1,1,1,2,3,6,103038,87953,125165,107915,95004,98380,9138,9931,37314,3591,4983,33217,0
80000,2,1,2,42,0,1,0,0,0,0,25781,32815,35636,28606,29864,27131,14874,6004,17558,23531,25788,7727,0
220000,2,2,2,37,0,0,0,-1,-1,-1,57336,50668,46155,47771,49177,48077,23471,15226,42846,38810,36750,28998,1
60000,1,3,2,36,-1,-1,0,0,0,0,28444,25910,24436,26858,33607,31000,2230,16734,5724,18628,21217,24763,0
90000,1,2,2,54,-1,-1,-1,0,-2,0,69346,80177,61667,50802,0,43620,33436,44924,29690,26007,0,42380,0
40000,1,2,2,39,0,0,0,-2,0,0,18007,14407,12776,0,14049,17411,9495,10444,6473,0,7913,12393,0
190000,2,1,2,35,0,0,0,0,0,0,91331,98128,100913,105232,106331,104732,67253,32543,79458,87898,20359,54903,0
120000,2,2,2,33,1,-2,0,0,0,0,21699,0,29916,20872,24459,21782,439,0,9579,16449,11301,11406,1
110000,2,3,2,79,0,0,-1,-1,0,-2,63066,63415,56570,51463,55923,0,40283,57802,52629,15826,27131,0,1
40000,1,2,2,31,0,-1,-1,-1,-1,-1,17114,16358,11503,16419,14137,15924,10603,11180,3856,9127,7364,15570,0
250000,2,2,1,34,0,-2,-1,-1,-2,-2,135242,0,118591,149614,0,0,114449,0,49671,109273,0,0,0
80000,2,3,1,39,-1,-1,-1,-1,-1,-1,39868,36849,46049,35209,33053,35044,35917,28637,37473,9342,31738,28871,0
230000,1,1,1,30,2,1,0,-1,-1,-1,54817,63127,54072,45112,50996,52183,3117,388,22103,21402,45900,15895,1
120000,2,2,2,35,1,0,1,0,-1,-1,73627,95091,55237,76865,62559,74984,4863,18495,6201,55122,47455,58196,0
80000,1,2,2,33,0,-1,-1,-1,-1,0,39294,41817,40777,37572,38603,38639,31178,27860,31906,23049,37341,14227,0
80000,1,3,1,47,-1,0,-2,0,0,1,29817,31627,0,26859,26190,26421,18728,16690,0,13757,8306,235,0
100000,1,3,2,41,0,0,-2,-2,0,-1,22673,24951,0,0,23455,27717,16399,17180,0,0,22994,24144,1
150000,1,2,1,38,1,0,0,-2,-2,0,171021,169710,135734,0,0,132889,11611,124995,89984,0,0,114623,1
40000,1,1,2,30,-1,0,0,0,0,0,9962,9601,12303,11107,9348,7476,3782,6923,5971,7696,8155,3324,0
80000,1,1,2,52,0,0,1,2,0,0,26183,20595,23141,27138,27299,23431,14612,12136,78,9955,5438,12185,0
200000,2,2,3,49,0,0,-2,1,0,0,100104,110372,0,102712,97511,84013,81175,41369,0,32711,12390,47081,0
60000,1,2,2,32,3,1,1,0,1,0,31318,31100,38793,34240,34403,34190,3565,329,915,17201,4598,21481,1
120000,1,1,1,52,1,1,1,0,0,0,62034,62073,58262,63691,49193,57265,3217,6154,2513,8006,39514,44184,0
130000,1,3,1,39,0,-1,-1,-1,-1,-1,34735,24695,25171,35073,35803,33049,10401,15275,12703,30276,18749,9871,1
350000,2,2,2,34,0,0,1,0,0,0,173673,125360,144007,109520,131109,124501,87878,79040,215,73104,101021,113023,0
90000,1,1,2,30,-1,0,1,0,1,-2,4003,3214,3389,4198,2805,0,1422,1180,410,4076,115,0,0
30000,2,2,3,30,0,0,3,1,-2,3,22186,23857,17732,13486,0,19813,17581,14031,334,3385,0,802,0
180000,1,1,2,40,-1,0,-1,-1,-1,-1,127859,136456,122816,108195,132061,111050,51620,118943,45639,90007,117454,87049,1
50000,2,1,1,44,0,0,0,-1,0,-1,40143,29042,31995,31113,37415,37761,29257,25585,25696,15507,15565,17379,0
290000,2,2,2,40,0,0,-2,1,0,0,165736,176317,0,120251,174106,128633,142870,155238,0,2774,148671,70295,0
30000,2,2,1,30,-1,-1,-1,-1,-2,0,3234,3345,3503,2555,0,2891,292,2454,3020,2227,0,2447,0
110000,1,1,1,34,-1,-1,0,-1,-1,-1,49256,40562,42346,40879,48598,37084,42443,11536,34120,14734,32291,18786,0
330000,1,2,1,51,0,0,0,0,0,0,48479,33184,31967,52206,35269,40884,19173,17713,23387,26723,6491,12341,0
250000,2,2,1,38,0,0,0,0,0,-1,35505,38198,34559,33148,37311,43051,22757,10031,20929,18681,17205,23237,0
180000,2,2,2,30,-1,-1,-1,-1,-1,-2,75095,57383,81951,87076,66989,0,58302,47513,40957,26203,40667,0,0
90000,2,2,2,44,0,1,0,0,0,0,19584,17951,20643,20096,23786,18720,13298,2186,17482,10879,17930,13281,0
760000,2,3,1,51,-1,-1,-1,0,0,0,52317,41585,54543,38878,47865,40106,31135,32627,42516,30109,10835,30706,0
170000,2,1,1,33,0,-1,0,-1,-1,-1,13253,11415,9894,13065,10864,12412,8416,4109,3971,11848,4576,7736,0
70000,2,2,1,32,1,0,0,0,0,0,50846,60155,65822,56230,49434,40101,1231,47079,55452,19592,34657,13403,1
230000,1,3,2,41,0,0,0,0,-1,-1,16433,16120,15339,15915,13791,9387,13622,9218,7595,4774,3977,7135,0
110000,2,2,2,41,-1,-1,-1,-1,-1,-1,74985,68499,65290,58218,59780,59102,57078,29085,47250,23990,45229,34520,0
390000,1,2,2,36,2,2,1,1,0,-2,216869,211015,176395,176480,160778,0,13562,25677,2232,2368,151771,0,1
120000,1,3,1,43,-1,0,0,0,0,0,16858,19121,19325,17327,15405,15586,9537,14400,16720,12340,8295,11536,0
230000,1,2,2,37,-1,-1,0,-2,-1,-1,139215,149107,155724,0,137512,155592,56470,48779,107428,0,39166,119630,0
70000,2,3,1,38,0,-1,-1,-1,-1,-1,26449,24508,26927,27214,16382,25021,22935,22585,15519,13378,10967,10744,0
270000,2,1,1,45,0,0,-1,-1,-1,0,147685,162229,124169,141408,140053,186106,89042,141285,120495,32232,57341,148191,0
270000,2,3,2,36,0,0,-1,-1,-1,0,81562,51363,63507,67765,55850,54729,44584,27241,33185,23055,20313,31562,0
620000,2,1,2,41,-1,0,0,0,0,-1,93595,101560,74305,73685,77085,79694,34492,95279,40738,52593,75108,24571,0
130000,2,1,2,34,0,1,0,0,0,-1,108989,78240,76881,85900,85278,84989,96578,2629,39754,70287,59506,27857,0
80000,2,2,2,33,0,0,0,-1,-1,-1,36069,34438,32362,41303,28596,35960,29561,11088,28017,26920,15015,19167,0
70000,1,2,2,39,0,1,0,0,0,-1,30645,34001,30805,24642,30949,30699,14946,13104,28364,5915,24049,6261,1
60000,1,2,1,61,0,-1,0,1,0,0,58187,66057,54678,66735,58709,53729,27685,14816,30841,38051,38670,28703,0
150000,2,2,1,33,0,0,0,-2,0,0,48189,43932,44428,0,47759,43260,14150,32324,31328,0,31980,34363,1
490000,2,3,2,32,-1,-1,-1,-1,-1,-1,278764,321894,235405,345950,209868,270052,159983,150210,166741,201671,162314,153976,0
80000,2,2,1,41,-1,-1,-1,-1,0,0,3398,4369,2987,3503,3466,2387,1814,3668,1993,2179,1411,2124,0
240000,2,1,1,43,-1,-1,-1,-1,-1,0,108095,105436,103488,89579,91334,118553,36310,64286,27558,26290,89415,99723,0
100000,1,4,2,52,0,1,0,0,0,0,24066,18128,24857,18859,25979,20882,8031,175,15037,15126,16967,15879,0
60000,2,1,2,33,-1,0,0,0,0,-1,7478,11309,8121,7956,8226,7185,6070,7736,2561,6946,5690,4583,0
250000,1,2,2,43,1,0,0,0,1,1,147366,113020,126663,105247,75224,124474,31647,98202,39698,96975,1198,12434,0
60000,2,3,1,34,0,0,0,-2,0,0,3649,3914,5071,0,2884,3097,2373,3283,1432,0,1548,2103,1
300000,1,1,1,31,0,0,0,-1,0,0,34739,29562,34217,36797,32835,33461,20272,19495,16097,26150,23371,20441,0
150000,2,2,1,31,-2,-1,2,0,1,0,0,70420,66015,61615,63954,65777,0,53187,769,34121,1363,64370,1
70000,1,1,2,31,0,0,0,1,0,0,56155,30754,43794,40324,37416,36998,37495,14075,16576,5215,5133,29298,0
70000,2,3,2,31,0,0,0,0,0,1,10840,12644,13724,13436,15312,11714,6545,7488,11937,12251,8914,1995,1
100000,1,1,2,37,0,0,1,0,0,0,48595,43080,40339,50724,49492,35299,34297,35185,5525,16103,16527,20236,0
100000,2,2,1,33,0,0,-1,0,0,0,42405,48250,42925,43127,53677,38444,15489,31192,21880,22758,27430,9743,0
240000,2,2,1,31,0,3,2,1,0,-1,165752,165633,114386,123909,167283,155525,111097,5148,2178,20514,115077,125517,1
390000,2,1,1,47,-1,0,2,1,0,0,141230,195076,169728,161184,202757,132576,94980,155144,8549,30391,126458,122547,0
110000,1,3,2,31,2,1,0,0,0,0,66573,52315,59495,50489,60471,74651,6159,11634,42928,37532,16576,60669,1
70000,1,2,1,33,0,0,0,0,0,0,12943,14268,15600,11065,13977,12599,10537,5641,11993,6072,8077,6778,0
150000,1,1,1,30,0,0,0,0,-1,-1,8704,9641,11897,10705,10120,12313,3170,7088,8691,2958,7957,9445,1
10000,1,2,1,31,1,-2,2,2,-2,3,3854,0,3664,4038,0,4561,205,0,251,39,0,1,1
170000,1,2,2,32,-1,-2,0,0,-1,0,82401,0,94573,98983,101534,85786,16764,0,78954,58570,77321,13270,0
120000,2,1,2,48,0,-2,-1,0,0,0,28190,0,25472,22307,17251,20297,11120,0,18879,20615,7905,13115,1
210000,1,1,1,30,0,0,0,0,0,0,22502,24799,26384,24672,24807,23267,8641,20303,4908,16467,20642,9301,0
60000,2,3,1,33,-1,0,0,0,0,0,24418,24156,17890,18833,19621,24707,20966,9051,13997,3445,4873,13867,0
120000,2,3,1,30,2,1,1,0,-1,-1,21658,19255,16668,19368,25048,21331,4266,920,2094,10965,10213,3204,1
50000,2,2,2,39,0,0,0,0,0,-2,5466,6006,6094,6595,6895,0,2980,5349,3743,2870,5093,0,0
120000,2,2,3,33,0,-2,0,1,0,0,43853,0,46856,39451,49571,41106,28754,0,14733,8393,6472,39455,1
230000,1,2,2,56,0,-1,-1,0,0,-1,146902,193729,192755,197485,156862,175777,59997,99008,147275,131770,25839,42946,0
310000,1,1,2,32,-1,-1,-1,-1,-1,-1,13585,9703,9864,12037,9993,10490,7021,8424,6049,5041,8257,7355,0
230000,2,2,1,35,0,-1,-1,-1,0,0,29491,22940,26361,37307,26498,32721,18320,14642,12203,17060,10752,15842,1
50000,1,1,1,43,0,0,-1,-1,0,0,26250,22370,30592,23261,24017,26087,21450,14954,23882,14157,10499,18425,0
160000,2,2,2,41,0,0,0,-2,1,-2,32364,29682,25244,0,34073,0,20265,28083,22826,0,3620,0,0
240000,1,2,2,40,-1,0,0,1,0,-1,50703,42467,54434,39470,41252,38413,28369,13702,30315,10121,41039,32879,0
160000,1,1,1,40,-1,0,0,-1,-1,-1,18041,13795,17155,15665,15865,17210,14012,11086,13414,7625,6110,12673,0
210000,2,2,2,55,-2,0,-1,-1,-1,-1,0,109255,87001,63776,55807,73004,0,68251,74825,40211,48748,58614,0
40000,2,3,1,43,-2,0,1,0,1,0,0,14184,13438,13511,11428,13222,0,9969,764,8172,643,8720,0
70000,2,2,1,31,-2,-2,0,0,0,2,0,0,15281,15993,17026,19486,0,0,12856,9732,3796,1214,1
220000,1,1,2,35,0,0,-2,0,0,-1,50906,62016,0,46839,38232,45778,41393,53554,0,43630,35993,36111,0
70000,1,2,1,30,-1,-1,-1,-1,-1,-1,31061,34778,27205,20994,30796,33397,11052,25985,21695,2850,26681,21041,0
190000,1,1,2,33,0,1,1,0,0,-1,60458,41161,67267,47311,57144,35783,16132,971,275,26852,50162,18827,0
230000,2,1,1,34,0,-2,0,-2,-2,-1,156082,0,122960,0,0,139290,115267,0,72776,0,0,95785,0
30000,2,1,1,48,-2,0,0,-1,-2,0,0,11702,8414,10884,0,11286,0,7981,3314,6998,0,6382,0
80000,1,3,2,53,1,2,2,0,1,0,33676,39721,34658,35651,31928,26892,2721,9512,563,20992,195,22648,0
210000,1,1,1,43,-1,-1,-1,-1,-1,0,27656,28837,26048,24518,21323,26444,18635,17441,20818,16774,6130,15246,0
470000,2,2,2,50,-2,0,0,0,-1,-1,0,138142,123508,104878,141520,129870,0,83689,89804,86361,73027,78385,0
40000,1,1,1,35,-1,0,-1,-1,-1,-1,11468,14596,13559,11518,12238,9185,7792,8368,9761,5450,4712,6168,0
40000,1,2,1,31,0,0,-1,0,-2,-1,3519,3325,2574,2879,0,3025,1831,1933,2230,2026,0,1788,0
650000,1,1,2,40,-2,1,0,2,0,1,0,55820,62851,54064,64874,41143,0,11499,20833,6995,50089,255,0
250000,1,2,2,39,-1,-1,-1,-1,-1,-1,131066,195665,210569,188713,163025,207861,68055,130908,208249,139452,70233,148191,0
210000,2,1,2,32,0,0,0,1,0,0,39613,29835,37463,42508,37104,34662,30387,11452,18907,4693,14041,4461,0
100000,1,2,1,33,0,0,0,-1,0,0,78995,92684,81728,82811,86023,74286,33248,86605,39735,31295,71289,39330,0
70000,1,1,2,34,0,-2,-1,-1,-2,-1,43165,0,34478,41914,0,32335,31574,0,30140,25328,0,27355,0
200000,2,2,1,45,1,2,0,0,1,-2,72608,64649,84333,70331,66228,0,4027,7936,20344,45511,3229,0,1
100000,2,2,2,42,0,-2,0,0,0,-2,7418,0,6267,7270,5850,0,6830,0,4274,4931,5109,0,0
20000,2,2,1,34,0,0,-2,0,0,0,9389,7361,0,6212,7192,6948,3400,2810,0,4587,3244,4324,0
50000,2,1,2,47,0,0,0,0,0,-1,8232,10608,10484,6272,6864,6997,6864,9213,7393,793,2163,2315,0
90000,2,2,2,58,-2,0,-2,0,0,0,0,16048,0,12560,12673,13652,0,13284,0,9231,6273,12129,1
190000,2,2,2,48,0,-2,0,0,0,-1,76845,0,60716,39177,59534,56015,54456,0,36729,29371,30542,39974,0
100000,2,1,2,50,0,0,-2,0,0,-1,12362,10588,0,11424,10956,12933,9032,8609,0,3803,2644,7059,0
200000,1,1,1,37,0,-1,0,0,0,0,124552,125356,125531,121145,118221,132591,113381,100335,107091,86906,76626,82503,0
90000,1,1,2,31,0,0,0,-1,0,-1,23451,24426,22778,24771,23583,21927,20883,3680,14359,12552,12590,12576,0
60000,2,1,1,32,-2,2,-2,1,0,-2,0,20543,0,21486,21160,0,0,215,0,149,14879,0,0
270000,2,1,2,33,0,-2,-1,-1,-1,-1,80884,0,62530,64724,80929,61623,61745,0,26187,44999,49189,41898,0
50000,1,1,2,36,2,2,0,0,-1,0,31834,22440,20134,19839,21867,22062,3923,725,12883,7987,11148,14145,0
210000,2,3,2,38,0,1,1,-2,0,0,89319,91189,82245,0,82530,76886,59590,5020,11338,0,61116,72821,0
230000,2,3,2,42,0,0,0,-1,-1,0,65947,64059,70698,75504,74032,62903,51480,26612,30761,66516,33420,11637,0
40000,1,2,2,31,-1,0,0,1,0,1,14563,11661,10051,12292,12500,9652,7054,5476,2366,171,8824,646,0
130000,2,3,2,38,2,2,2,1,3,2,55975,65451,71934,56038,78022,53819,8303,8195,2875,114,14754,802,1
80000,1,3,2,54,0,0,0,0,0,-1,40112,31786,26908,33464,26723,23901,9786,26382,11651,18033,13027,19286,0
470000,2,1,1,44,0,-1,-1,-1,-2,-1,2297,2180,2131,1810,0,1850,988,1652,1345,1127,0,1738,0
60000,1,2,1,31,0,1,0,0,1,1,21211,17580,19057,18117,16731,17030,12027,5171,8940,17533,3268,3113,0
50000,2,2,1,51,-1,0,0,0,0,0,29835,32410,29979,37511,28034,31198,10208,29578,15563,15564,21512,10689,0
80000,1,2,1,47,1,1,0,-2,0,0,28625,22125,24367,0,26670,22248,19,2594,10576,0,15327,10170,0
730000,2,2,2,40,0,-2,0,-2,-1,-2,419491,0,348744,0,354412,0,395967,0,186497,0,146153,0,0
70000,1,2,1,53,0,0,-1,0,0,0,13272,14867,10496,14643,12094,11607,6911,11502,6303,7786,10828,7312,0
460000,2,1,2,50,0,0,-1,-1,-1,0,157534,159114,154911,159611,116758,126610,36571,97337,66414,83570,84567,111871,0
20000,2,1,2,49,0,1,1,2,2,2,2589,2270,2589,2640,1877,2199,1894,551,112,88,68,240,0
60000,1,2,1,60,0,0,1,0,0,0,14414,12469,13192,13821,13349,9052,10827,10161,269,12211,10322,4599,0
80000,2,1,1,33,1,0,0,-1,0,0,15342,18683,19817,19241,16615,18502,2238,11389,12224,14754,4090,15759,1
80000,1,2,1,31,0,0,-1,-1,-1,-1,41098,32020,41989,36415,41321,42639,28674,24245,31126,11591,38893,25693,1
40000,2,3,2,34,0,0,0,-2,-2,3,38685,26941,32083,0,0,28900,28172,11730,16854,0,0,6399,0
190000,1,2,2,48,0,1,0,1,2,0,48091,38659,41185,27444,41140,40059,37523,1857,32415,556,2424,17294,0
170000,2,1,1,41,-2,0,1,2,0,0,0,58599,68269,58208,57694,42145,0,40437,649,14904,35235,11856,0
60000,2,1,2,35,0,2,0,0,0,-2,29791,24640,38425,33212,27752,0,21259,770,32222,28799,18612,0,1
60000,2,1,2,34,0,0,1,0,0,0,38804,39561,28903,42242,30600,33542,17381,34958,430,22410,27053,12698,0
130000,2,1,1,43,-1,0,0,1,0,-1,34881,24729,30003,31272,27774,27215,30367,22322,22523,764,11670,9699,0
100000,2,3,2,33,1,1,-2,-2,1,1,43490,51780,0,0,36455,34961,6741,4590,0,0,297,905,1
200000,2,1,2,30,0,-2,0,0,0,1,61584,0,69920,85111,58173,62996,50508,0,52759,22163,30279,11330,0
60000,2,3,2,32,0,-1,-1,0,0,0,312,379,362,260,324,360,127,259,255,114,223,243,0
60000,2,2,2,31,1,1,-2,0,0,0,20564,18798,0,15699,14964,18156,826,2152,0,12033,5310,14099,0
50000,2,1,1,35,-1,-1,-2,1,5,-2,20252,31462,0,33497,25146,0,13876,8524,0,3228,1748,0,0
120000,2,2,2,35,0,-1,0,0,0,0,38131,38012,39503,32533,29504,32854,27447,22881,21287,21730,26427,22710,0
60000,2,1,2,53,0,-1,0,0,0,-1,316,357,313,370,446,332,281,281,186,305,389,135,0
70000,2,1,1,38,0,2,2,2,1,1,1765,1936,1729,2112,2032,2040,271,41,5,571,112,27,1
130000,2,2,1,35,0,0,0,1,0,0,61211,50434,61496,46785,44346,49319,44312,23927,13194,22081,23977,36570,0
50000,2,1,2,33,0,0,1,0,1,0,22279,17754,13935,21493,12982,17969,8670,11268,5430,18305,807,14497,1
180000,2,2,3,37,0,0,0,0,-1,-1,33886,48249,47436,36156,46904,39072,11194,22083,33363,10168,42109,22961,0
40000,2,2,2,34,1,1,1,0,-1,-1,16851,19637,23670,11849,23646,19903,88,756,93,10040,18667,4059,0
150000,2,3,2,52,0,0,0,0,0,-1,39499,38914,33842,42269,47084,43093,28086,23369,20564,39893,32629,30641,0
160000,2,2,2,31,-1,-1,-1,0,0,0,21513,24966,23340,21192,19928,21993,8328,10523,15240,19421,12701,7770,0
70000,1,1,2,40,0,-2,-2,0,0,-1,2492,0,0,2667,2380,2708,590,0,0,1630,1180,2097,0
80000,1,3,2,46,0,-2,0,0,0,0,9174,0,7533,7490,10247,8528,5496,0,7160,552,5001,6973,0
40000,2,3,2,44,0,0,0,0,0,-1,14043,14641,18885,14040,16546,15942,1817,11021,18226,2025,7253,13266,1
80000,1,3,2,39,0,0,-2,0,1,1,26182,38542,0,34102,31178,27634,21069,36643,0,24468,654,4459,0
30000,2,3,1,57,0,0,-1,-1,-2,0,4092,3477,3389,3265,0,2951,3173,2828,2715,2922,0,1611,0
80000,1,2,2,38,-1,0,0,0,0,0,49119,39014,47883,44246,59537,34484,45148,32342,35237,42400,39623,17623,0
70000,2,2,2,39,0,-1,0,1,0,0,21276,20248,20331,22997,28394,27379,19690,12489,5134,885,17028,17812,0
140000,2,2,2,34,1,2,2,1,-2,-2,54520,53466,57939,40062,0,0,6327,2667,15576,5753,0,0,0
70000,2,1,2,35,-1,0,0,0,-1,-1,4220,3734,3599,3415,3157,3001,2097,3471,3024,1488,2582,2766,0
180000,2,1,2,33,-1,-1,-1,-1,-1,-1,64527,81275,72184,59107,44029,56882,41459,52958,42830,26961,21559,42115,0
90000,2,2,2,36,0,0,0,0,-1,-1,34735,42472,41763,35768,29101,29413,22461,31212,18677,20842,14827,15354,0
20000,1,1,2,45,-2,2,0,0,0,0,0,2579,2982,3240,2507,3221,0,474,1465,2100,1842,2444,0
40000,2,3,2,31,-2,0,0,0,-2,0,0,3820,2966,3385,0,3552,0,3324,2398,2671,0,2323,0
380000,1,1,1,64,0,0,-2,-2,2,0,238295,176734,0,0,176534,130347,185987,90336,0,0,17781,50631,0
40000,1,1,2,36,0,0,0,-1,0,0,25625,27976,30842,22590,22084,24222,5944,25815,24890,10871,14661,23030,0
120000,2,1,1,52,0,0,0,-1,-1,-1,18318,19556,22054,24610,20216,23328,9538,8676,10721,22819,9288,21262,0
110000,2,3,1,36,0,2,3,3,2,0,19923,17730,17578,18952,17497,18751,6119,3205,4431,1679,1741,5469,1
130000,1,1,2,57,0,0,0,-1,0,-2,86821,66019,72674,72168,59881,0,75043,45058,54190,30661,22190,0,0
120000,2,2,1,30,1,0,-2,-1,-1,-1,75078,68734,0,65174,75782,84787,4291,54437,0,56848,57661,46508,0
100000,2,2,1,38,0,1,0,1,2,1,69687,48583,45237,59123,41861,45811,29858,6259,9906,1410,7397,2937,0
30000,2,3,2,54,0,0,0,-1,-2,-1,4783,3946,5615,4305,0,4856,1555,2026,5199,283,0,3139,0
50000,1,2,3,33,1,1,0,0,-1,0,10333,10165,8536,9990,11774,11187,491,379,1399,8586,8496,8572,0
50000,1,1,1,48,0,-2,0,-1,-1,-1,12562,0,12227,7043,9644,13111,1914,0,11199,4417,7247,10991,0
250000,2,3,1,35,-1,-1,-2,-1,-1,0,16808,16320,0,13052,17153,20099,6656,13641,0,6575,5571,14453,0
30000,2,2,1,39,-2,1,1,1,1,1,0,13664,15742,14693,12536,11292,0,373,2575,523,821,1318,1
210000,2,2,2,32,0,-1,-2,0,0,0,45218,39127,0,41949,39904,31790,28978,34069,0,20730,38909,24129,0
80000,2,1,3,39,-1,-1,0,0,0,-2,72375,65450,64741,60746,56289,0,23025,28792,35826,37180,52853,0,0
60000,2,3,2,53,-1,0,0,0,0,0,6211,6355,5009,5718,4261,5687,3451,3968,4144,4907,1189,4649,0
80000,2,3,1,50,-1,-1,-1,0,0,0,4455,4062,5088,3430,6434,6074,2577,3298,3734,2462,3283,861,0
50000,1,1,2,33,-2,0,3,2,2,0,0,15154,18617,18139,16537,16734,0,14021,1249,6272,182,11345,1
190000,2,1,1,37,1,0,-2,-2,-1,-1,104296,127559,0,0,99409,92843,4612,110325,0,0,87240,41163,0
90000,1,1,1,30,0,0,0,1,0,-1,28220,28045,25374,20377,23083,24379,19438,15093,5980,1086,15526,14354,0
130000,1,2,1,30,0,0,1,2,0,0,49121,44447,48766,35278,39290,40146,28101,40226,171,8021,22385,39108,0
160000,2,1,2,39,-1,0,0,0,0,-1,56919,56246,67400,51092,62144,59019,44877,38522,30086,26787,50503,41211,0
40000,2,3,2,42,1,2,2,2,1,3,18785,15525,16660,14979,13608,16783,297,22,711,1683,803,752,0
80000,2,3,2,33,0,1,2,-2,0,0,31351,30054,30426,0,23136,25785,9888,583,4081,0,18834,14638,1
190000,1,1,1,42,0,-2,0,0,0,0,52791,0,58936,45203,48320,50080,40126,0,26760,36986,22827,44058,1
310000,2,2,1,40,-1,-2,-1,-2,-1,-1,110995,0,114319,0,136680,66802,54685,0,37251,0,73391,66386,0
80000,2,1,2,36,0,0,0,0,0,0,45384,43526,31741,42729,30257,43610,24570,32788,21248,22405,24216,30900,0
30000,2,2,2,30,0,0,1,1,0,0,10860,12248,11918,14117,11928,12700,5232,3755,479,1526,9436,5492,1
40000,2,2,1,33,0,-1,-1,-1,-1,-1,2246,2036,1960,2347,2529,1803,1980,522,963,1375,1491,1303,0
140000,1,1,2,30,1,0,0,0,0,0,97370,81817,110443,91077,99131,95700,10721,49604,25015,32690,17015,61692,0
90000,2,3,2,31,1,1,-2,2,-2,0,51778,50157,0,43252,0,41283,14036,1630,0,11630,0,26212,1
60000,2,1,1,33,0,0,0,-1,0,0,19522,17091,18070,12740,12269,10508,10387,14986,4998,5163,10970,3655,1
60000,2,1,2,32,0,0,0,1,-2,0,16870,18823,9808,13924,0,12983,11794,7145,7342,1479,0,2648,0
70000,2,1,2,40,-1,0,0,0,0,1,16299,16608,15479,14765,18489,12897,12636,11600,9718,1747,12217,1949,0
860000,2,1,2,33,-1,-1,-1,-1,0,-2,459876,572186,437509,444901,386822,0,207279,227102,146663,256856,210214,0,0
60000,1,2,2,31,-1,0,-2,1,0,0,27552,22327,0,21094,23621,21187,8078,18857,0,3140,15007,10916,0
370000,2,2,2,37,-2,0,0,0,0,-1,0,212545,171275,210773,197798,178711,0,78265,92445,120175,161832,130341,0
90000,2,1,2,36,1,-2,-2,0,0,-2,14089,0,0,11102,12869,0,2755,0,0,6111,11601,0,1
190000,2,2,1,30,-2,0,0,0,0,1,0,55509,55756,58155,57639,54243,0,24150,37003,16347,33516,2760,1
130000,2,1,1,36,-2,0,-1,-1,-1,0,0,31664,41148,30466,35963,31502,0,9401,36622,22544,30555,18078,1
720000,1,2,1,42,1,-2,0,0,-1,-1,313011,0,276544,287519,263784,269979,12609,0,222809,201149,162107,97828,1
130000,2,2,2,30,0,2,1,0,1,1,76,52,50,63,59,46,19,6,2,30,5,6,0
120000,1,3,1,30,1,0,0,-2,0,0,156962,116117,123822,0,154878,103794,7073,64215,74524,0,131023,63897,1
100000,2,2,1,36,-1,-1,-1,-1,-1,-2,70514,68451,72392,67546,68861,0,22243,51460,51105,38322,62325,0,1
180000,2,2,1,33,-1,0,-1,0,0,0,75815,82650,89914,61780,82140,70457,52644,42076,79183,56385,71739,62376,0
180000,2,1,1,45,0,0,0,0,0,-1,66539,78206,78642,78938,55769,53328,22889,32248,54714,38901,35460,36130,0
150000,1,2,1,36,-1,0,0,-2,0,-2,27458,24645,25148,0,25639,0,19021,8878,23382,0,11990,0,0
50000,1,2,2,49,-1,0,-2,-1,0,0,11885,12107,0,16116,14590,14339,6927,7789,0,3939,12712,9685,0
110000,2,3,1,31,1,0,0,2,1,1,66628,75922,84364,57362,52655,65569,6767,19842,57246,335,1021,7144,0
20000,2,2,1,35,1,1,0,1,0,3,14401,12221,9146,9812,9783,11564,3740,1998,6469,10,8756,584,0
210000,2,1,1,44,1,0,0,-2,-1,-1,136047,133605,117993,0,116645,122878,16114,102234,103965,0,104283,91645,0
60000,2,2,2,57,0,-1,-1,0,-1,-1,8007,6199,7000,7921,7916,6409,2317,1459,2479,1842,4008,1662,0
240000,2,2,1,42,-2,-1,-1,-2,0,-1,0,179253,177263,0,115001,172488,0,70525,86540,0,45952,153388,1
200000,1,2,1,44,-1,2,0,1,0,1,62672,69890,60757,53812,53547,59559,34914,25,47028,2883,49462,1425,0
20000,2,2,1,32,0,0,-1,-1,-1,-1,5296,5450,5272,4331,5745,4607,1166,4227,2050,3021,4791,4191,1
90000,2,2,2,40,0,-1,-1,-1,-1,-1,42654,48176,38376,37026,33031,44573,27068,22358,29067,29746,20958,17517,0
230000,2,3,2,38,-1,-1,-1,-1,-1,-1,28443,27049,23471,25497,22918,19550,18761,10983,5682,24137,22380,2774,0
450000,2,3,2,37,1,1,0,0,0,-2,283756,262225,317295,255858,222415,0,8735,26186,69178,102480,173769,0,1
100000,2,3,2,35,0,0,0,1,1,0,20378,22321,18344,19091,20731,20397,16026,6133,13109,371,1169,9968,0
140000,2,1,2,47,0,0,1,0,0,0,27194,27270,24237,30615,30585,27282,20928,15619,4115,14922,22018,25014,0
410000,2,2,1,39,-2,0,1,0,-1,-1,0,55747,49425,51297,50743,42492,0,15629,1160,41600,25252,29628,0
50000,2,2,2,34,-2,-2,0,0,0,0,0,0,18662,19089,18348,16347,0,0,11811,3475,4039,12119,0
100000,1,1,1,32,0,-1,-1,-1,-2,1,7997,9136,9683,8306,0,8001,744,5376,3016,820,0,1458,0
150000,1,2,1,47,0,-1,0,0,0,0,63311,75774,53960,95657,75635,70633,24273,15369,21246,77415,63359,38827,0
110000,1,2,2,39,1,2,1,0,0,0,67312,42821,65292,65743,69819,66705,220,5365,972,52887,32340,44697,0
140000,2,2,2,41,0,0,0,1,1,-2,37848,36418,36099,32164,34341,0,19344,6580,20279,6692,1684,0,0
60000,2,3,1,31,0,0,0,0,-2,-2,10145,8950,7548,7349,0,0,6863,5984,6347,3257,0,0,0
350000,1,2,2,52,0,2,1,0,0,0,104803,96190,115514,116258,92285,96223,27967,182,6557,93842,33693,22714,0
120000,1,2,2,42,-1,0,-1,-1,-1,-1,13540,13384,16775,14082,15341,13111,12064,11279,14661,4246,9372,7432,0
110000,2,2,1,34,0,0,-2,-1,-1,0,10716,9616,0,10422,10664,9608,7254,7701,0,8638,9174,3529,0
30000,1,2,1,35,-2,0,-1,-1,-1,-1,0,11556,13265,10406,10793,9347,0,10279,12842,3482,8691,8722,1
70000,2,3,1,42,0,1,2,-2,0,0,42887,36448,40567,0,39286,39636,35704,3701,3738,0,12314,34907,0
100000,1,3,2,56,0,-1,-1,0,0,0,32755,33978,29865,35097,30742,33760,16653,19079,12156,20817,17823,18672,0
70000,1,1,1,30,1,-2,0,0,0,0,24164,0,26858,28017,28274,21647,1939,0,22012,26573,20547,20694,0
240000,2,1,1,32,-1,-1,-1,-1,0,-1,129943,102857,130436,102234,102537,90979,58428,84906,53627,100780,77389,54877,0
80000,1,1,1,42,0,0,0,-1,-1,-1,9522,15527,10617,9660,10577,9484,8145,11559,5739,4674,5203,1533,0
90000,2,3,2,30,3,2,1,0,0,-1,20847,19277,21384,23621,18165,13947,5949,61,5425,5770,13060,8853,1
460000,2,2,1,38,-1,-1,-1,-1,-1,-1,73377,66673,46738,46564,42082,57356,10629,60172,37385,19760,12384,20136,0
110000,2,1,1,33,2,1,0,-1,-1,-1,19531,22365,17054,14550,17021,13987,1586,984,3072,10896,12303,12178,1
110000,1,2,2,35,0,0,0,0,-2,0,30677,34972,31058,30454,0,32284,29825,23066,10961,29093,0,22343,0
80000,2,2,2,43,-2,-1,-1,-1,-2,0,0,11830,7937,9819,0,8086,0,8444,688,5468,0,5520,0
70000,1,1,1,33,0,-2,-2,-2,2,1,1391,0,0,0,1265,774,1033,0,0,0,418,106,0
70000,2,1,2,46,1,0,0,0,0,0,38270,61661,45185,36525,46034,49651,3675,37022,12672,20535,28608,26009,0
190000,2,3,2,39,-2,0,-1,-1,-1,-1,0,102418,80596,73025,78047,96255,0,87063,55802,41764,58246,70613,0
80000,2,3,1,34,-2,2,0,0,0,-1,0,58335,49135,42242,59128,44924,0,15717,21401,37392,10601,34913,0
80000,1,2,1,59,-1,0,0,-1,-1,0,20979,18404,17280,14843,16523,13514,15898,4281,12333,6737,5398,9995,0
150000,2,4,2,34,0,0,0,0,0,0,12721,19856,17979,17981,16302,14510,6972,4807,17857,5417,7451,6764,1
150000,2,2,1,34,0,0,0,-2,-1,-1,87354,86347,84245,0,86184,94623,31731,44482,31139,0,49757,89760,0
130000,1,3,2,56,-1,0,-1,0,1,-2,6911,7881,6609,7023,6102,0,5006,4499,3837,5844,658,0,0
60000,1,2,1,34,-1,0,1,0,-2,0,8041,12087,8825,6249,0,8846,7701,8392,656,3581,0,7346,0
110000,2,2,1,50,0,-2,0,2,0,0,7152,0,7149,4343,6715,6541,5312,0,3005,761,4253,1675,0
70000,1,2,2,38,0,0,1,0,2,2,20627,22771,17720,15478,17632,20094,6667,9728,1491,11201,3114,1861,0
100000,2,3,1,44,0,-2,1,-2,4,-2,40346,0,47270,0,41276,0,24451,0,1157,0,6091,0,0
30000,1,2,2,34,1,1,-2,1,0,-2,19513,28108,0,23463,15113,0,1757,9281,0,4191,9919,0,1
30000,2,1,1,34,-1,0,0,1,0,1,12452,10692,10239,12811,11007,11405,11722,6955,8029,973,4304,1438,0
20000,1,2,1,34,0,0,0,-2,-1,0,8340,9897,9868,0,9463,7869,1930,6339,2127,0,6919,2200,0
150000,2,2,1,30,0,-1,0,0,0,-2,17883,12773,14998,18272,15522,0,17568,4753,13637,15169,9262,0,0
80000,2,2,2,30,3,1,1,0,0,-1,11376,14829,13564,14453,11808,15195,1864,3214,4258,13235,1767,4174,1
70000,2,1,2,33,-1,0,0,-1,-1,-1,14621,14866,15968,15470,12832,14682,8767,4153,15490,9889,8839,11438,0
130000,1,1,2,45,-1,0,-1,-1,0,1,74042,80199,59161,43796,57144,62326,29682,44883,50164,28895,29295,4941,0
140000,1,1,1,36,1,0,0,0,0,0,44362,56730,60170,41713,38991,45402,1423,8717,32568,30310,35205,30361,0
180000,1,2,2,37,0,0,0,0,0,0,37154,38476,52076,50960,42095,31922,35720,15703,28364,7639,34714,15892,0
80000,2,3,1,33,0,0,0,1,2,-2,28553,22433,21187,21292,17781,0,16123,20760,9466,2090,4920,0,0
40000,1,1,1,37,0,0,-2,0,1,1,16821,15005,0,14930,15205,10594,12758,10425,0,11220,1882,1643,0
100000,2,2,3,36,1,3,0,0,0,0,82750,47311,62914,58356,73353,51186,1747,418,31618,38760,43275,29809,1
50000,1,3,2,34,2,2,1,0,0,1,40008,37505,42382,30293,32301,26476,987,1932,7188,12596,2760,1278,1
100000,2,1,2,39,1,1,2,1,2,0,44720,45103,44484,51265,48918,33587,5648,1952,5342,3661,271,31357,1
90000,1,3,1,44,0,-2,0,-1,1,2,68946,0,53748,51836,51208,41553,50476,0,7967,47825,14300,5696,0
40000,1,2,1,37,0,1,0,-2,0,1,1799,1946,2504,0,1876,2132,1613,78,1980,0,1219,222,0
30000,2,3,1,40,0,0,0,0,0,0,3447,2686,2164,3166,2565,2024,1177,1410,1469,695,1267,1466,0
90000,2,2,2,42,0,-1,0,0,0,0,7363,11271,8682,7779,9550,8924,3664,6308,6090,1091,7402,7149,0
140000,2,1,1,41,1,0,0,0,0,0,31161,31020,23721,25742,31856,24752,5452,23043,22098,10369,18337,19104,1
140000,1,2,2,45,-1,-1,-1,0,0,0,65571,72550,69577,66442,41251,50760,36866,23660,60864,45188,39820,35483,0
220000,1,2,1,49,0,0,-2,-1,-1,-2,130109,153210,0,170165,131004,0,95550,111639,0,53943,111518,0,0
70000,2,2,1,30,0,0,0,1,1,0,12662,14957,12504,10644,11558,9740,8251,13663,9517,241,2596,6390,0
450000,2,3,2,42,-2,1,0,-2,0,0,0,65657,79174,0,49640,80750,0,5026,38678,0,26618,61982,0
90000,1,2,1,32,0,0,0,1,0,-1,379,430,426,474,427,420,289,272,297,15,365,366,0
40000,2,2,2,32,0,0,0,1,-2,1,4381,5232,3036,3121,0,3415,2357,4646,1235,662,0,205,0
500000,2,1,1,33,0,-1,-1,-1,-1,-1,129587,97320,112349,121110,107242,111633,30282,72179,51176,104189,44101,80350,0
80000,2,2,1,30,1,0,0,0,0,0,26611,31121,31614,21766,19640,31115,5186,12275,21020,14372,16605,26990,0
50000,2,1,2,32,0,0,0,0,-1,-1,24524,20264,20831,21071,20668,20787,7481,4856,9594,17899,13648,16457,0
40000,2,1,1,31,0,0,0,-1,0,0,10664,8915,8294,10664,9925,9167,4293,8409,6067,7295,9605,3150,0
240000,2,3,1,44,-2,-1,-2,-1,0,0,0,35531,0,41028,39699,38844,0,16358,0,35899,36175,35611,0
20000,2,3,2,37,0,0,0,-1,0,1,6930,7235,6202,6446,7798,7263,5880,6116,3667,1177,4697,266,0
150000,2,2,2,35,-2,1,1,0,0,0,0,16602,15510,14036,13212,14594,0,674,417,12800,2351,8160,0
90000,1,1,2,50,-2,0,-1,-2,-1,-1,0,38858,40379,0,42057,36370,0,38164,36196,0,25820,6753,0
120000,2,2,1,31,0,1,-2,0,1,2,30308,33815,0,25465,28024,23916,22637,430,0,18470,315,5026,0
90000,2,1,2,39,1,3,1,1,0,0,32273,29618,30424,30198,30492,29723,2854,7350,5829,478,19032,17429,1
60000,2,1,1,30,0,-1,-1,-1,-1,-1,3103,3779,3907,3449,3852,3447,1596,2248,2734,1744,2169,2087,0
30000,2,2,1,47,-1,-1,-1,0,0,0,8416,8408,6015,6615,6955,6719,3895,4929,4665,2859,6379,1955,0
30000,2,3,1,35,0,1,3,3,2,-2,12054,13465,11539,8955,11622,0,9052,2455,61,2180,508,0,1
60000,1,2,1,35,1,1,0,0,-1,0,43068,33790,34745,41079,27060,41166,10530,11059,26691,39529,15623,18261,1
150000,2,3,1,48,0,0,-2,-2,0,0,35749,40161,0,0,39018,32328,23303,36828,0,0,5288,14818,0
100000,2,2,1,36,0,0,-2,0,0,-1,37657,46651,0,45741,28038,38575,32038,16576,0,28378,12516,33648,0
180000,2,2,1,48,1,0,1,-2,0,0,121838,126257,99015,0,113809,135894,26803,94223,13856,0,94824,123288,0
170000,1,1,1,47,-1,-1,0,-2,0,0,33553,38111,37004,0,33201,32463,31966,7599,11854,0,12743,29563,0
430000,1,1,2,36,0,-1,-2,0,-2,0,160273,147051,0,145103,0,116067,106545,81340,0,125267,0,92439,0
90000,2,2,1,36,-2,0,0,1,1,1,0,25285,34009,26570,20791,27480,0,22459,11406,2397,109,245,0
40000,2,1,2,43,-2,0,1,2,1,0,0,3321,3776,4271,2357,3971,0,489,738,165,109,1412,0
60000,2,3,2,37,0,0,-1,0,0,0,18268,19982,19248,16380,21590,18287,6597,10360,17519,9217,7747,15594,0
120000,2,3,2,60,-1,-1,0,0,0,0,31274,29044,25408,26498,35419,32953,26088,24930,16732,16489,20170,19492,0
80000,1,2,2,39,-1,-1,0,-1,-1,-1,25470,32734,24640,22370,23962,26347,10839,25853,7271,17327,22967,17343,0
260000,1,3,2,31,1,1,2,0,0,0,115590,117852,108839,105012,91668,91937,19158,7948,7931,29000,64120,67418,1
190000,2,2,1,44,-1,-1,-1,0,0,0,42362,44196,49765,38540,44460,35966,39888,40294,34656,22857,39776,24285,0
40000,1,1,1,44,0,0,0,0,0,0,10500,12605,14134,11007,13922,10935,7070,7889,11031,10583,5529,7433,0
430000,2,2,1,51,0,-1,-2,-1,-1,-1,308989,357349,0,278296,302179,346546,233567,139627,0,33523,173270,290201,0
40000,2,2,2,36,1,1,1,1,-1,0,13548,12553,11128,8246,10931,12565,3227,1251,1178,3370,8607,3891,1
30000,2,2,1,53,1,2,2,1,0,0,11790,12835,11532,9199,10021,10910,50,200,84,409,7805,8015,1
370000,2,2,2,36,1,0,1,2,1,-2,107159,95189,78443,108501,116466,0,7261,56538,15263,23127,6354,0,1
130000,1,2,1,42,-2,1,0,1,0,0,0,51356,55309,59710,40881,42950,0,3457,37653,5051,27844,23485,0
70000,2,2,2,46,1,0,0,1,1,0,47244,66275,49185,45673,48970,48054,2911,62188,26818,7647,8389,30250,0
210000,2,3,2,34,-2,-1,-1,-1,0,0,0,80673,63555,66564,79858,87531,0,64759,35983,32303,56198,20880,1
160000,2,2,1,48,0,0,0,0,-2,-1,123102,143144,142061,108738,0,109277,36968,106378,16000,100141,0,45282,0
100000,1,1,1,52,1,0,0,1,2,1,53918,86298,79098,75101,68280,53569,5285,66333,23295,16972,2107,9084,1
80000,2,3,1,36,2,1,1,1,0,0,30049,28172,30541,34829,30056,25756,2180,15062,18615,2830,18549,19057,1
100000,2,2,2,30,-1,0,-1,-1,-1,-1,13741,13617,15267,8800,12605,14049,10415,7850,6738,2232,8311,13387,0
90000,2,1,1,39,0,1,0,1,1,1,33915,41340,32460,33224,34788,23286,8743,5039,23588,2120,5574,727,0
130000,1,1,2,33,0,-1,-1,-2,-1,-1,86547,100736,89434,0,82061,88432,83720,42260,67215,0,14682,52854,0
170000,1,2,2,34,0,0,0,0,0,0,115625,83824,97827,93179,61142,71252,75052,22956,40374,74527,4323,66291,0
60000,2,2,1,37,0,0,-1,-1,-1,0,8519,16565,11642,12505,13535,11723,4074,13233,5215,7583,3026,4853,0
90000,1,3,3,37,1,1,-2,2,2,3,20964,14010,0,24794,20353,21761,2995,996,0,4819,2959,6380,1
90000,2,4,2,49,0,-2,0,0,0,0,19624,0,16192,17863,15552,15612,6993,0,14347,3230,13323,13637,0
90000,1,2,1,38,-1,0,0,0,0,2,38755,53119,60663,41440,43788,41759,6437,26424,50360,17363,39755,1590,1
60000,2,1,1,37,0,0,0,0,0,0,10693,18020,14502,12348,14212,12717,8006,13943,7495,9858,7434,3636,0
80000,2,3,2,37,0,-1,0,-1,-1,0,20729,28893,17688,18699,20523,23263,2657,9649,11758,8436,16911,17046,0
20000,1,3,2,31,-2,0,1,0,0,0,0,3342,3559,3990,3095,3186,0,3071,807,3496,775,2727,1
70000,1,2,2,35,0,0,0,0,0,0,20440,19256,16170,16405,16746,15342,17684,11841,11127,13655,7724,9126,0
90000,2,2,2,37,-1,-1,0,0,0,0,13356,13601,12966,12698,11030,13006,9233,12119,5520,3568,10626,6945,0
80000,1,2,1,38,0,0,-2,-1,0,0,4818,6184,0,5992,4380,4307,4704,1741,0,1895,2212,4240,0
100000,1,2,1,73,-2,0,0,0,0,0,0,16690,22141,16106,15492,13340,0,10424,12635,6100,13003,11450,0
170000,1,2,1,31,0,0,0,0,0,0,48412,51229,44281,56213,38034,42199,37468,38067,28532,34710,36406,27747,0
130000,1,2,3,44,-1,-1,-2,-1,-1,-1,26715,28544,0,24488,26564,24072,7527,17132,0,18215,14326,7617,0
150000,1,3,2,53,1,3,3,2,1,0,42928,74312,60029,80031,56883,65544,4493,13465,5534,20491,4793,41055,1
130000,2,2,1,31,-2,-2,0,2,1,-1,0,0,89728,85464,70331,64194,0,0,50258,19420,4414,41230,0
90000,2,1,2,41,0,0,0,0,0,-1,13503,15509,11132,10144,12686,11176,8297,6319,8576,8256,7043,9647,0
70000,1,1,2,30,0,0,1,0,-2,0,12469,10362,8464,11038,0,11578,10770,2885,1402,8274,0,5187,0
110000,1,3,2,32,0,0,0,1,0,0,37204,28288,30603,41594,30990,28255,13012,25404,19019,5294,23190,10997,0
40000,1,1,2,34,0,0,0,1,1,1,8293,9962,10234,8275,10865,9427,2259,7487,7042,132,2578,812,1
20000,1,1,1,42,0,-2,0,0,0,-2,15045,0,12207,16192,12574,0,10031,0,2114,3544,12202,0,0
160000,2,1,1,33,1,2,2,1,1,1,52646,62588,40500,41073,39100,35333,608,3837,3613,5036,5628,3657,1
90000,1,1,1,32,1,1,0,1,0,0,78684,68878,85244,64765,88620,78413,2779,1926,56830,21594,31579,35542,0
70000,2,3,2,35,0,0,0,-1,0,0,2992,2868,2542,3579,2891,2993,2592,900,2424,2725,2072,1746,0
100000,1,2,2,45,1,5,-2,0,0,0,51289,60704,0,45942,59940,51317,2105,66,0,24205,42785,45259,0
80000,2,2,2,43,0,0,0,-2,0,0,15898,13837,12893,0,12722,11479,9384,9666,11393,0,6224,5847,0
60000,2,1,1,42,0,0,0,1,1,1,31104,35596,30055,24652,25790,29186,26556,17886,26108,1417,3681,2633,0
40000,2,1,1,42,0,0,0,-2,1,-2,1031,1197,1045,0,938,0,1019,760,894,0,206,0,0
210000,1,2,2,31,0,0,-2,-1,-1,-1,92768,79570,0,81645,75061,72833,61485,67456,0,51770,50001,16999,0
110000,2,2,1,38,0,0,-1,0,0,0,25739,31520,27879,27377,30689,27717,18470,7460,18563,19885,9713,8225,0
80000,1,2,2,33,1,0,1,-1,-1,-1,62344,48654,41735,55480,63573,44012,7195,42948,6158,25689,34136,36305,1
130000,1,1,2,36,1,-2,2,1,1,2,40363,0,34532,34252,37265,37464,990,0,1192,9355,6054,8268,1
190000,2,2,1,33,0,0,1,0,-1,-1,101050,111339,94443,116084,92486,84603,12252,36606,10737,111304,51413,61996,0
120000,2,2,1,48,0,0,0,0,0,0,19010,12296,15335,14413,15780,14316,9567,10484,11761,9461,11740,3297,0
80000,2,2,2,32,0,-1,-1,-1,-1,-1,30641,35549,30960,31497,20471,22468,28728,16349,16147,24522,18191,18902,0
70000,2,2,1,35,0,-2,-1,1,0,1,26765,0,39448,28366,33037,30600,10163,0,33465,2979,18137,882,1
80000,1,1,2,33,0,1,0,0,-2,-1,24609,16908,23198,19687,0,23675,17265,2843,14965,3723,0,8897,0
300000,2,2,1,38,0,0,-2,0,-2,0,116421,148597,0,136581,0,127951,94151,73445,0,60432,0,77822,0
70000,1,1,1,36,-2,1,1,0,0,0,0,7459,7804,7520,7555,7212,0,3716,315,7000,4667,5304,0
140000,2,1,2,41,0,0,0,-2,-1,-1,50602,66704,67350,0,64089,36097,16240,35268,52150,0,15738,31646,0
40000,2,1,2,41,1,1,0,0,0,-1,14068,16095,19327,11779,15440,14752,528,1102,8795,7209,7555,8048,0
60000,2,2,2,31,0,0,0,0,0,0,29937,38284,26717,35810,35895,28037,18824,27007,9273,35549,24135,16037,0
170000,2,3,2,45,-2,0,0,1,0,-1,0,31418,28600,24774,28787,30403,0,26634,1315,7140,8410,15418,0
90000,2,2,1,32,-1,-1,-1,-1,-1,-1,19124,16375,18009,17843,17686,17716,11231,13439,7368,12065,9720,11778,0
80000,1,1,2,44,-1,-2,-1,-1,-1,-1,24678,0,23509,17778,25646,19340,9485,0,16877,12440,15164,18018,0
80000,2,3,1,47,0,0,0,-2,0,0,13063,12154,11014,0,9169,8762,1371,7815,4817,0,7959,4484,0
110000,1,2,1,32,-1,-1,-1,-1,-1,-1,41698,45930,57244,40962,43526,35267,24477,20017,18183,33959,42719,25773,0
100000,2,1,1,30,0,1,1,1,1,1,61802,52262,48789,49645,42847,41823,7184,4039,820,6365,5812,2510,0
330000,2,2,2,44,0,1,1,0,0,1,198091,205943,186760,161287,171394,173540,76209,4275,7057,139097,143690,5825,0
30000,1,2,1,41,-1,0,0,-2,0,0,3583,3275,2088,0,3013,2520,2279,2927,1671,0,2178,1566,0
60000,1,2,1,38,-1,-1,0,0,1,1,28187,29887,31345,25335,26240,36356,24983,22688,23072,4767,3978,643,1
40000,2,3,1,42,-2,0,0,0,1,2,0,5547,5834,7845,6717,8042,0,956,2047,7182,559,26,0
40000,1,2,1,30,0,0,0,0,0,1,6946,4886,5269,4988,5414,5268,1440,2534,4530,4461,4202,1099,1
30000,1,2,2,35,0,-1,0,1,-2,2,1667,1999,1763,1701,0,1753,770,722,1542,78,0,277,0
220000,2,2,1,45,0,1,0,0,-1,-1,17201,15180,16992,17501,13686,14770,14666,210,4545,5954,8112,4613,0
70000,2,1,1,64,0,0,0,0,0,0,1771,1554,1414,1474,1457,1390,1105,1176,689,744,649,528,0
110000,2,2,2,32,-1,-1,-1,-1,-1,0,28547,32235,29116,21998,30077,27292,11679,24017,23069,13382,21430,18963,0
80000,2,2,2,30,-1,-1,-2,-1,-1,0,31381,31538,0,26741,29681,27939,20408,9997,0,23657,7547,18301,0
40000,1,1,1,30,2,3,0,0,-2,2,17357,14885,14373,15193,0,12865,3751,2422,10386,10074,0,299,1
220000,2,1,2,36,-1,-1,-1,-1,-1,-2,102227,101910,119589,99026,113300,0,87277,67858,66668,72435,86913,0,0
110000,1,1,2,33,1,2,0,0,0,0,63111,50765,52419,54050,51022,36405,2218,154,38730,15152,26714,20660,0
150000,2,1,1,53,-1,-1,0,0,-1,0,44108,57937,49443,64016,42104,42575,19636,35039,40921,46635,39838,10762,0
160000,2,1,2,34,-1,-1,-1,-1,-1,-1,37124,25771,38366,33656,36142,40882,24423,17681,23300,31692,28732,24145,0
180000,1,1,1,42,-1,-1,0,0,1,0,77987,91140,87705,67006,56477,58604,51175,88201,36788,51066,4537,19363,0
20000,1,3,2,33,-1,-2,-1,-1,-1,-2,6850,0,8676,7179,6893,0,3167,0,4193,2583,3960,0,0
80000,1,1,2,33,0,0,1,2,-2,2,19209,20190,24964,23529,0,14174,16605,10896,2112,1445,0,17,0
310000,2,2,2,44,3,3,1,1,1,1,92222,93948,81467,122866,101370,72079,22262,8330,17596,23837,194,3572,1
200000,2,1,2,43,-1,-1,-1,-1,0,0,36946,22618,38274,39199,38511,32991,34983,11101,31924,24362,12715,13662,0
260000,2,1,1,39,1,1,-2,1,2,-2,123578,125678,0,154393,141470,0,1205,48964,0,13597,44158,0,0
80000,1,2,1,31,0,-2,1,1,1,-2,20764,0,19311,24041,20994,0,16687,0,551,487,5295,0,0
110000,2,1,2,32,0,-1,0,0,0,0,67914,67248,47190,48345,70413,50861,37135,66149,17601,27709,53809,23990,0
30000,2,2,1,34,0,0,-1,0,-1,0,12909,14366,12724,14191,10985,12883,11711,11107,1896,11295,10283,4397,0
120000,1,2,2,36,0,-1,-1,-1,0,0,30696,39597,39033,31323,34516,35901,21091,33325,28664,24252,20483,34174,0
80000,2,3,2,32,0,0,0,0,-1,-1,5168,3301,3037,3078,3165,3179,3001,1875,1426,2776,1668,2619,0
50000,2,1,2,41,-2,1,0,0,-1,-2,0,6714,4825,7527,6031,0,0,113,4148,3406,5419,0,0
210000,2,3,1,39,0,0,-1,-1,-1,-1,82096,79607,90200,79756,73811,84948,39083,68319,71862,55831,41324,34896,0
100000,1,2,1,43,-2,-1,-2,-1,-1,-1,0,16594,0,21518,24296,20676,0,12762,0,14446,17238,16713,1
100000,2,2,1,31,0,-1,-1,-2,-2,0,36955,30230,29369,0,0,33554,33035,25787,17079,0,0,8653,1
130000,2,1,2,37,0,0,0,-1,0,0,16458,16100,15184,11960,15393,13957,971,14991,5809,3880,10857,9868,0
20000,2,2,2,49,0,1,1,2,3,5,6678,6440,6795,7402,7058,6734,3174,34,1123,292,513,589,0
120000,2,3,2,30,1,2,2,1,0,0,47586,56021,46930,51691,58980,61709,5849,1528,232,2523,47317,55652,0
30000,1,1,2,34,2,3,3,2,3,-2,17382,23056,26368,19850,24647,0,266,5484,5543,8802,2216,0,1
260000,1,1,2,33,0,-1,0,0,0,-1,78137,70121,62031,92078,76663,74488,49138,26894,32659,81570,39574,71458,0
120000,2,1,2,46,0,1,3,-2,0,2,38183,34108,39296,0,34160,36875,32659,670,10287,0,21338,4288,0
60000,2,2,1,39,1,1,1,2,2,3,16764,15204,15203,19072,16989,15144,231,367,1958,138,953,1092,1
60000,1,2,3,33,0,0,0,0,0,0,4865,5247,4857,5358,6431,3376,4423,3772,2992,2438,4667,2574,0
110000,1,2,1,41,-1,0,1,0,1,1,15873,17998,16918,24514,19241,16180,11527,14687,691,23084,146,447,0
60000,1,3,2,45,0,0,1,1,1,2,8725,8214,9874,7873,9780,7045,6446,4543,702,1172,530,470,0
100000,2,2,1,64,-1,0,-1,-1,-1,-1,60388,70681,79614,66386,82809,65980,11640,49654,59228,21778,64005,25194,1
140000,1,1,2,34,-1,-1,-1,-1,-1,-1,73915,75725,90863,51931,59614,79984,37903,62098,65277,25734,50874,33780,0
80000,2,3,1,35,0,-2,0,0,0,-1,13184,0,18203,17771,14282,14969,3992,0,15084,6534,5746,8104,0
50000,2,1,2,36,0,0,0,0,1,-2,25181,20413,22171,27152,23478,0,20929,18855,16370,15039,3541,0,0
50000,2,3,1,31,3,1,1,0,1,1,15711,18756,10974,18512,15575,12323,2196,3679,176,12703,3285,3159,1
100000,1,2,1,52,2,2,0,0,-1,-1,63660,62376,71300,78373,58687,58598,2798,3784,60216,53847,24246,45625,0
50000,1,2,1,34,0,0,0,0,0,0,7034,7312,6216,6458,5896,7713,5258,3177,5363,3740,1276,4337,0
80000,2,2,1,47,-1,0,0,0,0,-1,44044,43738,46253,35354,39722,35761,26413,24102,27324,23981,16908,34148,0
140000,2,2,2,41,1,0,0,0,0,-1,105648,108451,86181,115180,93364,104613,2979,99954,60421,61355,62133,85209,0
40000,2,2,2,35,0,0,0,-2,1,2,19657,14131,19046,0,16266,16923,18248,4363,14790,0,228,2586,0
70000,2,2,2,30,-1,-1,0,-1,-1,0,55047,54183,36619,50803,46341,32679,33748,47498,9282,34972,17337,18522,1
60000,1,2,1,30,0,0,-1,0,-2,1,13972,16541,13119,13713,0,14856,11092,11390,4717,13083,0,3491,0
280000,2,1,1,65,0,0,1,0,0,0,120712,138503,152767,138234,110999,154358,89369,123487,980,128039,100489,126880,1
50000,2,2,2,37,0,0,0,0,0,0,20295,22379,21256,24120,19803,21318,8116,14415,3513,18693,13696,5334,0
60000,2,3,1,30,-2,0,1,2,-2,1,0,35197,50863,59681,0,51214,0,23169,1001,145,0,144,0
70000,1,1,1,31,0,0,0,0,1,2,53075,48577,42314,47944,38238,32561,33919,35934,27079,33382,692,422,1
20000,1,2,2,37,1,1,1,0,-2,-2,10574,7035,9078,11398,0,0,2030,2457,76,7176,0,0,1
170000,1,1,1,51,0,0,0,0,-1,-1,58451,61112,64985,64849,39265,47630,54351,40347,49503,24466,23589,12759,0
30000,1,3,2,35,-1,0,0,3,3,8,4147,4046,4206,3265,3837,3999,3574,1186,2520,826,416,345,0
90000,2,1,1,36,0,0,0,0,0,0,21695,21863,20169,21224,20075,19275,17571,15850,9266,14296,11721,9327,0
220000,1,1,1,37,-1,-1,-1,-1,-1,-1,37996,44264,32169,39666,31565,42287,32732,41158,20750,28627,11356,38728,0
270000,1,3,1,33,-1,0,0,0,0,-1,64916,63016,69474,44837,76675,56749,41699,57199,52189,32905,32663,15551,0
240000,2,1,2,48,1,0,-2,-1,0,-1,68960,84047,0,70147,68862,71218,2986,65197,0,26652,58928,39298,1
30000,2,1,1,49,1,0,0,0,-1,-1,17133,16905,13748,12713,14746,12325,2554,3996,5613,2087,11324,6966,0
90000,2,3,1,50,0,0,-2,0,-1,-1,19991,15288,0,18247,13965,20577,4761,10030,0,9413,8388,18401,0
160000,2,3,1,59,0,1,1,0,0,-2,33103,31587,31229,35111,18967,0,27071,10794,430,15483,16957,0,0
170000,2,1,2,31,1,0,0,0,0,-1,38553,66340,60255,40212,53340,49513,374,39764,29182,16556,39851,47583,0
90000,1,3,1,48,0,1,0,-1,-2,-1,8169,8740,9665,9454,0,9630,7447,807,4323,7676,0,7276,0
60000,1,3,2,48,0,0,1,1,1,1,44565,37756,40195,43838,35879,27717,40001,33393,1746,4158,1204,1401,0
90000,2,2,2,47,0,-2,0,0,-1,0,44707,0,32624,47313,36791,22962,33674,0,29740,37750,28823,19618,0
300000,2,1,1,31,0,0,0,0,0,0,44692,52747,44287,41749,37394,46453,21702,23598,24395,36098,33551,13035,1
170000,2,2,1,30,0,0,-2,0,-1,0,12597,10202,0,12167,10630,10837,8453,5546,0,11326,9309,8614,0
340000,2,2,2,41,0,0,0,-1,-2,-1,92919,85106,88378,131037,0,90919,29148,79527,70968,66200,0,20262,1
60000,2,2,1,55,-2,-1,0,0,0,1,0,15257,16431,15933,13825,10575,0,10261,4815,11357,9227,3332,0
210000,2,3,2,40,2,2,0,0,0,0,101033,80542,119496,97590,87913,96859,165,7869,52645,75291,74592,36722,1
60000,2,3,1,42,0,0,0,0,0,0,8522,7339,8327,7346,8769,5369,6312,3657,7240,4401,5087,478,0
30000,2,1,1,31,0,0,0,0,0,0,8566,7878,7005,9464,7674,6172,7998,3994,3056,6505,2120,2787,0
50000,1,1,2,38,0,1,0,0,0,0,22270,30107,27347,17956,25979,18433,17513,7152,15676,8032,12904,14879,0
190000,1,3,2,34,1,-2,0,-1,-1,-1,141937,0,92172,123445,107777,113592,5615,0,37431,57408,83141,105330,0
110000,2,2,1,30,0,0,-1,0,0,1,4831,5042,6488,4008,4243,4611,2852,2241,1334,1951,3254,1344,0
120000,1,2,1,37,-1,-2,0,1,3,2,64839,0,56353,54264,59646,51207,52926,0,8901,1686,1391,3854,0
370000,1,2,1,33,-2,0,0,0,0,0,0,17229,24448,16814,18764,22296,0,9766,22462,13094,9467,18552,1
100000,1,1,1,34,0,0,0,-1,-1,-1,18369,15496,12923,14107,11688,14467,11668,2449,4060,12019,9337,13055,0
100000,2,2,2,32,0,-1,0,-1,-1,-2,18939,26340,21041,21671,17834,0,8301,13268,19196,5255,11145,0,0
70000,2,2,2,41,0,0,1,1,1,1,14493,13621,14557,14322,18595,13359,12957,12510,33,122,1941,311,0
140000,1,2,1,37,1,1,0,0,-2,-1,56304,38719,58948,48611,0,51225,5039,396,21545,25895,0,28729,1
180000,1,3,1,32,0,2,0,1,0,-1,102089,74706,76917,96019,67070,92964,93859,6959,65585,10795,39175,23371,1
30000,2,2,2,53,0,0,0,0,0,0,5116,5006,3771,4434,2866,4744,819,2164,1989,985,2672,3975,1
110000,1,1,1,34,0,0,-2,0,0,1,10545,8672,0,14155,13327,12063,4726,6524,0,13651,5214,1195,0
440000,2,2,1,40,0,0,0,0,0,0,153692,163202,153835,130981,151925,132111,139220,101713,102779,102760,124801,111890,0
40000,1,1,2,39,0,0,-2,-1,0,0,10558,12677,0,7648,10768,10389,9387,5656,0,2239,736,4715,1
300000,2,2,2,74,-1,-1,-1,0,0,0,109457,128842,144825,141917,101214,110797,76312,115247,56333,110321,53867,35751,0
30000,2,2,2,31,0,-2,-1,-2,0,0,19729,0,19948,0,20351,19876,9408,0,6044,0,11960,6314,0
40000,2,2,1,61,-1,-1,-1,-1,0,-2,23911,20872,29203,23079,22562,0,7451,18024,25932,13245,14220,0,0
250000,2,1,1,49,1,1,0,0,0,0,145463,135489,129213,131312,114576,106662,12908,1792,63683,121614,109646,34796,0
50000,2,1,2,44,-1,0,0,0,0,0,2712,2540,2707,2687,2707,3720,907,1059,657,1544,1902,2736,0
90000,1,3,2,52,2,0,-2,0,0,1,30540,32308,0,25204,27775,27679,4157,16719,0,10732,12655,1095,0
250000,2,1,1,34,0,0,-1,-1,-1,-1,64726,47303,57168,53162,52984,54458,53132,35318,49790,42899,39564,39709,0
130000,2,2,2,43,0,0,-1,-1,-1,-1,31056,38777,34621,40669,33786,37417,25273,31477,20432,19965,31913,25785,0
50000,1,1,1,45,-2,0,0,0,2,1,0,5273,3940,4853,4411,3914,0,3584,3498,2021,1346,103,0
50000,2,1,2,44,0,0,0,-1,0,0,25987,20324,25259,23227,15541,20553,19756,12202,21859,18638,14469,17469,0
130000,2,1,1,36,1,0,-1,-1,-1,-1,34560,44956,41987,33624,36598,33323,4880,42918,19238,24406,10253,22254,0
110000,1,1,2,33,0,0,0,0,0,0,51454,67180,37546,39303,52631,38794,4981,32485,22525,33716,14026,29851,0
60000,2,2,1,33,-1,-2,0,0,0,0,13000,0,15207,16931,10864,11063,5089,0,8912,14723,8272,7551,0
180000,1,1,1,48,-1,-1,-1,0,0,-2,44640,42602,39764,29001,34154,0,23539,4471,29443,7308,18491,0,0
50000,2,2,1,30,0,-1,0,0,0,0,20113,24001,18722,19056,22501,19790,11354,9078,12089,14609,17002,15640,1
90000,2,2,2,33,1,0,-2,-1,-1,-1,44644,40378,0,46893,37276,34307,11172,25513,0,22923,32582,20199,1
50000,2,3,1,37,0,-1,0,0,1,-2,21107,16463,17028,16833,17515,0,18043,12733,7052,5966,305,0,1
120000,2,4,1,48,0,0,-1,-1,-1,-1,16083,16242,12297,17170,17143,15042,13334,7206,9844,13286,9404,11450,0
220000,2,2,1,65,-1,0,-1,-1,-1,-1,57657,64459,73726,84432,69179,76385,12273,36188,34931,71118,33696,35641,0
140000,1,3,2,44,0,0,0,0,0,0,56044,62138,65450,61730,51996,60719,21842,45317,55542,52514,32128,41039,0
80000,2,1,2,35,0,0,0,0,-1,0,28606,30867,30486,21853,22821,22031,17892,14980,23085,10033,13676,7686,0
110000,2,1,1,38,0,1,8,3,2,2,46426,44107,43772,35750,29833,49244,40191,3459,3243,2693,266,8132,1
70000,1,2,1,36,0,0,0,-1,0,0,8481,8846,7843,10707,7548,8523,1386,1808,5254,6220,5554,7562,0
70000,1,2,1,52,-2,0,0,-1,-1,0,0,15820,16349,17994,14009,13357,0,10103,8730,5424,8291,9551,0
200000,1,1,2,43,0,1,0,-2,-2,0,18820,17601,9938,0,0,16196,16938,2914,5551,0,0,9267,1
40000,2,1,1,34,0,1,-2,-1,0,0,23359,17888,0,11684,12624,16144,21445,712,0,5273,10360,10739,0
40000,2,2,2,44,0,1,2,2,2,0,12956,15845,11598,16688,14387,16247,7391,1616,756,6679,3635,10206,0
110000,1,1,2,38,2,-2,0,0,-2,-2,64309,0,61381,56910,0,0,11770,0,29333,44032,0,0,1
130000,1,2,1,35,1,0,0,0,0,0,81366,69365,80750,80135,80572,56747,7130,33934,41103,66433,35923,49596,1
280000,1,1,2,36,0,0,0,0,-1,-1,35838,49972,37076,48893,36850,37100,13919,22680,33870,24272,31275,28479,0
70000,1,1,1,40,-2,1,-2,0,1,0,0,29550,0,33983,31732,24311,0,1502,0,7760,3935,12986,0
110000,2,2,1,33,0,2,0,1,0,0,57641,41984,50281,49051,52034,33890,25817,999,46349,2539,39091,7562,0
100000,2,2,2,36,-1,0,0,0,0,-1,34160,34796,40995,44151,47446,40878,13841,29172,15195,17421,36717,38774,0
50000,1,2,1,33,0,-2,0,0,0,0,2433,0,2523,2174,2600,2059,2198,0,1708,2000,2529,789,0
100000,1,1,1,31,0,0,2,1,1,1,7287,7722,7684,6769,8114,7352,3830,7066,299,898,366,236,0
60000,1,2,2,38,-1,-1,-1,0,0,0,14881,13971,15418,13959,14560,13924,6674,10926,6072,10428,10501,9317,0
220000,2,2,2,36,0,-1,-1,-1,-2,-1,109524,120420,119211,126444,0,118299,66051,57549,23200,56441,0,52403,0
260000,2,3,1,37,-2,0,0,0,-2,-1,0,116311,126571,105897,0,69896,0,82306,35342,18302,0,34742,0
110000,2,1,2,34,0,0,0,0,0,1,58420,51063,44486,54552,46927,39392,43914,40380,35450,46734,44640,3690,0
230000,2,1,1,35,0,0,0,0,0,0,50412,47008,48194,52197,42957,52948,30883,20642,21957,36458,28752,52824,0
130000,1,1,1,37,1,1,1,-2,0,0,34987,38919,29199,0,39313,29134,2465,485,2502,0,3558,16036,0
30000,1,3,2,30,0,0,0,0,0,0,4614,3796,4665,4659,4485,4145,1595,3594,3634,2143,3655,3793,0
180000,2,2,1,39,-1,0,0,1,1,0,72722,79043,62612,46515,62359,55531,41159,59246,8409,5605,6062,33054,0
350000,2,2,2,48,1,0,0,-1,-1,-1,204194,223447,162716,168947,164264,225830,6412,96730,83798,126940,146441,84006,1
140000,2,2,2,32,0,0,0,0,0,0,80782,70581,72667,58911,64576,56207,53309,11681,63248,48276,36880,35283,0
270000,2,1,2,38,-2,2,1,-2,0,0,0,182849,172208,0,151615,181243,0,21919,16589,0,107526,100179,1
150000,2,3,1,32,0,0,0,0,1,0,86333,81070,76314,58631,52537,61952,61834,9774,66681,40792,1707,3517,0
300000,2,2,1,40,0,0,-1,0,-1,0,52331,39008,53340,60904,41441,34155,21362,23435,48153,24945,25306,29583,0
350000,2,2,2,30,0,-2,0,0,0,0,81513,0,99514,84216,67620,86623,58128,0,85036,65054,42987,57978,0
60000,2,2,2,37,2,1,1,1,1,0,32654,38840,31226,36445,30569,29313,1199,111,2271,2435,1286,18008,1
120000,1,2,2,32,-1,-1,0,-1,0,-1,17411,15875,11968,13245,16554,11375,6041,6705,6411,5185,13833,9250,0
110000,2,3,1,51,0,0,0,0,0,1,24666,25583,22151,23430,28160,25667,19495,17287,19916,16212,26559,787,0
110000,2,2,2,57,0,0,-2,1,-2,0,22088,14173,0,17395,0,17436,5405,4338,0,2013,0,16965,0
30000,1,1,2,36,0,0,0,1,1,-2,5370,5759,6080,6129,5051,0,823,5398,5226,383,503,0,0
60000,2,1,2,39,-1,-2,-2,-1,-1,0,32548,0,0,31700,30719,35037,22886,0,0,16491,22636,22296,0
20000,1,2,1,39,0,-2,0,0,2,6,2053,0,1947,1699,2105,1782,1585,0,1147,955,76,50,0
60000,2,2,2,35,1,0,0,-2,1,0,28612,31912,33803,0,30640,28048,3610,20617,20916,0,4080,14731,0
60000,2,1,2,30,3,-2,2,2,1,0,23345,0,20994,20987,19729,21823,2086,0,612,4065,3084,1814,1
90000,1,2,1,30,0,0,1,1,1,0,37897,28727,33920,22926,29989,27451,31314,9134,2501,1401,335,12469,0
310000,2,1,2,33,0,0,0,0,0,-1,166699,217918,161828,161128,159421,136048,74817,165725,117546,86605,71677,127010,0
170000,2,2,2,42,0,2,1,0,0,0,42582,44460,40475,37265,41661,39838,13571,880,10889,24358,13619,24644,0
50000,1,2,1,37,-1,-1,0,-2,2,2,23676,25624,18675,0,22346,19821,18636,24524,10736,0,1741,3173,1
160000,2,1,1,35,-2,-1,-1,0,-1,-1,0,68924,80245,91228,83811,71237,0,44302,36030,31828,7180,60302,0
180000,2,4,1,34,0,0,0,0,1,1,104513,104366,75618,91645,87046,73628,32858,63335,46170,79654,1826,5646,0
110000,1,1,2,43,0,0,-1,-1,-1,-1,52989,52484,47114,41321,47883,41688,31765,38048,28266,22452,29098,20225,0
340000,1,2,1,40,-1,0,-1,0,0,-2,116432,137531,145419,117593,112834,0,92765,78621,116681,116041,78660,0,0
80000,2,2,1,45,3,1,-2,-2,2,0,39793,51883,0,0,45175,39193,6920,6970,0,0,5296,28213,1
170000,2,1,1,67,0,1,-2,-2,0,-1,61637,71290,0,0,58475,51984,55719,2674,0,0,36264,25250,0
110000,1,2,2,36,2,2,-2,0,0,0,71612,68615,0,73572,64559,58657,16713,868,0,67190,42950,55730,1
50000,1,2,3,35,2,-2,0,0,-2,0,9386,0,10139,8849,0,8215,2145,0,2950,6554,0,2427,1
370000,2,1,1,40,-1,-1,0,0,-1,-1,24312,21119,15345,19045,20887,16347,10377,18618,10760,12618,8320,11343,0
160000,2,2,1,45,1,1,0,-2,0,0,91477,91864,130597,0,111089,101498,418,17749,51732,0,70996,73969,1
240000,2,2,2,60,-1,-1,0,-1,-1,0,35060,39631,35466,37911,31326,37341,22832,34199,27721,31577,6005,8164,0
110000,2,1,1,43,0,1,0,-2,0,0,44513,45938,46288,0,51230,41544,18509,1765,21926,0,28469,28509,0
90000,2,3,2,59,0,-1,-1,-1,0,-1,5790,6838,6509,6593,7289,7550,3990,5044,2375,3924,6179,4899,0
130000,2,1,1,35,2,1,0,0,-1,-1,109868,94443,92516,85480,108908,107718,1894,13071,44762,62575,71021,44381,1
60000,2,2,1,48,0,0,0,0,0,-1,23339,18707,24886,25143,19356,21808,18712,12188,22314,17992,18819,12528,0
100000,1,1,1,35,0,0,0,0,-1,-1,31308,39041,39935,33552,34145,26481,17956,17144,19028,6493,30800,11205,0
40000,2,3,1,38,0,0,0,0,-2,2,11071,11098,10447,13967,0,10692,3858,7671,9466,10891,0,2142,1
220000,2,1,1,40,0,0,-1,0,0,0,55537,37304,51812,55221,37435,43109,45969,15814,29555,13431,25041,23448,0
250000,1,1,1,34,0,0,0,1,0,-2,108235,135001,106927,115959,116420,0,55444,71037,10739,5291,101325,0,0
50000,2,2,2,35,-2,-1,0,1,1,1,0,6790,5264,5359,6403,6939,0,4304,3496,159,518,66,0
60000,1,1,2,46,0,0,-1,0,-2,2,22501,24113,23031,18185,0,19188,15526,18952,17650,10820,0,1091,0
60000,2,3,1,39,-2,0,0,0,0,1,0,20679,17877,19160,13980,18490,0,10135,10701,10488,2847,770,0
50000,1,2,1,30,1,1,2,2,2,2,13336,11979,10016,16211,10900,10593,489,775,12,1225,952,1240,1
390000,2,2,2,39,-2,0,0,0,-2,1,0,32357,36765,32191,0,36187,0,14716,20310,31188,0,1804,0
50000,2,1,2,42,0,0,0,0,0,0,39472,28483,28044,22489,33895,31297,35335,6910,16009,20892,18433,14825,1
60000,2,2,2,30,-1,0,0,0,0,0,5057,5286,4584,5187,5164,3338,1777,4630,4310,4402,1693,1665,0
60000,1,2,2,58,0,-1,0,0,-1,0,3918,3382,4408,3755,3902,3471,2832,1656,1903,2731,3197,1272,0
50000,1,2,1,33,1,0,1,0,0,0,22045,22699,18335,17002,20859,18505,1628,2967,410,6004,15122,9069,1
30000,1,1,2,41,0,0,0,1,1,3,1858,2177,2606,1937,2390,1846,817,429,1387,203,143,5,0
70000,1,2,2,34,0,0,0,0,0,0,32084,41947,49767,43230,56727,38216,4676,10091,47315,39750,32586,27090,0
60000,2,3,2,32,-2,0,0,-2,0,1,0,26596,28709,0,29724,27406,0,10472,17673,0,16998,957,1
50000,2,2,1,34,-1,0,-1,-2,0,0,25034,34932,28935,0,31044,28215,21320,30899,5103,0,22133,21660,0
40000,2,2,1,31,-2,0,1,0,-2,1,0,19367,24079,18433,0,21368,0,17338,2288,10506,0,85,0
70000,2,2,2,61,-1,0,-2,-1,-1,-1,41779,42914,0,36712,41915,39585,37579,27573,0,15840,11934,13006,0
20000,2,2,2,32,-2,1,1,2,-2,3,0,2619,2347,1807,0,2684,0,485,929,127,0,139,0
170000,2,3,1,39,-2,0,1,1,-1,0,0,8142,10612,9351,8062,8201,0,5372,311,956,6592,6120,0
80000,1,2,2,33,0,0,1,1,0,0,12147,14041,12425,12517,12582,13304,10072,10943,4451,297,8870,10070,0
450000,1,3,1,38,0,0,0,0,0,0,121090,74577,113138,103116,107591,92136,98571,26181,44057,59545,106788,55885,0
30000,2,2,2,33,0,0,-1,0,-1,0,9960,8394,9409,7895,10422,8233,7858,2735,8385,6030,8632,6426,0
160000,1,2,2,47,-2,2,2,1,-2,0,0,29883,25052,24868,0,26104,0,1367,8330,2617,0,22372,1
350000,2,2,1,38,-1,0,-2,0,0,-1,215066,172970,0,142758,188047,167812,128866,151250,0,40614,81116,18248,0
120000,2,4,1,40,-2,-1,-1,-1,-1,-2,0,19359,32492,23495,24798,0,0,8581,24739,18514,18462,0,0
200000,2,2,2,35,0,0,1,0,0,0,59984,74563,56843,56583,51352,55962,32583,62947,3278,48424,23304,27542,0
130000,2,1,2,42,1,0,0,0,0,0,50209,39924,58722,51963,35729,47321,15998,33892,54040,51571,31586,43571,0
290000,1,1,2,46,2,-2,2,0,1,0,54935,0,42015,39609,46491,65941,1803,0,1525,35753,2386,41430,1
70000,1,2,2,50,1,1,0,1,1,2,20441,23688,25317,18932,21024,15759,3563,496,16621,2579,1361,2108,0
40000,1,2,1,30,0,0,1,2,1,1,16406,13192,11853,12160,13970,14137,3903,7249,593,63,705,2240,0
120000,1,2,2,33,-1,-1,-2,0,0,-1,23073,21557,0,17127,10709,20740,22803,11898,0,3586,7313,15028,0
160000,2,1,2,31,1,-2,0,0,0,-1,105077,0,118898,98962,81998,98123,19621,0,57608,55166,57170,92179,1
240000,2,2,2,31,-1,-1,0,0,0,1,17966,19863,21358,17403,21427,25090,15464,14560,17111,16667,7110,440,0
60000,1,3,1,38,1,1,1,0,0,-2,27249,20536,24785,15651,21746,0,1958,122,659,5552,21373,0,1
230000,1,2,1,36,1,-1,-1,-2,-1,-1,104654,89085,103047,0,86496,86918,14004,58968,69616,0,45114,30510,1
160000,1,2,1,35,-2,-2,0,-1,0,0,0,0,116730,94763,105932,91142,0,0,102433,78277,65129,16656,0
110000,2,1,2,40,-1,0,-1,0,-2,0,35732,35620,35854,31215,0,29020,30360,11513,27682,20246,0,11778,0
20000,2,1,1,35,-1,0,0,0,0,1,6242,6850,7430,6332,6642,5138,3664,5234,3769,5259,3286,224,0
90000,1,2,1,32,0,0,0,0,0,-1,37553,42090,43099,36530,43455,44441,31632,22156,10742,18712,30774,20883,0
80000,1,2,2,32,1,0,0,-1,-1,0,30966,33678,30065,20087,28497,22557,2046,12832,24828,17413,3618,20048,1
110000,2,1,2,41,0,0,0,-1,-1,-1,112219,62349,125453,82648,76404,104373,99019,29214,95854,21055,45847,97236,0
40000,2,2,2,33,-1,-2,0,1,3,2,11932,0,8044,13291,10875,10158,4808,0,5229,2210,857,484,0
330000,1,1,1,45,-1,-1,-1,-2,0,-1,78554,68150,77428,0,73642,74318,7586,28357,791,0,29298,64355,0
200000,2,1,1,41,-1,0,0,0,-2,-1,125741,106129,92688,85057,0,103162,103013,74446,82871,50436,0,48279,0
90000,2,1,1,37,0,0,-2,0,0,0,4015,4485,0,3837,3300,4094,3649,1080,0,2468,1655,3780,1
170000,2,3,1,32,-2,-2,0,0,0,-1,0,0,50281,51255,51044,44812,0,0,34416,18653,41986,28291,0
60000,2,1,2,46,0,0,0,0,-2,0,5965,8093,5879,8601,0,7801,5817,5339,2426,7721,0,7676,0
60000,2,1,2,41,0,0,0,1,1,1,21248,18498,18548,17708,17455,18763,10950,6961,8471,3510,4199,1274,0
60000,2,3,2,44,0,0,0,0,0,-2,32713,28343,27682,30186,32029,0,31379,13550,9736,13570,24382,0,0
420000,1,1,1,43,-1,-1,-1,-1,-1,-1,56885,60187,53127,75098,55049,45208,31663,28793,22980,41130,13087,24409,0
410000,1,1,2,35,0,0,0,0,0,0,43640,47082,32868,32386,43462,33597,42781,36127,28162,26519,24710,7416,1
30000,2,2,1,40,0,1,2,1,1,-2,26518,32501,29616,20980,29930,0,16026,2718,5301,9570,6147,0,1
90000,1,1,1,32,-1,0,0,0,-1,0,46009,37626,38031,29230,26674,33710,27818,34369,17006,22273,10238,8953,1
150000,2,2,2,35,0,0,0,0,0,-1,80589,79600,56190,89917,76753,97212,41598,49242,52287,35898,66263,19763,0
70000,1,3,2,34,0,0,1,1,-2,-1,15589,17961,18279,18683,0,13264,11798,17613,460,2750,0,3603,0
40000,2,3,1,44,0,1,0,-1,0,-2,11506,17375,17333,12679,13716,0,9232,1725,1846,7330,875,0,0
100000,1,2,1,33,0,0,0,0,0,-1,45696,53581,61521,49429,47713,48411,43546,49447,47721,25521,45029,40175,0
110000,2,2,2,39,0,1,2,0,1,1,21221,19540,19758,23537,22813,19070,15320,691,926,10434,1621,1105,0
70000,1,1,2,38,-1,-2,2,0,0,-2,51270,0,54547,42655,39400,0,32318,0,6782,18082,27852,0,0
80000,2,2,2,33,2,0,0,-2,-1,-1,19112,21148,18179,0,21136,16265,775,20722,6518,0,16102,7822,0
40000,2,2,1,31,1,1,0,1,0,0,11995,17466,17965,18806,17087,17600,3596,500,15781,4139,8366,8040,0
90000,2,1,1,37,1,2,-2,1,0,-2,15653,18517,0,17246,25128,0,321,2969,0,1915,4378,0,1
160000,2,2,1,35,0,0,-2,-1,-1,-1,49932,45168,0,55173,36118,44478,28243,31585,0,38286,25769,17304,0
120000,1,2,2,32,0,0,0,0,0,-2,30789,27277,33452,26134,30385,0,28651,17534,24563,23885,22178,0,0
40000,1,4,2,31,-1,-1,0,0,0,-1,4167,3077,4035,3619,3106,3218,1326,1819,3409,2808,2176,1780,0
120000,1,2,2,48,0,-1,-1,-1,0,0,2675,3210,3257,3584,2379,2964,1278,1954,2416,746,1405,2830,0
80000,1,2,1,54,0,-2,0,0,1,1,9388,0,9188,11905,12643,9222,7697,0,7411,2139,3642,91,0
390000,2,1,1,48,-1,-1,-1,-1,-1,-1,282151,325043,260599,296250,252689,274142,247309,271048,100879,145740,177547,233114,0
170000,2,2,2,35,0,0,0,0,0,-1,101314,112364,106675,97433,104872,96930,63808,62077,75635,34865,63027,52128,0
80000,1,1,2,33,0,-2,1,0,-2,0,28701,0,21828,29874,0,22472,9435,0,3961,22368,0,21047,1
260000,2,1,3,34,0,1,1,2,0,-1,24013,20304,21861,25402,25367,27622,16356,743,726,7786,16969,19549,0
60000,2,2,2,38,2,1,0,0,0,0,7429,12040,9402,10502,8692,8511,894,483,5437,9802,3839,7314,1
120000,2,1,1,35,0,1,2,1,2,1,61026,75176,71008,56650,68254,50493,29858,4863,2866,10707,17767,222,1
170000,1,3,2,36,0,0,1,1,0,-2,7628,7053,8866,6984,7385,0,1467,4161,162,20,4041,0,0
130000,1,1,2,36,0,-2,0,0,-1,-1,17517,0,15300,12837,14378,10336,16515,0,2710,11043,5104,5384,0
60000,1,1,1,37,0,0,0,2,3,2,15186,18711,17195,20529,13598,20246,7988,16999,10036,622,1320,2993,0
160000,2,2,2,32,-2,-1,-1,-1,0,0,0,42887,53633,38500,54925,48263,0,24530,28906,5124,50896,35062,0
90000,1,2,2,30,1,1,1,0,1,1,30930,29377,24159,24076,27614,20556,2063,1637,215,4279,3875,4400,0
250000,2,2,1,32,0,0,0,-1,0,0,55737,61747,51380,53484,48192,51707,13200,31481,26864,30577,42610,31843,0
60000,1,2,2,33,0,0,0,-2,-1,-1,46194,52195,45372,0,39124,36439,41144,32722,42365,0,33495,15294,0
80000,1,2,1,34,0,0,0,0,0,1,3017,3538,3030,3319,3266,2550,1580,2917,2847,725,1118,92,0
30000,1,2,1,34,3,2,1,2,-2,-2,7252,8333,5943,8417,0,0,686,1520,1181,888,0,0,1
140000,1,3,1,42,0,0,1,0,0,0,5402,5029,5124,3994,3857,4142,3532,2941,1253,2597,2241,3011,1
40000,2,1,2,44,-2,3,2,1,0,0,0,18720,15883,21047,18578,17890,0,276,2178,1932,9675,17398,0
40000,1,2,1,37,0,-1,0,0,0,1,2050,3083,2369,2704,2536,2087,1910,1746,1683,2454,1333,53,0
70000,1,1,1,38,0,0,0,-2,0,-2,5827,6995,7165,0,5904,0,4038,456,6526,0,3761,0,0
250000,2,2,1,33,-1,-1,-1,0,-2,0,146002,127224,92368,116632,0,124783,67755,28850,69574,72222,0,87274,1
150000,2,2,2,48,-1,-1,-1,-1,-1,-1,55141,37231,50260,42580,49286,41130,35494,26815,38784,23714,34716,31314,0
170000,2,3,2,38,-1,-1,0,0,0,0,57211,51534,52186,41299,57099,36022,39020,35523,26286,11181,31831,28351,0
40000,1,1,2,32,2,2,1,1,0,0,27067,37383,29695,39307,30718,26113,5381,3821,2310,112,11593,16666,1
120000,2,2,1,38,-2,0,1,1,2,-2,0,44360,40090,40721,41469,0,0,22913,2234,13852,2330,0,0
300000,2,1,1,32,0,0,-1,-1,-1,-1,42698,35862,31686,41872,32865,38406,33426,18047,9416,19934,18853,12888,0
110000,1,2,1,36,-2,1,1,1,1,0,0,57776,47329,43305,45923,50479,0,2296,7624,966,972,22165,1
30000,1,1,2,35,0,0,0,0,0,-1,6755,4133,6464,6385,4552,4793,3703,2659,5570,5500,4158,2665,0
50000,1,2,2,30,0,0,-1,0,1,0,16232,25365,27083,20856,13092,19959,11379,18703,25285,9708,302,19542,0
90000,2,2,1,30,-2,0,0,0,-1,0,0,12661,13304,14754,11501,15883,0,5574,7067,11980,6659,7907,1
40000,2,2,1,37,0,2,1,1,0,0,11543,11458,14271,12006,13563,12029,6322,366,1041,751,9970,922,1
280000,2,2,2,37,0,0,0,-1,-1,-2,82969,68069,58252,71192,66447,0,49881,11203,47911,49594,16785,0,0
150000,2,1,1,38,0,0,0,-1,-1,0,100011,116603,125528,114331,86766,72294,68577,98808,59938,98652,71138,42781,0
80000,1,1,2,33,-1,-1,0,0,0,0,8473,15743,17688,13387,18019,10116,6910,9169,10883,8316,11211,8918,0
140000,1,3,1,32,0,0,0,-2,0,0,43056,52258,47183,0,57098,49796,20940,38240,29503,0,49677,29576,0
60000,2,3,2,35,0,0,0,1,0,0,23762,24901,21398,17661,22535,12544,13197,13051,16436,535,16765,10745,0
510000,2,2,1,41,-1,0,-1,-1,-1,-1,245383,220055,130563,188782,180428,179517,227183,154555,104436,166099,124411,136141,0
290000,2,4,1,36,0,0,0,0,0,-1,80727,78219,60893,76599,59483,83460,53590,53728,58936,58977,24519,50212,1
70000,2,2,1,30,0,1,1,0,0,-1,17561,11825,11692,11057,13241,11884,14163,1427,6358,7753,3161,4255,0
70000,2,1,2,37,0,0,0,0,0,2,12787,15135,13035,12360,13283,9105,5869,7184,7668,7856,6933,2085,1
210000,1,1,2,43,2,2,1,1,0,-1,34864,33119,34064,36556,36548,33254,5626,3256,3306,424,23160,20328,1
130000,2,2,3,38,-1,-1,0,0,0,0,80535,77552,101839,60057,77539,83805,51151,67109,87470,40029,56155,36778,0
250000,1,2,2,34,0,1,0,0,0,-1,12047,10852,11479,11624,13368,10911,2956,1947,10380,8752,9129,4367,0
210000,2,2,2,43,0,-1,-2,0,-1,-1,9156,8634,0,9154,7180,8341,7642,3255,0,4094,3118,5652,0
250000,2,1,1,65,1,-2,0,0,0,-1,98911,0,127291,74960,93385,100699,4696,0,45964,54111,40591,73151,0
130000,1,1,1,45,0,0,0,0,-1,-1,40322,45466,41604,37260,50792,32135,18886,15371,15713,34242,23549,15938,0
30000,2,1,1,31,-2,0,1,-2,-2,2,0,24241,22619,0,0,21756,0,21997,375,0,0,7235,1
30000,2,3,2,30,-2,0,-1,-2,-2,1,0,8963,5682,0,0,6817,0,7428,1621,0,0,984,0
120000,2,2,2,31,0,0,0,-2,0,-1,44817,48214,50937,0,36129,40314,25103,19052,2859,0,23828,8982,0
70000,1,1,1,31,0,-1,-2,-1,0,-2,30294,32372,0,19710,25769,0,26742,31903,0,17845,14055,0,0
20000,2,2,1,35,0,0,0,0,0,0,6454,12177,11873,8585,12791,11036,4273,10743,7974,7176,7899,10630,1
190000,2,1,2,33,-1,-1,-1,-1,-1,0,101089,109668,88086,79361,78888,75553,55540,53596,82272,54169,26759,26761,0
100000,2,2,2,49,0,0,0,-2,-1,-1,32280,31454,33572,0,30809,29368,13938,29042,31184,0,25322,17693,0
100000,2,2,1,34,0,0,-2,-1,0,0,16564,16098,0,17297,14676,17471,10146,10274,0,10120,5481,9275,0
30000,1,2,2,33,0,-1,0,0,0,0,5325,3772,4520,3722,4259,4662,3020,1895,2691,1103,2513,3797,0
110000,2,2,2,30,0,2,2,0,0,-1,27992,30025,31547,34142,30718,29167,7878,8801,169,8972,18578,24894,0
150000,2,2,1,36,0,1,0,-2,1,0,68711,65803,50674,0,54762,54168,47383,13136,30688,0,690,34099,0
30000,2,1,2,44,-1,0,0,0,0,0,12317,12998,10043,9514,9850,13125,8780,10465,7785,1811,8954,5883,0
180000,1,1,1,30,1,1,1,0,-1,0,48851,44098,36425,55791,35627,41709,4206,2097,395,16920,24932,11955,0
50000,1,3,1,33,0,-2,0,1,1,0,3621,0,3588,3784,3124,3728,2242,0,2785,110,45,2614,0
230000,2,2,2,32,-2,0,0,0,-2,0,0,170974,112416,193927,0,180055,0,150824,70338,141326,0,86863,0
50000,2,2,2,32,0,0,-2,-2,0,0,40290,42138,0,0,34823,41252,22602,19664,0,0,26203,28627,1
170000,2,1,2,32,1,0,0,0,0,0,92630,94995,92176,89577,84531,77412,129,31158,64123,19368,63483,10035,0
100000,2,2,1,34,0,0,0,0,0,0,42783,56426,41892,42526,47751,45164,34693,16958,26305,14245,40709,43659,0
230000,1,2,1,35,-1,-1,-1,0,0,0,92552,111006,81632,86460,81465,83881,14466,59515,35643,18147,34188,54195,0
50000,2,2,2,33,0,0,0,0,0,2,51523,37601,49909,30730,37459,43368,27917,28060,29321,12663,28012,1426,0
330000,2,4,1,42,-2,-1,-2,0,-2,0,0,82959,0,58364,0,69613,0,34405,0,53660,0,19911,0
310000,2,2,1,36,-2,0,0,0,0,0,0,40494,52089,45759,48740,37182,0,39632,37838,42518,39676,20417,1
50000,2,2,1,40,0,0,0,-1,-2,-1,34905,33052,30075,36259,0,33496,16044,24012,11807,13970,0,12668,0
240000,1,3,1,42,-1,-2,-1,0,0,1,71672,0,86408,62571,56355,85501,47335,0,65570,37626,33028,3347,0
50000,2,1,2,39,0,0,0,-1,-1,-2,10437,11562,12478,8909,11133,0,8163,7006,9530,4969,5098,0,0
80000,1,1,1,47,-1,-1,-1,-1,-1,-1,23482,28458,25686,25104,26535,27037,15574,22110,21953,12137,25296,14659,1
180000,1,1,2,33,0,0,0,0,1,-1,74512,54986,68113,72836,68859,68502,35716,32390,46681,48514,11163,37442,0
140000,2,2,2,33,1,1,0,0,0,0,65740,62267,45577,73003,51414,59183,4526,18256,42611,30574,42377,29958,1
160000,1,2,2,34,0,0,1,0,-1,-1,113825,82058,96774,82389,109023,97369,94995,43036,1554,64992,101214,31345,0
40000,2,2,1,32,0,0,0,0,0,-1,21734,19004,16896,18039,17365,18203,14008,7499,11800,10042,5367,12357,0
190000,2,1,2,42,0,-1,-1,-1,-1,-1,150551,136630,140537,176934,157793,166287,87715,95322,89565,143776,145013,118004,0
170000,1,2,1,31,0,0,0,0,-1,-1,109953,91430,86105,95159,72786,81182,109526,60753,58758,73088,35657,30399,0
50000,1,2,1,32,-1,0,0,1,1,0,40292,31696,30794,39718,29882,33600,39786,29416,9045,23,3027,26674,0
90000,2,2,2,32,0,0,0,0,0,0,16059,20231,16355,16877,17096,16496,14157,14518,13576,9225,12705,9475,0
30000,2,1,2,38,0,0,0,0,0,0,6680,7918,8987,9045,8407,9163,4525,7156,4878,5816,5593,7076,0
280000,2,1,1,42,-1,-2,-1,0,-1,-1,21990,0,27661,24641,20826,24117,12679,0,24963,15811,14119,17231,0
130000,2,1,1,31,0,-1,-2,0,1,0,66536,58524,0,56040,75868,54232,41436,1185,0,50904,334,21201,0
120000,2,2,1,52,0,0,0,0,0,-2,6649,4916,4851,5028,5045,0,4132,4812,2791,3403,1384,0,0
60000,2,2,1,30,2,-2,2,1,1,1,25315,0,23376,25637,22805,18232,4420,0,286,3186,1013,978,0
260000,2,2,2,33,0,0,-1,-1,-1,-2,58654,45171,64406,53205,50183,0,14734,16308,29594,39792,37385,0,0
150000,2,1,2,50,0,0,0,1,0,-2,42162,47504,52293,39954,48676,0,38049,37897,37355,2547,26382,0,0
80000,2,2,2,38,0,1,1,1,-2,2,28459,20052,23091,25119,0,29701,9774,1021,1140,832,0,1352,1
240000,2,1,1,63,0,1,1,0,-1,-1,83294,88295,98309,84216,79965,90975,44925,1289,1323,67212,62709,20700,1
220000,2,3,2,61,0,0,0,0,0,1,47686,44369,47928,48473,41131,33523,38218,41170,36106,11364,35506,7713,0
110000,1,2,1,56,0,-2,-2,0,-1,0,37110,0,0,39239,40553,32634,25859,0,0,23713,26009,26850,0
50000,1,2,1,33,0,0,0,0,0,-2,31593,44940,45311,34082,38761,0,19044,35247,34731,11183,20819,0,0
60000,1,1,2,39,0,0,1,1,-2,2,14418,16822,13280,16496,0,14446,10745,8974,882,339,0,1437,1
210000,2,2,1,33,0,-2,-1,0,0,0,14662,0,25414,17308,17319,18458,7474,0,9843,9442,15989,15121,0
90000,2,1,2,46,0,-1,0,-1,-1,0,42738,43138,51665,48137,45401,45143,9108,34564,29417,19799,29990,32746,0
60000,2,1,2,33,0,0,0,1,0,1,37357,33352,33185,31385,33549,28888,18259,28795,28922,3173,17389,4336,0
310000,2,2,1,41,0,1,0,0,0,-1,15722,12755,16231,13061,13978,16766,12501,1353,1750,12491,6942,4406,0
60000,1,2,1,45,0,0,0,0,-1,-1,3028,2398,2835,2382,2785,2728,1751,1840,1801,1802,1171,1582,0
110000,2,3,2,49,-1,0,0,-1,0,0,56625,78503,69076,63877,66122,54728,17462,38262,28461,57494,51168,17697,0
260000,2,2,2,34,2,0,0,0,-1,0,129887,137458,127279,101752,124478,121923,25095,97394,74199,32719,69990,23511,1
50000,2,1,1,39,0,2,-2,0,0,0,8928,8411,0,6492,6229,6954,7972,1213,0,3245,3273,1177,0
90000,1,1,1,34,-1,-2,0,0,-2,-1,36390,0,38423,42712,0,28710,19546,0,26305,39443,0,25735,0
110000,1,2,2,35,0,0,1,-2,2,1,42152,26033,41862,0,43471,32559,25583,16520,3118,0,7382,2354,0
140000,1,2,2,52,0,0,0,-1,-1,-1,45540,40058,43397,43033,39972,48337,33998,4859,5356,23803,21408,31833,0
290000,2,1,2,32,0,0,-1,0,0,0,96334,100987,109366,105375,76693,96722,91198,49658,47793,74446,60346,75860,0
70000,2,3,1,35,-2,1,0,0,0,0,0,17740,19996,21933,19817,21602,0,6299,16831,13272,9382,17403,0
270000,2,1,1,33,-1,-1,-1,-1,0,-2,88165,125853,123052,119291,115375,0,72912,36833,67555,113224,41584,0,0
50000,1,2,2,31,0,2,3,2,2,1,21700,18377,19329,21862,21283,19319,7903,4851,997,1268,575,1675,0
50000,1,1,1,31,-1,0,0,0,0,-1,11783,10977,10399,10490,10745,10104,7831,3020,8776,5049,5963,7693,0
100000,2,2,2,36,-1,0,-1,-1,-1,-2,29851,23471,25321,23000,21416,0,21817,8760,14579,13217,10030,0,0
70000,2,1,2,32,-1,-1,-1,-1,-1,-1,27860,34181,22596,29896,32982,26401,22298,28412,9203,10275,23398,15133,0
50000,2,1,2,33,-1,0,0,0,0,-2,24940,33624,24506,27997,26088,0,8289,21240,16536,16496,20072,0,1
150000,1,2,2,38,0,0,-1,0,0,-2,52807,54316,38527,45293,38675,0,29540,39807,13508,39187,22934,0,0
60000,2,2,1,32,0,-2,-2,0,0,-2,12971,0,0,11378,10494,0,10921,0,0,5796,2247,0,0
110000,2,2,1,38,0,0,0,0,0,0,6528,5812,5531,6306,5938,5831,6446,3371,3537,4318,4332,3349,1
190000,1,1,1,62,0,0,-1,-1,-1,-1,18529,20961,21752,18772,17073,18759,6161,19004,14572,9534,5424,5729,0
80000,1,2,2,33,-2,0,1,0,1,0,0,17842,15070,17866,13478,15297,0,9544,12,10449,3690,9543,0
50000,2,1,1,42,0,-2,-1,0,-1,-1,12120,0,10048,10752,8817,8996,9498,0,7474,5465,5747,2291,0
150000,1,1,1,35,-2,-2,0,0,-1,-1,0,0,54669,59829,58142,69561,0,0,45597,42752,33073,20835,0
80000,2,2,2,33,0,0,1,0,0,0,5190,4355,4908,4891,4794,3690,2063,2684,653,3627,2988,1897,1
130000,1,3,1,30,-1,0,0,-2,0,2,88065,68375,77693,0,75382,84675,21169,62754,38657,0,68706,5389,0
50000,2,1,2,55,0,0,1,1,0,0,439,570,487,439,434,499,314,328,48,5,383,289,0
60000,1,2,1,46,-1,-1,0,0,-2,-1,18878,16827,24783,21456,0,20269,7288,11350,23843,20544,0,6955,0
110000,2,3,1,30,1,0,0,0,0,-2,70241,65414,60647,69069,50521,0,8643,25088,44642,58780,29422,0,1
150000,1,1,1,34,-2,0,0,-1,0,-1,0,88046,84515,99828,76662,104175,0,46271,24120,67440,32970,67190,0
80000,1,1,1,31,1,1,-2,0,0,0,14144,13966,0,13279,14200,8720,592,4300,0,8746,8125,1966,0
70000,1,3,1,32,0,0,0,0,0,0,17448,22427,19097,22917,19507,20739,8856,8752,15259,9843,17900,12321,1
80000,2,2,2,49,0,-1,0,0,0,0,33719,25416,24653,28079,24044,22294,25581,17068,20124,4140,6908,19409,0
130000,2,3,1,55,4,3,1,1,1,-2,53128,39252,49271,41173,56548,0,18262,1583,897,16043,1747,0,1
130000,1,1,2,43,0,0,0,0,0,0,20946,28712,19722,20666,16947,17614,13610,14449,9165,15270,14158,17532,0
220000,1,1,1,33,0,-1,0,0,0,-1,83702,90631,92545,67731,83824,96829,29791,89709,9140,49951,25512,74068,1
290000,2,3,2,33,0,0,1,0,0,0,66577,69381,86854,50684,82517,60641,59046,53823,5917,26940,53604,35188,0
110000,1,2,1,42,-1,-2,0,0,0,1,47577,0,49026,31655,39462,43739,29201,0,9214,24861,15294,3192,0
80000,1,3,1,43,0,0,0,0,0,0,14666,15443,20588,16757,15956,22261,11865,10103,18014,10934,11203,16477,0
160000,2,1,1,55,0,1,0,1,0,0,17277,19241,19504,21855,17832,17104,10367,1287,5100,1492,8127,11703,0
130000,2,3,1,36,0,1,2,1,1,0,113463,105557,86381,114550,108519,90304,60691,2539,16647,7023,2550,38640,0
190000,2,2,1,39,0,0,0,0,0,0,63288,67330,66070,53894,68092,54255,49154,51533,29221,15844,54608,48275,0
120000,2,2,2,30,-1,-1,-1,-1,-1,-1,5384,6626,5234,5893,5090,5340,4148,456,1556,3757,4496,3602,0
90000,2,2,2,32,-1,-1,0,-2,-1,0,10785,8214,7570,0,9615,7967,10510,1182,5235,0,3962,3796,0
20000,2,1,1,52,-2,0,0,-2,1,1,0,7708,9198,0,8307,8046,0,2319,8088,0,1110,1145,0
140000,1,2,1,37,0,0,0,0,0,0,57828,52149,56599,44435,48124,29923,27764,42682,48774,13974,42183,12375,1
140000,1,1,1,33,0,-1,0,0,0,0,30539,29968,54865,41233,35486,33550,20157,7512,31084,25867,19520,22804,0
60000,1,2,2,32,0,0,0,-1,-1,-1,16539,11469,10531,11879,10482,11102,6184,10236,8384,6870,9551,8330,0
130000,1,1,1,51,-2,0,0,0,-2,0,0,35221,33654,29650,0,34358,0,16076,16731,5224,0,27034,0
110000,2,1,2,35,1,0,0,0,0,-1,24451,21698,28058,26264,33690,24998,1638,7783,26411,11521,20190,7314,1
200000,2,2,2,46,1,1,0,0,0,0,98896,105532,98504,103491,92666,97427,5895,5307,86014,40481,59620,85952,0
40000,1,2,1,39,1,1,1,-2,2,2,37905,27323,35767,0,22951,21552,2683,773,3744,0,23,747,1
60000,1,3,2,36,2,0,0,0,1,1,12812,10777,9938,8065,8657,11148,1019,8502,4079,6040,145,1565,0
90000,2,3,2,66,0,0,1,0,0,0,29171,38720,40095,36310,29383,35552,18833,22105,603,7209,13440,22685,0
350000,2,1,1,50,-1,-1,-1,0,-1,-1,114041,129320,102761,102195,91778,94882,54228,85894,57701,52733,63049,79983,0
130000,1,2,1,40,-1,-1,0,0,0,2,35662,45262,38420,28726,44914,40333,20815,42279,24526,21474,6167,9498,0
220000,2,2,2,46,0,0,0,-1,0,0,166798,198470,153829,162794,129441,156534,111246,131381,126752,85871,52216,114956,0
40000,1,2,1,32,-2,0,0,-1,0,0,0,18199,20194,25074,27993,20751,0,11388,3234,20398,17109,11981,0
80000,2,1,2,35,0,0,0,-1,0,-2,4652,8285,6307,4956,6529,0,3301,5048,4833,3049,1929,0,1
120000,1,2,2,37,0,0,0,-2,0,0,13944,21013,16092,0,13544,15883,11812,12114,12332,0,9263,11124,0
50000,2,2,2,40,1,1,1,-2,0,-1,38030,34410,32391,0,33649,20573,3654,400,7826,0,18718,7007,1
130000,2,1,1,36,0,0,-1,-1,-1,-1,39004,30689,67373,52805,40408,43014,32340,17797,28381,34751,37174,33383,0
30000,2,3,2,47,0,0,-2,-1,0,0,8522,7002,0,7501,7400,5977,4389,4692,0,3382,1005,2417,0
250000,2,2,1,45,-1,-2,-1,-1,-1,-2,169374,0,95368,140795,111992,0,155710,0,59010,77119,99873,0,0
110000,2,3,2,32,1,0,1,0,0,2,32516,26815,25315,27684,21212,27542,1965,7754,1030,20872,18394,334,1
60000,2,2,2,39,-2,0,-1,0,-2,-2,0,6205,6597,6708,0,0,0,3694,5354,4796,0,0,0
200000,1,1,1,31,0,-1,0,0,0,0,99019,97978,105988,105121,82437,86282,46864,78703,99081,39673,72431,25183,1
60000,2,3,1,49,2,2,2,0,0,0,24320,20221,24360,21874,24095,26311,271,2657,7175,8687,3488,16417,1
60000,1,3,1,30,0,1,0,0,0,0,6807,5002,6344,6378,5082,5597,4257,632,4121,2805,4416,4261,0
30000,2,2,2,66,0,0,0,0,-1,-1,3920,4320,4009,4586,3606,3895,957,1577,2200,2508,1546,2914,0
50000,1,2,2,38,1,1,0,0,0,-1,58346,38130,49318,60167,48641,54465,4626,3951,1055,7954,33358,10347,0
150000,2,2,2,39,1,1,0,0,0,-1,115433,85313,113128,82461,86042,87114,5141,5667,67265,57997,41546,33576,0
40000,1,1,1,56,0,0,0,0,0,0,21892,16732,11729,17215,14213,19920,13852,10448,6408,4694,9949,9372,1
30000,1,1,2,32,0,0,0,-1,0,-2,22544,23866,19888,20833,20315,0,6236,18555,18181,17174,6192,0,0
160000,2,1,1,40,0,0,0,0,0,0,27974,33430,29357,23243,32506,29342,18884,18078,19089,22525,27129,6511,0
390000,2,2,2,44,0,0,0,0,-1,-1,79713,106634,82541,97298,110111,86541,32438,82363,69289,52005,56044,73840,0
70000,2,2,3,41,1,0,2,1,0,0,18189,21670,16461,19976,19654,16390,2014,10941,1050,3886,17503,9052,1
290000,2,2,2,46,-1,0,-2,0,0,-1,18715,20364,0,14320,17325,16723,2704,16092,0,9079,14616,9322,0
120000,2,2,2,30,0,0,0,0,-1,0,24449,29100,36687,21865,32449,24349,24167,16677,19638,15786,8559,13805,0
40000,2,3,1,30,1,1,1,-2,-2,1,22498,19251,22320,0,0,20989,6860,1872,1957,0,0,1905,0
240000,2,1,2,39,1,0,0,-1,0,0,115360,197918,129666,181128,191920,152507,4034,54979,11409,98480,184913,120275,1
110000,1,1,1,30,0,0,0,0,1,0,100286,85150,85722,80987,86925,67018,31169,70718,14386,34521,6592,63757,0
130000,2,2,2,43,1,0,0,0,1,0,75347,78027,75508,75986,79621,80389,14321,56808,65977,61675,1324,27500,0
100000,2,1,1,42,1,2,0,-1,0,0,34408,37329,29666,28524,28441,25270,889,11221,23176,25447,7901,18731,0
80000,2,3,1,31,2,1,0,0,0,0,47612,39991,48106,51464,50283,56458,780,5786,12750,32338,38722,37241,0
20000,2,2,1,32,0,0,0,1,1,2,13882,13225,13457,14747,12709,14085,5881,7011,5725,588,790,530,1
150000,2,2,1,30,0,0,0,-2,1,1,47000,33928,35529,0,28982,34165,33831,18846,3604,0,1081,3029,0
110000,2,2,1,39,0,0,0,0,0,0,9929,10687,11421,12337,12332,11561,2038,9652,10095,7253,4876,10325,0
110000,2,2,1,30,0,0,0,0,-1,-1,59007,62118,65303,57812,65666,61799,9434,57088,35148,45936,25088,48938,1
70000,1,1,2,39,0,1,0,0,0,-1,34736,34172,45054,41862,40188,37804,24949,3779,34046,37144,22529,24517,0
200000,1,1,2,34,1,0,0,-1,0,0,77655,96011,97126,109968,109110,114004,12978,80841,73957,105456,28619,29514,0
40000,1,1,2,30,0,0,1,1,1,-2,27798,24991,26507,32176,34961,0,20789,18281,436,563,331,0,0
110000,2,2,2,45,1,0,0,0,0,-1,56783,71889,56569,55619,55607,44005,8966,32727,24020,50577,36894,35213,0
80000,2,2,1,36,0,0,1,-2,0,0,16162,17432,16183,0,8446,18663,15681,7872,964,0,5267,9144,0
90000,2,2,1,49,0,0,0,0,-1,-1,68777,67391,59694,56934,64604,47478,41147,28048,32187,34292,58239,8843,0
90000,2,2,1,61,1,0,-1,0,0,-2,30224,45555,32906,37052,36152,0,1141,30437,21847,12315,31731,0,0
80000,2,1,2,31,0,0,-1,0,1,-2,26857,32860,29827,31499,30301,0,974,13873,16957,27352,1031,0,0
130000,2,2,2,32,0,0,-1,-1,-1,0,9935,12435,13065,10820,10572,10225,5070,11158,8939,5994,3538,7776,0
90000,2,1,2,53,0,-2,0,0,-1,-1,18620,0,26341,28221,21662,23740,7445,0,21932,12636,12443,9216,0
210000,2,2,1,38,-1,-1,0,1,2,1,65261,65187,57168,67339,54381,61363,25701,22329,48961,19913,299,4537,0
420000,2,2,2,31,0,-2,3,0,0,0,206613,0,158530,263329,184186,185952,199015,0,7720,92001,124592,80254,0
110000,2,2,1,36,-1,0,-1,-1,0,-1,33046,42328,49044,48151,38864,37274,27974,29435,35838,28609,10883,8661,0
90000,2,4,1,34,-1,-1,-1,-1,0,0,3752,3450,3943,3407,3416,4149,3555,1730,3285,2202,2851,2134,0
170000,2,1,1,30,2,0,0,0,-2,-1,99815,66744,94010,97442,0,83495,2243,16089,44893,52514,0,19527,1
50000,2,3,2,34,0,0,-2,-2,0,2,13907,14589,0,0,13606,12075,8306,6675,0,0,5797,947,0
40000,2,2,1,36,0,0,0,0,0,0,1711,1663,1665,1331,1622,1664,1275,1261,713,829,1396,1328,1
100000,2,2,2,37,0,-2,0,0,0,1,34093,0,25971,35785,30251,28406,20713,0,14395,30841,17623,2467,0
50000,2,2,2,35,0,0,0,1,1,0,39566,22337,34787,28309,26449,32994,30346,17510,27271,8627,1428,17154,0
90000,2,2,2,33,1,2,2,0,0,0,49487,43712,43604,48613,48990,55211,646,481,8294,8154,31340,25600,0
130000,2,3,1,38,0,0,-1,0,0,0,35408,29836,25449,30556,28030,24091,17618,28364,14989,23381,12763,13087,0
80000,1,3,2,52,0,1,0,-2,0,0,28185,32165,29842,0,34429,31952,25457,1045,19920,0,13267,7928,0
60000,2,2,1,31,0,1,0,0,0,0,12973,13426,12916,13882,15081,12689,4197,206,9255,6156,2269,9100,0
250000,2,3,1,44,0,1,0,-1,-1,1,79288,92180,99857,90117,52815,63294,44704,12051,55769,78085,35711,5571,0
100000,2,1,1,37,0,-2,2,2,-2,1,37402,0,28379,21599,0,30379,26675,0,127,432,0,3448,0
560000,2,1,1,55,-1,-1,0,-1,-1,-2,73368,53068,67850,74120,59108,0,56766,10941,57033,47065,24827,0,0
120000,2,2,1,31,1,0,0,1,0,-2,147357,130188,106549,156732,111172,0,949,77794,64221,16293,102728,0,1
80000,2,2,3,36,-1,-2,0,0,0,0,44400,0,45929,43907,37129,35989,25387,0,41975,12728,20747,30186,0
80000,2,2,1,40,0,0,0,-1,-1,-1,30270,27800,23629,27635,30570,19194,17142,17412,8498,14754,9079,16967,0
320000,2,2,2,34,0,0,0,0,1,0,213960,181358,180717,146273,196756,116370,193768,160865,146323,128859,21034,62978,1
60000,2,1,2,32,-1,0,-1,0,-1,-1,32962,35526,26098,34440,29713,30760,10175,34839,15888,16435,4039,24740,0
70000,1,2,2,34,0,0,0,0,-2,2,16670,23034,20364,25286,0,26489,14314,21439,14416,19264,0,3933,0
40000,1,1,1,32,-1,0,0,0,1,0,22182,16426,16940,19485,15168,18113,5054,11763,6827,3731,224,10339,0
40000,2,2,1,32,0,0,-1,0,1,0,9386,9550,7537,8096,8439,6887,4061,4244,4897,5856,948,5007,1
70000,2,1,2,48,-2,2,3,2,2,3,0,4784,2857,4615,4165,5673,0,263,238,25,448,1384,0
210000,2,1,1,42,-2,0,0,0,0,0,0,96354,98247,100730,102348,94329,0,81633,44325,68503,84811,65145,1
110000,1,2,1,41,0,0,1,2,2,1,48473,42722,39666,44994,51162,58192,39175,31595,533,9132,5516,2359,0
150000,2,1,1,37,2,0,-2,0,0,0,51342,30380,0,37096,40230,37782,4100,26920,0,14051,37180,21304,1
290000,2,2,1,34,0,-1,0,-1,-1,-1,142348,141375,142974,133896,170909,155233,96000,102271,86875,68815,95514,73527,0
100000,2,1,2,34,0,0,0,0,0,-1,64057,55092,53817,40215,49432,57832,51991,25751,31841,34711,44773,14843,0
60000,1,2,2,34,0,-1,0,0,-2,-1,23724,17955,18401,18565,0,16720,20545,4514,9406,12312,0,10280,0
160000,1,2,2,30,0,1,-2,-2,0,0,78397,110235,0,0,63191,83795,60804,38554,0,0,16051,37398,0
50000,2,2,2,39,0,0,0,0,0,-2,10028,8945,11684,9478,10994,0,6168,8014,5270,5861,9434,0,0
40000,1,2,2,37,0,0,0,0,-2,2,2570,2538,2572,2472,0,3072,2334,1571,1838,2266,0,119,0
50000,1,1,2,45,-1,-1,-1,0,-2,0,29388,28541,30783,23388,0,27327,12802,18096,27617,13301,0,21761,0
40000,2,2,2,44,0,0,0,0,0,0,13743,13330,10623,12477,9137,11210,3096,12390,10207,10933,8337,9159,0
150000,1,2,3,37,1,1,0,0,1,0,86543,81099,75273,54913,68463,69613,1618,2,42485,19780,1763,52898,1
90000,2,1,2,33,0,-1,-1,-1,-1,-1,6424,8988,7217,7856,7968,6711,5846,3558,4255,6793,4793,2528,0
230000,1,2,1,36,-1,-1,-1,-2,0,0,152093,117932,160531,0,129838,101285,29708,57372,109534,0,114078,76599,0
140000,2,2,1,31,1,0,0,1,1,1,99368,91227,72488,86309,81072,97664,722,60554,24179,29234,1457,23824,0
40000,2,3,2,44,-1,0,-2,0,0,-1,27720,23727,0,32895,24670,24558,19241,11964,0,12741,18758,11091,0
210000,2,2,2,31,0,0,-1,-1,-1,-2,104976,89247,102244,88697,92111,0,83769,65598,91700,67437,58640,0,0
80000,2,2,2,32,0,0,-2,-2,-1,0,57189,36225,0,0,45128,42153,49787,9914,0,0,36797,14023,0
120000,2,3,1,33,0,-1,0,-2,0,0,58045,60021,50436,0,37864,41320,35405,42319,6707,0,15198,40306,1
40000,2,2,2,30,-1,-2,-1,-2,-1,-1,10191,0,8881,0,8289,6061,212,0,6579,0,7889,4383,1
100000,1,2,1,43,-2,0,-1,-1,0,0,0,30553,32781,38860,34537,31185,0,28356,30134,5045,25773,23707,0
160000,2,2,2,39,0,0,1,0,1,1,13466,18049,10365,13395,18867,12830,11503,6022,512,1718,4400,913,0
210000,2,2,1,41,1,0,1,1,0,1,35818,36752,32457,31735,27703,32756,4957,13696,297,338,23535,2365,1
50000,2,1,1,41,2,0,-2,0,2,0,33680,37740,0,30586,30799,31445,51,20245,0,23083,1550,16893,1
80000,2,2,1,39,0,0,0,0,1,1,24461,29319,26397,26431,23656,18379,13875,12900,12956,18621,153,1441,0
250000,1,2,2,49,0,0,0,0,0,0,57114,71838,65135,60345,50799,51586,35686,57351,28015,41363,35153,17998,1
70000,2,1,2,33,-1,0,0,0,1,1,14940,13131,14907,14809,13331,9663,7413,3639,9210,7375,1124,2428,1
50000,2,3,1,33,0,1,1,0,0,-2,14298,18366,12079,14930,12831,0,11026,1124,466,3142,9935,0,0
50000,2,2,2,42,0,-2,0,0,0,0,14065,0,13941,13780,9996,12100,4357,0,3447,10983,7542,8755,1
80000,2,2,2,39,0,0,0,0,0,0,56071,53575,46480,55118,53115,44381,53879,26584,22326,39937,45967,19507,0
200000,2,2,1,39,0,-2,0,0,-2,0,44154,0,49341,54130,0,34327,23413,0,33184,31532,0,5235,0
90000,1,2,2,36,0,0,1,0,-2,0,37450,32326,35307,34017,0,27889,22782,7845,6942,25674,0,24941,0
180000,2,2,2,31,-1,-2,-1,-1,-1,-1,74746,0,49302,59207,52162,68575,29089,0,45743,33755,34329,63221,0
150000,2,1,1,30,0,0,0,1,0,0,21129,31664,23065,28492,29322,25646,9774,14292,14571,2111,11329,21092,0
40000,2,3,1,37,0,0,0,-1,-2,0,17423,12340,17809,15925,0,14396,3912,8997,8057,13621,0,7928,0
200000,1,1,1,43,2,-1,0,-1,0,0,80822,102763,89344,77136,86613,76452,10931,76968,23959,73320,27341,61003,1
160000,1,2,2,33,-1,-1,-1,0,-1,-1,26015,34163,26902,24629,21087,20068,22175,11948,24358,10247,13589,16074,0
310000,2,2,2,45,0,0,0,0,-1,-1,165258,205110,163436,207439,186879,130827,105813,137468,111008,62306,91060,63352,0
150000,2,1,1,47,1,2,-2,2,2,0,134151,109448,0,103618,116156,103700,20654,18810,0,13974,2309,49731,1
270000,2,2,2,30,0,0,0,0,-2,-1,71507,62068,69881,68362,0,64701,46013,36585,60819,42734,0,57195,0
710000,2,1,2,45,-1,-1,-1,0,-1,-1,195474,153416,111643,131642,183957,144789,157488,152066,58936,129300,74008,76427,0
300000,2,1,2,31,-1,-1,0,0,0,0,84442,78873,63557,53513,60942,69061,22902,11080,24192,24263,42201,58794,0
60000,1,2,1,40,0,-1,0,0,0,-2,5700,5119,5367,5602,4312,0,3239,1564,3347,4505,1382,0,0
120000,1,2,1,35,-1,0,-2,-1,0,0,15810,13005,0,17121,20877,16848,8306,12575,0,11059,4192,11787,0
90000,2,2,1,41,0,0,0,-2,0,0,74837,68472,70851,0,66506,73875,50093,25779,56767,0,47254,56684,0
150000,2,1,1,34,-2,0,2,8,2,2,0,43406,43484,35897,43711,37185,0,33954,5066,1724,7030,11210,0
20000,1,1,1,32,-2,0,0,0,0,2,0,6892,9744,7677,8002,6159,0,4645,5459,2480,2999,688,1
80000,2,2,2,40,0,0,0,0,-2,-1,1715,1585,1684,1852,0,1529,1131,1083,1545,1095,0,1140,0
30000,2,2,2,39,0,0,0,0,0,0,10725,10246,9554,9325,9360,10026,9517,6193,8767,7019,4100,2290,0
150000,1,3,2,49,-1,-1,-1,-2,0,0,32167,32489,30155,0,29788,28183,28189,30961,23456,0,29430,8196,0
70000,2,2,2,34,2,3,4,1,2,2,29306,30873,21874,30333,32441,26357,3805,1715,3399,2480,3079,754,1
100000,1,3,2,39,1,0,1,0,0,1,35070,37992,41903,42965,37096,35493,1755,24523,186,26611,26442,2521,0
170000,2,2,2,33,0,-2,0,-1,-1,0,100384,0,95657,91760,96797,94769,20025,0,85841,84558,24367,72258,1
130000,1,2,1,31,2,1,2,1,2,3,66190,66978,69300,67149,57298,53830,18669,1898,623,11341,876,1848,1
110000,2,1,2,31,0,0,0,0,0,0,13042,10550,8783,12416,12297,12408,10517,6511,5525,10868,3774,12236,0
40000,1,4,2,50,-2,-1,-1,-1,0,-1,0,17283,18168,17377,17783,16872,0,11632,12956,4987,13556,13684,0
80000,2,1,2,31,0,0,1,2,1,2,25933,44847,34609,29934,33960,29340,22554,25471,1676,894,10899,2869,0
130000,1,2,1,49,-1,0,1,1,0,1,59414,53078,51273,44197,36062,42970,39760,31373,6861,1271,32721,7648,0
20000,2,2,2,32,0,0,-2,1,0,1,1620,1991,0,1993,1918,1540,788,351,0,24,424,221,0
330000,2,2,1,36,1,1,1,0,1,1,297763,260585,336469,311392,253638,265033,1656,40009,59174,86849,29285,11056,1
180000,2,2,1,49,-1,-1,-1,-2,-1,-1,100148,84983,71901,0,70708,81725,95010,81500,64316,0,32840,39311,0
40000,2,1,2,33,2,0,0,-1,-1,-1,10252,13934,10242,12778,9969,10335,158,973,4649,8059,4248,7798,1
100000,1,1,1,31,-2,0,0,1,0,-1,0,30908,33063,36362,38232,29814,0,15682,12547,7075,29096,13899,0
70000,2,1,2,37,-2,0,0,0,0,0,0,8726,7483,6802,6790,7107,0,4667,6500,4135,3735,4740,0
220000,2,3,2,40,2,0,-1,0,0,0,75391,94326,91256,84696,71802,96637,508,74673,44172,77639,59597,36037,0
40000,2,1,1,44,0,1,0,0,0,0,7675,5549,6503,5536,8654,6353,4045,1277,3515,4739,6391,3817,1
150000,2,3,2,36,0,0,0,0,0,1,8325,6183,7765,9303,6898,8758,2991,2182,7346,6505,5311,1033,0
90000,1,1,1,41,-1,0,0,0,1,1,49397,45483,53695,41692,33013,27902,28065,30625,16052,18179,2617,5089,1
220000,2,2,1,30,-2,1,0,0,-1,-1,0,163336,177226,196850,141678,134642,0,21950,124827,18567,134446,77552,0
400000,2,2,2,31,-1,0,-1,-1,-1,-2,109961,91521,125695,96256,107564,0,54605,40214,82079,71653,72698,0,0
100000,2,2,2,31,0,-2,0,-2,0,0,52293,0,35368,0,41832,38669,35006,0,23158,0,34587,35936,0
230000,1,2,2,41,1,0,0,0,0,0,65905,46818,48836,42672,45996,48056,2829,19970,16990,29875,40276,34007,1
180000,2,1,2,48,0,0,0,-1,-1,-2,55499,62236,65221,58970,56634,0,50693,29043,32661,45148,39358,0,0
140000,2,1,2,36,0,0,0,0,-1,-1,19071,21872,23463,24830,22351,21180,13777,15835,22779,16034,12953,9257,0
130000,2,3,2,36,0,0,1,-2,1,2,46773,45818,50675,0,48749,61672,18566,37820,3756,0,232,5200,1
300000,2,1,1,45,0,-1,-1,-2,-1,-1,71708,62147,75173,0,60357,65049,26091,47113,36704,0,4465,47297,0
90000,2,1,1,40,0,-1,-1,-1,-1,-2,15461,16168,18943,10446,16656,0,9744,9881,15178,8223,14459,0,0
90000,2,2,2,40,-2,-1,-1,-1,-2,-1,0,31332,33118,34021,0,29789,0,24512,18353,18784,0,21873,0
130000,2,1,2,33,0,0,-1,-1,-1,-2,37662,35702,31408,36071,32498,0,14187,26850,25478,29301,27383,0,0
30000,1,1,2,41,0,0,0,0,-2,0,4072,3842,3686,3530,0,2548,3421,711,1048,1586,0,1542,0
210000,2,1,1,31,0,0,0,0,-1,-1,30631,33077,24897,30211,27524,27742,23045,10201,14994,18954,18519,16622,0
180000,2,2,2,46,0,0,0,0,0,-2,97612,94061,70418,84901,65853,0,59654,68458,22962,46116,7085,0,0
220000,1,1,1,38,0,-2,-1,-1,-1,-2,41367,0,35860,36042,35352,0,37497,0,17994,14164,13095,0,1
40000,2,1,1,47,-1,-1,-1,0,0,0,11911,12598,9813,9605,10781,10829,5133,6263,8032,3533,7430,8645,0
50000,1,1,1,33,1,0,-2,-1,0,0,25886,31302,0,27666,24438,26287,1807,13226,0,13403,15097,19158,0
180000,2,1,1,38,-2,0,0,-1,0,0,0,76183,83607,72478,80034,59649,0,49128,39782,38065,49276,41265,1
170000,2,3,1,30,0,-2,0,1,0,0,34610,0,32595,29260,26225,32919,22422,0,21644,56,21854,15990,0
550000,1,2,1,38,1,0,1,0,0,0,317350,294612,284003,286096,253077,294887,6111,198186,41332,259660,66065,263472,0
140000,2,1,1,51,0,0,0,0,0,-1,38436,34317,36655,49209,38674,38512,10493,26710,31158,35495,30163,28725,0
60000,1,1,1,33,0,0,-2,-2,2,1,13048,10109,0,0,9846,12578,8185,5085,0,0,1039,644,0
360000,2,1,1,31,-1,-1,-1,-1,0,-1,110181,117925,123942,138659,111650,87568,89648,101321,116606,41030,103086,49513,1
110000,2,3,1,48,0,0,0,0,0,-1,26593,20473,24169,22446,21278,22351,20307,14034,6564,21536,20140,12537,0
100000,2,2,1,32,-1,-1,-2,0,0,0,28205,22577,0,23730,20643,18085,5524,8735,0,23401,12265,7021,0
50000,2,2,1,32,-2,0,0,0,0,-1,0,22172,21362,16826,19728,14303,0,17074,5297,15855,17722,6177,0
170000,2,3,1,37,-1,1,1,0,0,0,25271,24374,28881,18918,20240,20547,16397,2643,1395,13799,15478,14014,0
230000,2,2,2,42,-1,0,-2,0,0,0,130957,111673,0,126049,103481,85235,123751,73132,0,113598,38403,76384,0
70000,1,1,2,38,0,0,1,0,-2,-2,24388,22964,21501,19065,0,0,21979,13726,313,16986,0,0,0
100000,2,1,2,56,0,2,0,0,0,-1,60331,66492,66159,57456,47814,59143,54282,538,12994,36843,38575,32101,0
110000,2,1,2,42,0,-1,0,0,0,0,30138,31414,33678,26241,29081,21081,21021,9741,16977,6527,26156,15081,0
80000,1,2,1,33,0,2,1,1,-2,0,28477,27077,24245,24710,0,24728,26668,3997,804,3714,0,20331,0
50000,2,1,1,33,1,1,0,0,0,0,23871,21827,21829,19358,24383,21453,5122,2962,15861,14067,10720,5803,1
60000,2,3,1,45,2,1,2,2,1,-2,17242,13779,16039,12977,11644,0,1866,389,163,2059,38,0,1
80000,1,2,2,32,0,1,1,1,2,2,12452,11004,11313,11599,9375,9690,10689,307,338,405,232,927,1
130000,2,2,1,33,0,0,0,0,-1,0,50426,45482,40993,45788,62505,57506,21253,34099,32425,18307,36579,44153,0
460000,2,2,2,30,0,0,0,0,0,-2,147473,185681,181896,173186,193683,0,33393,141932,125175,51426,100719,0,0
150000,2,2,2,50,-2,0,0,-1,0,0,0,26623,23321,21426,17620,21556,0,13386,10612,10155,10762,10074,0
220000,1,2,1,40,-2,0,0,-1,-1,-1,0,13251,12223,10780,12115,10501,0,6563,10509,5070,8675,9566,0
1000000,2,1,1,33,0,0,0,-1,0,-1,204385,249879,243441,267546,210480,245732,185281,95240,200658,123490,87784,111681,0
110000,2,3,1,32,-1,0,0,-1,-1,-1,32762,21021,25931,23832,25539,29094,24798,19857,9714,16663,15042,18367,0
300000,1,1,2,47,0,-2,-1,0,0,0,60055,0,49504,38564,44960,54705,40015,0,19418,21088,28246,39488,0
80000,1,2,2,43,-1,-2,-1,-1,0,0,17625,0,20849,26391,20332,21204,9462,0,18249,18920,13351,20596,1
40000,1,2,2,36,0,1,0,0,-1,0,15146,11872,14149,10009,11478,9485,7553,9,9737,8636,2733,4006,1
210000,2,1,2,30,-1,-2,-1,-1,-1,-2,95887,0,81317,71573,75584,0,89837,0,48582,54158,20524,0,1
100000,2,1,2,39,-1,-1,-1,-1,-2,-2,53341,59860,40756,59919,0,0,39998,58866,15993,37995,0,0,0
310000,2,1,1,34,1,0,0,-1,-1,-1,189588,174814,175872,119616,159253,161137,53111,17293,122204,50318,131681,59622,0
50000,1,1,2,35,2,1,0,0,0,-2,5897,7200,5280,6455,6304,0,171,501,2396,4434,3927,0,1
290000,1,2,2,46,-1,-1,0,-1,-1,-1,134274,108416,109364,101850,88674,96558,123825,79799,80900,60011,69096,58690,0
150000,2,2,1,30,-2,1,2,2,1,1,0,22062,25914,25223,24967,24410,0,1835,1976,1091,715,1311,1
50000,1,1,1,40,0,0,0,0,-2,0,12670,13966,10041,11483,0,10181,4636,12209,5093,1367,0,5247,0
80000,2,2,1,59,0,0,-1,0,-2,-1,23123,23255,19952,25235,0,18879,20807,18167,8333,19336,0,9892,1
150000,2,2,2,31,0,0,0,-2,-2,-1,2379,1798,1990,0,0,2220,1230,1624,692,0,0,1700,0
20000,2,2,1,41,0,-2,-1,-1,-1,0,3581,0,3521,3709,3120,3342,2767,0,2057,1841,1453,1392,0
40000,1,2,2,37,0,1,0,0,0,0,6638,8648,6816,6532,8994,5296,4714,74,6434,1381,6713,4381,0
120000,1,3,1,42,0,0,-2,0,0,0,42129,35625,0,29680,23061,39234,24934,29794,0,16932,5743,25840,1
110000,2,2,1,46,0,0,0,0,0,0,56931,47464,54609,55855,53907,53995,27084,44946,34033,38785,31029,16469,0
200000,2,4,1,45,-1,-1,-1,-1,-1,0,68480,79802,53832,68182,61150,66611,9010,64067,20456,46981,37171,46481,0
60000,2,1,1,32,1,-1,0,-2,1,1,25974,19645,16832,0,24669,23760,1360,19407,14388,0,4729,1164,1
200000,2,3,2,34,-2,1,0,0,1,1,0,88786,63538,59027,74006,49235,0,8771,38718,33590,133,750,0
180000,1,2,2,31,0,0,0,0,0,-1,56644,38529,60984,46200,47075,48057,46771,16636,39455,26803,6207,33062,0
80000,1,3,2,32,0,1,1,1,-2,0,25145,18550,24148,29222,0,27031,8754,2137,276,1957,0,22662,0
40000,2,3,1,47,1,0,0,0,1,1,7969,13000,11261,10052,11944,10409,289,11886,10652,6574,1980,78,0
280000,1,2,2,36,-1,-1,0,0,0,0,209194,184369,138698,104228,171711,115649,117868,103351,30621,92332,88015,74702,0
80000,1,1,2,32,0,0,-2,0,2,3,39612,37121,0,38755,40260,28657,26558,18875,0,17462,13766,1721,0
140000,1,1,2,43,-2,0,0,1,1,0,0,30464,28232,29907,33703,29013,0,29810,9263,2449,3010,5425,0
80000,1,1,1,49,0,0,0,0,0,0,66173,41117,47840,48876,53922,60318,32868,30880,33195,25886,40411,37148,0
80000,1,2,2,46,1,0,0,0,0,-1,18751,23078,22819,21727,22930,19733,3860,15056,8906,16626,18121,16684,0
150000,1,2,2,35,0,0,1,1,2,1,57057,30806,39455,40790,38258,30029,52279,21844,5814,4609,2677,645,1
100000,2,2,2,41,-1,-1,-1,-1,0,-1,1871,2070,2037,2138,1736,1851,1777,1594,1701,1247,1306,1436,0
70000,2,2,1,40,-1,-1,-1,-1,-1,-1,3756,3954,3559,3305,3762,3776,1352,1993,2675,2537,2569,3578,0
80000,1,2,2,32,0,1,0,-2,1,0,40434,38078,26090,0,26058,26860,26849,2277,18820,0,2268,18743,0
90000,1,2,2,34,1,0,0,-2,0,0,49588,59083,68055,0,64085,50032,13856,42958,44136,0,29275,23827,1
270000,2,4,2,46,-2,0,-1,-1,-1,-1,0,51212,51191,52293,53961,37857,0,31939,43684,30776,40821,22106,0
130000,2,2,2,33,2,1,1,1,0,1,21453,24852,30455,21986,17566,22549,1088,4750,167,220,12327,210,1
20000,1,3,2,31,-2,0,0,0,1,1,0,5095,4881,5420,5349,6789,0,3510,3714,5283,184,528,0
250000,2,3,2,31,-1,-1,-1,-1,0,0,77992,64190,86718,78067,92016,69139,62111,44882,52287,22869,54599,22304,0
120000,2,1,1,36,-1,0,-1,-2,-1,0,41349,39139,35233,0,31107,36024,27759,15125,27727,0,16374,4636,0
360000,2,1,1,36,0,0,0,0,-1,-1,111512,94745,101628,74572,81066,82079,85149,39695,55380,64432,70083,43170,0
90000,1,2,1,36,0,0,0,0,0,1,20785,16650,21953,22714,17675,18980,10659,11142,7720,16383,16860,3479,0
80000,2,2,2,46,1,2,2,1,0,1,51319,46511,36758,41606,38105,39921,4414,7021,2705,4399,32130,875,0
200000,2,1,1,33,0,0,0,-2,-2,-1,16740,14394,12772,0,0,10916,9757,9507,11286,0,0,6617,0
290000,2,2,2,35,-1,0,0,0,0,-1,96703,89418,112174,89675,109901,75134,54446,60568,106215,15516,31626,30225,0
100000,2,3,2,32,4,2,1,0,0,-2,70081,45916,51432,70907,59902,0,24433,15,1395,35009,47688,0,1
70000,1,1,1,31,0,-1,-1,0,0,-1,29578,30315,28327,26840,26179,27845,17780,18865,25501,7267,15580,24826,0
50000,2,3,1,33,0,0,-1,-1,1,0,28438,20718,18833,27286,17046,19418,9076,6768,9416,23199,8598,15240,0
200000,2,2,2,30,0,0,0,0,0,1,118409,145573,93710,96868,108795,107426,85147,122610,20874,46394,64087,9401,0
270000,2,2,2,30,0,-1,-1,-1,-1,-1,42994,50598,52037,41659,50334,45973,39589,20527,48867,27164,20944,37963,0
110000,2,2,1,32,0,0,0,-1,-1,-1,65573,29814,43807,58261,35639,55219,29745,14184,26098,9734,12237,48933,0
80000,1,1,1,40,-1,-1,-1,-1,-1,-1,61487,58599,46424,51078,55294,52403,8643,32156,39708,45529,39087,15316,1
140000,1,1,2,46,0,-1,-1,0,0,0,7778,7976,7679,8162,7134,5740,3483,1963,4688,7343,4520,766,0
260000,2,1,1,36,-1,-1,0,0,-1,0,6496,6245,5308,5497,5701,5927,2812,3972,3204,2183,4347,2939,0
280000,2,2,1,46,-2,2,1,2,2,0,0,259859,255100,261212,256693,186105,0,26686,271,1181,8367,97176,0
70000,1,2,1,53,0,0,0,0,1,-2,37562,41621,35502,26977,24019,0,30428,35326,10223,15541,7957,0,0
20000,2,2,1,35,0,1,0,1,0,-2,5431,6228,5630,5365,6365,0,1281,872,2347,766,5229,0,1
30000,1,2,1,30,0,0,0,0,0,0,8156,5440,5531,7897,5685,6957,6066,4307,4793,3219,4643,3583,0
130000,1,1,2,34,-1,-2,0,0,0,0,31057,0,30541,32809,33660,32039,13073,0,20027,19516,26731,19405,0
130000,2,2,2,42,2,1,1,0,0,0,89987,107848,92523,103349,80215,71530,5852,7422,9195,32261,73302,13300,1
80000,1,2,1,41,-1,-1,-1,0,0,0,55187,39558,33588,28781,38403,40715,43954,28188,19495,19878,19628,10563,0
100000,1,1,2,40,0,1,0,0,0,-1,18528,23581,22588,32838,27139,20341,14650,2825,14352,24424,21239,11362,0
40000,1,3,2,32,0,-2,0,1,2,-2,16586,0,14241,14364,15041,0,9800,0,12386,500,422,0,0
110000,2,2,2,33,0,0,-1,-2,-1,0,40815,47320,45007,0,43474,42825,16160,35991,19101,0,38474,24564,0
160000,2,2,1,36,-1,-1,0,0,0,-2,32084,38797,39031,41649,37171,0,20819,7423,29756,11912,17651,0,0
140000,1,2,1,32,0,-1,0,0,0,0,41284,52677,45205,44201,53042,36953,17949,31502,35765,13158,40823,23294,0
190000,2,2,2,33,1,1,1,1,1,0,41112,43669,44136,43312,27433,34661,759,1393,7192,9192,4982,8415,0
180000,2,2,1,32,0,-2,0,-1,-1,-1,41734,0,28733,34248,34364,34129,17954,0,12087,24149,30096,26152,1
220000,2,2,1,37,-1,0,0,1,-1,-1,60063,55355,63517,56444,52882,47834,42045,32555,26088,3285,48418,34069,0
110000,1,4,2,44,-2,1,2,2,2,1,0,39672,36431,47345,35031,30092,0,2264,5963,7686,3604,2385,0
110000,2,1,1,41,0,0,-1,-1,-1,-1,28919,25322,30872,36013,34635,26211,26369,14975,24062,26840,19200,15565,0
260000,1,2,1,39,1,0,0,-1,-1,-1,86278,109734,92261,98853,83341,86141,6028,58240,70895,88927,65509,63366,0
20000,2,2,1,32,0,0,1,1,2,3,1059,1558,1261,1348,1352,1118,818,311,116,48,30,3,0
80000,1,3,1,40,0,0,0,0,-2,0,14354,20005,11056,10277,0,11568,14095,12964,9752,3730,0,9158,0
20000,2,2,2,35,-1,-1,0,1,1,1,5973,6318,5025,4663,4684,3456,4646,1432,2535,161,399,141,1
120000,2,2,1,38,-1,-1,0,-1,-1,0,56790,60262,61744,57096,60344,54252,23028,27352,41200,16157,16349,29887,0
90000,1,2,2,36,0,2,0,0,0,-2,25289,18279,22489,22597,16580,0,23149,88,15762,11942,11601,0,0
20000,2,2,2,30,1,0,0,-1,-1,0,12887,10022,11547,10571,10671,11027,1087,9834,5671,8743,5614,8006,1
340000,2,2,2,31,0,-1,-1,-1,-2,-1,70915,65399,54990,60855,0,93271,40251,49668,29935,19429,0,86215,0
50000,2,3,1,34,0,1,0,0,0,0,11746,14414,11400,8127,11429,10189,8338,3522,4631,2669,7522,5449,1
160000,2,2,1,31,0,0,0,0,-1,-1,63087,42957,47216,41999,54894,57720,46274,42289,41521,36247,37637,27906,0
120000,1,2,2,45,0,0,-1,-1,-1,0,9428,8884,6046,8434,8448,7638,9406,2857,3288,4632,3143,5678,0
140000,2,1,1,43,1,2,0,0,0,0,67287,74433,56778,43361,57968,60795,16106,8262,10462,39631,34933,53239,0
110000,1,1,1,53,0,0,0,0,-2,0,22721,33211,25281,20803,0,26243,2881,10369,19500,9359,0,16841,0
40000,2,2,1,48,-1,0,-1,0,1,1,2520,2156,2387,2271,1765,2220,1531,870,1018,1645,85,53,0
290000,2,2,1,30,-2,-2,0,1,2,1,0,0,176909,130441,177144,142000,0,0,31408,24984,10634,4979,0
90000,1,2,1,43,1,0,0,-1,-1,0,34138,29254,32431,43343,34943,34589,1769,22938,29361,38106,19139,14831,0
70000,2,2,2,30,2,1,1,1,0,0,42379,41565,39130,43517,44306,35106,1657,1492,2726,1776,35367,13795,1
130000,2,2,2,30,0,-2,0,0,0,0,20205,0,22500,14612,20438,14779,15421,0,14102,10875,8074,11875,0
80000,2,1,2,30,-1,-1,-1,-1,-1,-1,5994,4976,4400,4771,4340,4578,3729,4803,2650,2522,2381,1965,1
110000,1,3,1,44,1,0,0,0,0,0,87729,75186,85696,86327,92874,69025,13690,67019,57887,44091,81626,26452,1
80000,2,2,2,33,-1,-1,-1,-1,-1,-1,15599,17261,16807,15425,18206,17195,9322,11549,11874,5227,16595,11436,0
130000,2,1,1,30,-1,-1,0,-1,-2,-1,17145,14576,12238,14271,0,15113,8568,2722,9748,10909,0,7497,0
40000,2,3,1,39,0,0,1,0,-2,0,21930,19281,19051,18544,0,18114,15310,3448,55,16857,0,3756,0
220000,2,2,1,40,0,0,1,0,0,-1,103196,90755,152988,132987,89524,128629,75588,38693,9943,68933,8424,101351,1
30000,2,2,1,39,0,0,0,0,0,0,10271,7830,7942,8401,6916,7878,8694,6618,4302,5368,6759,1855,0
70000,2,3,2,51,-1,-1,-1,-1,-1,-2,36038,41339,41998,40873,42075,0,30073,26767,38877,35878,21856,0,0
80000,2,2,1,32,0,0,1,2,1,-2,62572,52918,68868,63331,53071,0,17773,26181,5360,538,53,0,1
100000,2,2,1,33,0,1,0,0,0,-1,45178,46990,44378,39431,39270,37278,28401,2465,42586,35034,30757,19587,0
70000,1,3,1,38,0,0,-2,0,0,0,16459,17655,0,15789,13162,13216,7707,9904,0,14267,7073,7347,0
170000,2,2,1,47,0,-2,-1,-1,0,-2,82083,0,147859,175175,146456,0,51124,0,109542,168270,70951,0,0
80000,1,1,1,45,0,3,1,2,-2,2,16889,15610,15010,14404,0,13461,11217,1409,1361,583,0,364,1
180000,2,3,1,35,0,0,-1,-1,-1,-1,28418,24365,23011,25503,25937,24689,19273,18387,14030,13006,17157,14839,0
220000,1,1,1,36,0,0,0,1,1,1,27817,28747,29547,31385,33839,24472,16026,12907,16589,3930,8671,113,1
50000,2,1,2,46,1,2,2,2,1,0,12004,7427,8758,8176,11171,10613,424,644,193,122,406,8949,1
410000,2,2,2,51,1,0,-1,0,0,-2,91479,74491,79965,87463,96853,0,4677,37792,21258,68239,18387,0,0
210000,2,1,1,33,0,-1,-1,-1,-2,-1,57660,68565,66933,77728,0,61924,23100,62300,47822,30410,0,19290,0
40000,1,2,2,39,0,0,-2,-2,0,0,29657,25100,0,0,32992,27614,20831,4448,0,0,20720,13840,0
50000,2,3,1,48,0,0,0,-1,-1,-1,20525,22263,16851,16883,14612,20757,17781,12367,11012,13955,8941,9828,0
90000,2,2,1,46,0,-1,0,0,0,0,20965,34812,42117,36953,36629,29333,16556,6215,17486,11998,26138,22986,0
150000,2,2,1,30,-2,1,1,-2,0,2,0,35141,34983,0,33131,22696,0,2758,2665,0,14850,5352,0
100000,2,1,1,31,0,0,0,0,0,0,22657,18162,18948,19157,16982,15370,16934,5157,8678,11241,5210,4497,0
90000,2,1,2,34,0,0,-1,-1,-2,-1,34190,27159,34316,24734,0,34891,26720,22517,29571,21195,0,11693,0
450000,2,2,2,34,2,2,-2,2,1,0,180542,158462,0,158210,131403,123671,32989,11795,0,29972,13789,32960,1
30000,1,1,2,34,0,0,-1,0,0,0,4845,5327,3620,4455,4701,4636,1397,3975,2056,4011,3895,3470,1
190000,2,3,2,31,-2,-1,-1,0,0,-2,0,95629,84463,109613,88497,0,0,21586,64260,70947,67899,0,0
60000,1,1,2,51,1,0,0,1,0,-2,13890,14044,15807,11991,13010,0,88,8717,14157,1327,4296,0,1
80000,2,3,1,36,0,0,-2,2,2,1,41484,42695,0,34602,33704,44158,22896,38520,0,3239,1271,16700,0
160000,2,1,2,40,0,0,0,1,1,3,17402,10556,12627,13146,13679,14740,6827,7875,12103,14,1905,3864,0
30000,2,2,2,45,-1,0,0,2,0,2,4077,3617,4926,3913,3441,4009,3217,3337,2973,10,2289,819,0
120000,2,1,1,45,0,-1,-1,-1,0,0,60840,61800,49708,54274,50584,51504,47314,48053,42406,32592,32315,29802,0
200000,2,1,1,40,0,-2,0,-2,0,-1,20387,0,14915,0,18432,18574,15356,0,11544,0,7785,13723,0
190000,1,3,1,47,0,-1,0,1,-2,0,34714,38788,22156,36234,0,27584,27120,20198,12258,5328,0,23964,0
160000,2,3,1,32,0,0,1,0,0,0,85343,80893,105184,71073,68570,65360,78115,80698,465,15474,38597,35739,0
120000,1,2,1,45,1,1,0,0,0,-1,49769,43214,45226,49971,53375,30087,5681,8843,31646,39864,32735,9515,0
170000,2,2,1,32,0,0,-1,-1,-1,-1,51577,66452,67442,47239,53088,55114,26845,40884,53685,11632,51154,20495,0
80000,2,1,2,45,-1,-2,0,0,-2,-1,24134,0,27878,28820,0,26677,19284,0,5938,18658,0,26135,0
180000,1,2,2,31,0,0,-1,-1,0,-1,13977,15947,14195,20112,14055,10930,10975,12719,7586,11731,11082,4852,0
180000,1,3,2,63,1,0,0,0,0,-1,58760,50692,41766,40453,33884,40635,2993,38266,33553,22446,31260,33006,0
80000,2,2,1,32,-1,-1,-1,0,0,0,18906,24601,17788,22364,19926,20022,14686,10556,10449,11745,10786,16185,1
100000,1,2,2,35,1,-2,0,1,0,0,31055,0,28058,33201,31763,32869,94,0,10522,1149,4799,10005,1
70000,1,1,1,35,0,0,0,-2,0,0,23981,25328,21138,0,16987,21467,8119,14158,18865,0,16576,16447,0
200000,1,2,2,50,1,2,2,1,0,-1,61297,71798,55003,68896,63629,51395,2021,14528,544,6682,44236,31263,1
90000,2,2,2,30,0,0,-2,0,-1,-1,45560,56435,0,55280,53356,64904,37975,11343,0,33414,47059,13811,0
100000,1,2,2,34,1,0,0,0,-1,0,88038,76924,89309,99104,63511,83640,3851,60274,21490,73523,39981,41728,0
60000,2,3,2,44,0,-1,-1,-2,-1,0,16523,28939,22682,0,23394,20787,11587,19856,19676,0,11063,11592,0
40000,2,2,2,32,0,-1,-1,-1,-1,-1,13969,15182,13154,13195,11831,13984,8809,11505,10248,12911,9302,6783,0
160000,2,3,1,43,1,1,0,-1,-1,-1,32684,31795,24520,36429,32257,29547,1152,595,8906,21899,19718,14674,0
400000,2,2,1,45,-2,0,-1,-1,-1,-1,0,253707,257441,256325,239725,269822,0,167560,50925,65832,172981,132021,0
150000,1,1,2,39,0,0,0,0,-1,-1,10592,17345,11625,13055,10954,12791,6364,10699,7089,4929,5773,7364,0
210000,1,2,1,36,0,0,0,0,0,0,42705,43218,44074,40819,32786,31478,34975,42965,20593,16370,20295,23742,0
30000,2,2,2,42,0,-2,0,0,0,0,14344,0,13864,13043,15331,15143,10975,0,7708,10548,5351,14990,0
220000,2,2,1,57,0,0,0,0,0,0,82502,105263,96020,58374,72393,82054,37783,29657,56114,43668,55714,45498,0
220000,1,1,1,34,-1,-1,-1,-1,-1,-1,151749,121183,152568,134258,118737,159844,139085,38493,146177,110947,72408,129595,0
70000,2,3,2,33,0,1,0,-2,-1,-1,27096,29077,29482,0,29129,24938,14920,89,15455,0,18243,19771,1
70000,1,2,1,40,-1,0,0,-2,0,1,10592,10192,6677,0,8027,8508,4309,3245,2105,0,1347,42,0
100000,2,2,2,34,-2,0,0,0,0,-2,0,14498,13650,14617,12681,0,0,5791,7067,11839,7522,0,0
180000,2,2,2,36,0,0,0,0,0,0,70331,51638,65418,58691,62703,49922,64792,9471,12672,41550,26993,43596,0
130000,1,1,1,35,0,-2,-1,0,-2,1,30893,0,27326,22664,0,18940,10703,0,22973,6140,0,5066,1
70000,1,3,2,33,-1,-1,-1,-1,-1,0,57114,39793,41624,45081,48782,44748,37407,17793,31157,34120,10317,38345,0
150000,2,2,2,34,0,2,1,0,0,0,27867,26858,22699,27258,22930,25138,13957,7733,6223,9363,15350,16546,0
100000,1,1,1,44,0,0,0,0,0,0,6519,6709,6628,5820,7047,5732,5609,1589,4426,2409,3908,4857,0
90000,1,2,2,35,-2,0,0,-1,-1,-1,0,36748,36359,34704,38926,31145,0,20367,23770,31858,25759,26460,0
150000,2,2,2,45,-1,0,-2,-1,-1,-1,70290,72129,0,67521,54917,64728,39396,45686,0,19075,41209,24533,0
100000,2,2,2,30,0,1,0,0,0,0,40440,34650,33172,30643,37271,34739,22854,3827,2845,14708,13106,32447,0
200000,2,4,2,33,0,0,-1,-1,-1,-1,116895,129439,115900,113530,82915,105555,114660,61520,57993,52337,35496,34844,0
60000,2,2,2,31,1,0,0,-2,-1,0,61366,41544,41839,0,50842,53955,130,31629,32806,0,16179,30895,1
120000,1,2,1,51,0,1,0,0,0,0,45117,51048,49066,32706,35609,27828,31616,1491,10768,24874,29715,25927,0
210000,2,1,1,35,-1,-2,-2,-1,0,-1,71274,0,0,110227,115767,98078,48536,0,0,106320,46496,32665,0
80000,2,1,1,41,1,1,-1,0,0,-1,53241,53564,60655,54070,53197,48541,3494,2906,50528,37707,20861,22398,1
80000,1,1,2,30,0,0,0,0,0,-1,28483,27703,27222,28437,34286,25675,9352,17305,12004,18522,21411,11620,0
80000,2,1,1,33,1,0,0,0,0,0,22789,18701,28282,28028,23813,21076,1810,8774,11620,24294,10895,11538,1
80000,1,2,2,35,0,0,0,0,0,0,22061,20512,17968,20114,20303,18369,18091,12521,6383,14126,5850,10755,0
80000,2,1,1,31,1,-1,0,0,0,1,67145,58209,70417,52324,70674,64394,2936,34840,37357,44955,63296,13259,1
110000,2,1,2,33,-2,-1,-1,-1,-1,-1,0,31375,45635,37622,35719,34680,0,16123,14706,19992,15394,25400,0
80000,1,1,1,39,1,0,0,0,0,0,23980,24578,24956,21415,28447,21425,5800,11895,22692,12242,20062,9647,1
20000,2,3,1,32,-1,-1,-2,-1,-1,0,6059,6602,0,3827,3126,4877,5056,4678,0,212,2390,2178,0
120000,2,1,1,40,-2,0,-2,-1,-1,0,0,33946,0,30534,29435,29950,0,30850,0,24533,18294,9019,0
40000,1,1,2,30,0,0,-1,0,0,0,20342,14419,20132,18102,23436,16362,13898,9769,4598,4789,4104,14251,0
90000,2,2,1,53,0,0,0,0,0,0,11432,11592,12302,9722,9460,9860,8101,4650,8340,8990,6589,8862,1
100000,1,2,1,35,0,-2,-2,-1,-1,-1,33679,0,0,30643,38525,34103,29156,0,0,19541,15472,27732,0
280000,2,2,2,35,-1,-1,-1,-1,0,0,199257,226135,186426,221850,159318,179820,101311,205915,102340,193291,76550,93843,0
120000,2,1,2,34,0,1,2,1,-2,2,10286,7287,8472,10064,0,8509,4654,702,303,3635,0,749,0
170000,1,2,1,35,0,0,0,-2,1,0,43050,45098,40482,0,42539,33995,24812,13154,22901,0,1664,31682,0
240000,1,1,2,70,1,2,0,0,1,0,85072,90233,121776,105030,94903,78749,3454,16580,106803,30519,2914,55742,0
80000,1,2,2,45,2,0,0,-2,-1,0,36980,39361,38112,0,41360,29301,7797,35065,25436,0,40968,20559,1
160000,1,1,2,30,-1,0,0,-2,1,0,111247,102787,105563,0,87285,107323,27209,68645,77792,0,2593,91808,0
90000,1,2,2,39,1,2,1,1,0,0,63960,59421,64046,74760,69142,49320,12987,11772,6383,13799,46384,36251,1
40000,2,4,2,47,0,1,0,-2,-2,-1,14518,13434,16704,0,0,15071,12700,317,9252,0,0,12599,0
70000,1,1,2,41,-1,-1,0,1,1,0,14604,14807,15029,16160,16175,11833,12962,9714,4898,561,401,4972,0
20000,1,2,2,33,0,-2,0,0,0,1,16446,0,12384,9857,13955,10830,12807,0,7944,4449,3981,1037,0
90000,1,1,2,38,0,-1,-1,0,0,0,34115,46283,41723,34542,37158,34339,21592,24857,27092,6376,14729,21755,0
