request_id,LIMIT_BAL,SEX,EDUCATION,MARRIAGE,AGE,PAY_0,PAY_2,PAY_3,PAY_4,PAY_5,PAY_6,BILL_AMT1,BILL_AMT2,BILL_AMT3,BILL_AMT4,BILL_AMT5,BILL_AMT6,PAY_AMT1,PAY_AMT2,PAY_AMT3,PAY_AMT4,PAY_AMT5,PAY_AMT6
req_000001,90000,1,1,1,24,-1,-1,0,0,-1,0,45290,43743,38674,41164,26638,36761,20153,41307,29828,30379,15047,35049
req_000002,90000,2,3,2,22,2,2,-2,1,0,-2,36912,46864,0,44698,40492,0,1114,156,0,794,28672,0
req_000003,90000,2,3,1,24,0,0,0,0,-2,-1,9945,8235,5908,7358,0,5319,5817,6047,2424,4040,0,1652
req_000004,260000,1,2,1,25,-1,-1,0,0,0,0,61896,53063,47240,46179,59578,49402,51674,47224,14282,34706,47150,29495
req_000005,160000,2,2,1,24,0,-2,-2,-1,-1,-1,36638,0,0,34486,32705,45254,16440,0,0,24047,27109,28553
req_000006,30000,1,1,1,23,2,-2,2,-2,0,0,10643,0,8516,0,7849,9191,760,0,532,0,2445,5704
req_000007,80000,2,1,2,27,-1,-1,0,0,0,0,12552,18265,16445,19030,15792,17058,2676,9994,12974,15384,5676,16732
req_000008,280000,1,2,1,26,0,0,0,0,-1,-1,3099,2091,3583,2654,2933,2805,1531,839,2535,1732,1102,1577
req_000009,120000,1,2,2,25,-1,0,0,-2,0,-2,92798,82929,77195,0,79583,0,18348,52453,33856,0,53872,0
req_000010,130000,1,1,2,29,0,-1,-1,-1,-1,-1,17582,20395,22311,22481,19275,19596,9381,7955,5573,15542,12350,6471
req_000011,170000,1,1,1,24,-1,-1,-1,-1,-1,-1,43737,36476,41786,41798,30608,38715,5375,12576,32956,34162,24489,18732
req_000012,70000,1,1,1,25,-1,0,0,1,1,2,20091,22303,20164,18288,17878,19335,16669,6073,2316,950,157,121
req_000013,120000,1,1,2,29,-2,0,0,0,0,-1,0,74710,80901,79687,69793,68311,0,42578,71337,71754,49881,61904
req_000014,310000,1,2,1,23,0,-1,0,1,0,0,19510,15597,23007,19604,13564,16591,12201,12510,19514,370,11972,13026
req_000015,180000,1,1,2,25,0,0,-2,-1,-1,-1,41649,47542,0,43569,39752,37558,15364,17197,0,20047,29428,11335
req_000016,90000,1,2,1,22,0,-1,-2,-1,0,-1,21622,22160,0,15121,19517,17849,15690,16548,0,12458,7444,8915
req_000017,20000,2,2,1,24,0,-2,-1,-1,-1,-2,7528,0,8136,6685,6827,0,4712,0,4829,6425,5641,0
req_000018,50000,2,2,1,27,0,1,1,1,1,1,30144,27231,27640,29462,24753,27827,21776,2281,1779,2638,71,2830
req_000019,210000,1,2,1,27,1,-2,0,-1,-1,-1,39915,0,47013,48955,38378,40684,5076,0,27349,35777,24946,14286
req_000020,130000,2,2,1,29,1,-2,0,-2,0,-1,71084,0,61772,0,50488,52309,1809,0,18842,0,32649,49068
req_000021,400000,1,3,2,25,1,-2,1,2,1,0,286913,0,187704,268405,175653,159159,43793,0,28399,14462,61929,102121
req_000022,120000,2,3,2,28,0,0,0,0,-1,-1,1791,1769,1937,1495,1954,1553,864,1292,1000,1481,830,1119
req_000023,180000,2,3,2,25,0,0,0,-2,0,0,83433,71436,66964,0,43163,82208,37757,29172,62602,0,18193,25536
req_000024,40000,2,2,1,26,-1,0,0,1,1,2,3062,2358,1667,3169,3055,2310,2495,1664,875,288,133,331
req_000025,80000,2,1,1,29,2,1,0,-2,-1,0,37285,36642,40316,0,45149,48067,4145,8417,17573,0,35804,35699
req_000026,200000,2,2,2,28,0,1,0,0,0,-1,49987,60678,56219,49488,47206,41962,23917,1420,9228,19446,42301,30571
req_000027,60000,1,2,1,28,1,0,-2,0,1,1,49020,48759,0,37275,41163,31134,3083,30149,0,28140,1282,6078
req_000028,80000,1,4,1,23,0,0,0,0,0,0,46046,38240,44322,49571,51984,35904,38379,16246,41311,21002,44891,17337
req_000029,50000,1,1,1,26,0,1,1,0,-1,-1,7359,9395,8657,6834,8099,6784,3429,1329,892,5666,3315,4931
req_000030,260000,2,2,2,25,0,0,0,0,1,-2,136386,153216,135895,118566,105764,0,66939,94122,129787,105765,3062,0
req_000031,510000,2,2,1,27,-1,-1,-1,-1,0,0,232596,170125,145553,119573,170904,174424,115614,92792,92142,85629,167760,79445
req_000032,40000,2,2,2,26,0,0,0,0,1,1,10118,8932,10391,9022,9417,8403,3445,8462,9117,8122,3518,726
req_000033,90000,2,1,2,22,-1,0,-1,0,0,0,36787,37794,53526,40977,33600,28856,32750,18822,23682,40143,8082,19477
req_000034,110000,1,3,1,28,1,0,1,0,0,0,150555,110481,84748,91725,101228,80676,31937,84405,19560,40829,65370,58786
req_000035,160000,2,1,2,22,1,0,-2,1,-2,0,91025,98484,0,63944,0,61484,6507,52732,0,3961,0,25153
req_000036,500000,1,1,1,26,0,-1,-2,0,0,0,231184,185684,0,232560,210986,190133,67724,67639,0,199507,128728,81168
req_000037,40000,2,1,2,27,0,-2,0,-1,0,0,14183,0,15333,12299,12193,12487,8663,0,2446,9266,4826,4179
req_000038,270000,2,1,1,28,2,3,2,2,2,1,214130,176802,214648,162509,178497,198032,26366,45021,4315,2930,5206,30760
req_000039,120000,1,2,2,27,1,2,0,0,1,1,49776,46170,38527,39683,33916,44137,8983,5462,20993,20067,3925,7752
req_000040,220000,1,2,1,28,1,0,0,0,0,-1,123616,169361,135916,155188,164307,145862,23374,163181,78097,119805,120650,58591
req_000041,120000,2,1,2,28,0,-1,-1,0,-2,0,48392,47979,51158,49762,0,45400,47069,13168,23874,23074,0,19432
req_000042,80000,2,3,2,29,0,0,0,-1,-2,-1,9877,10211,11095,11848,0,11882,5798,3658,8928,9459,0,10058
req_000043,40000,1,2,2,29,0,-2,0,0,0,0,2383,0,2601,2451,2287,2309,1062,0,1959,994,2163,1676
req_000044,50000,2,2,2,29,0,-2,0,-2,1,1,8714,0,10436,0,9098,8706,4482,0,487,0,1781,244
req_000045,140000,1,1,2,27,0,-1,-1,-1,-1,-1,31230,32429,29284,29252,26496,27927,20602,21723,17840,17174,22189,14516
req_000046,80000,1,1,2,26,1,0,0,1,2,2,51932,49329,38448,49058,50331,48701,729,20333,4395,1288,10167,1998
req_000047,80000,1,2,1,23,0,-2,-1,-1,-1,0,48149,0,45167,33812,39517,36623,46765,0,12366,25356,27197,14993
req_000048,70000,1,2,1,25,-1,-1,-2,1,0,0,3731,3236,0,3532,4375,4120,1287,1852,0,223,3061,3563
req_000049,60000,1,3,2,23,-1,-1,0,0,0,0,13750,18700,16079,17304,14645,17633,4364,18246,9100,16442,9557,14087
req_000050,80000,1,2,1,29,0,-1,-2,0,0,0,14922,12795,0,9405,11262,9830,6846,5264,0,6993,8532,6893
req_000051,160000,2,1,2,28,0,-1,-2,0,0,0,61652,65835,0,76474,65585,43965,38400,57798,0,18100,62592,24388
req_000052,100000,2,2,1,28,2,0,0,0,1,1,42947,57769,55263,50280,51857,45652,1879,16683,49373,40037,14383,8903
req_000053,40000,1,1,1,26,0,0,-1,-1,-1,0,4654,2725,4500,3807,3669,2562,2323,2508,2366,3261,3164,683
req_000054,160000,2,2,2,22,-1,-2,-1,-1,0,-1,93277,0,73690,75656,81672,68349,52785,0,36229,9718,69295,51619
req_000055,30000,2,2,1,23,0,0,0,0,0,-1,11487,9900,8926,11573,9255,9149,2763,8732,2933,10468,5686,6127
req_000056,280000,1,2,1,27,2,0,0,-2,0,0,252100,181042,253185,0,202406,202433,33803,153913,111117,0,110636,88551
req_000057,40000,2,3,1,27,1,0,0,0,-1,0,21772,33043,25884,29777,32171,24929,1499,18208,5239,17410,27739,8207
req_000058,100000,2,2,1,26,0,-1,-1,-1,-2,0,40061,37141,34860,32102,0,30492,20056,9328,14130,21761,0,10002
req_000059,50000,2,1,1,26,0,-1,-2,0,0,0,18434,21460,0,14359,16315,14918,16375,7881,0,12956,14265,13807
req_000060,150000,2,2,2,28,0,-2,0,0,-1,-1,5377,0,5662,4897,4604,5455,3959,0,3644,4676,300,1745
req_000061,50000,1,2,1,29,-2,0,1,2,0,-2,0,3026,3085,3047,2836,0,0,1981,131,361,1052,0
req_000062,20000,2,2,1,24,1,0,0,1,0,1,13844,10853,12493,16095,13488,8964,1421,8544,10594,2649,10029,2655
req_000063,90000,2,2,1,24,-1,-1,0,0,0,0,47072,58308,46900,39232,38122,38956,38597,42904,23198,28809,20571,8466
req_000064,120000,1,3,2,24,-1,-1,-1,-1,-1,-2,36553,45876,41538,45569,46925,0,23833,18905,16154,41077,27968,0
req_000065,160000,2,1,1,24,-1,0,0,0,-1,0,17969,18682,27515,17227,16603,21215,14971,9740,13832,13752,13869,11980
req_000066,40000,2,2,2,26,0,-2,0,-2,0,0,8114,0,9296,0,9273,7699,6005,0,7016,0,7857,6349
req_000067,110000,1,1,1,28,0,2,0,0,0,-1,36088,46759,39923,30086,26425,30018,8500,3576,38578,9119,24404,26911
req_000068,40000,1,2,3,23,1,1,1,2,-2,2,18210,14207,13961,15655,0,14894,3883,2564,119,924,0,5831
req_000069,70000,1,2,2,28,1,0,0,0,0,0,60412,58911,61844,57703,52073,57727,5545,7870,26140,49471,34834,26636
req_000070,80000,2,1,2,29,0,0,0,-1,-1,-1,64820,57641,37860,60636,58152,43787,16417,48347,7033,59746,34937,30434
req_000071,80000,2,1,1,27,-1,-1,0,0,0,0,26672,34933,37175,37293,37539,30086,18884,24676,26110,16936,31782,12268
req_000072,110000,1,2,1,25,0,1,-2,0,0,2,50482,49825,0,52543,31630,44574,24889,3607,0,17138,15759,3486
req_000073,80000,2,1,1,27,2,2,1,1,0,0,43874,58589,54175,43231,45819,51694,6486,8360,1837,1564,16069,47474
req_000074,70000,2,2,2,25,0,-1,-2,0,-1,-1,3186,4831,0,3931,4524,4489,1303,3274,0,3393,1592,3059
req_000075,70000,2,1,2,23,-1,0,-1,-1,-1,-1,1388,2197,1862,1682,1378,1880,701,1222,1392,1021,1239,1060
req_000076,270000,2,1,2,28,0,0,0,0,0,0,182574,191439,152709,206236,182280,186448,99571,143448,101995,137447,168894,89826
req_000077,80000,2,1,1,25,0,0,0,0,-1,-1,17984,21954,20339,24172,17308,16412,15202,21023,6784,21645,16071,15096
req_000078,60000,2,2,1,29,-1,0,0,1,0,0,13205,13545,14742,15387,12458,8654,1386,8882,7294,6598,7477,1684
req_000079,110000,2,2,1,24,0,-2,0,0,0,-1,46807,0,43831,33690,38053,53575,42798,0,40301,14192,27434,30906
req_000080,140000,2,2,2,26,0,0,0,0,-2,-2,19820,23679,20007,25452,0,0,14157,10150,11370,23941,0,0
req_000081,40000,1,1,2,28,0,0,-1,-1,-1,-1,16730,20129,17710,15838,17570,19555,7805,14387,10188,14281,14315,14352
req_000082,40000,1,2,1,25,-1,0,0,0,0,0,6367,5158,5344,6042,5997,5168,5206,3739,2479,5434,3289,2904
req_000083,130000,2,1,2,27,0,0,0,0,0,0,36093,36874,23469,38024,35483,23856,31523,23712,19550,32666,31261,15225
req_000084,70000,1,2,1,27,1,0,0,-2,0,0,28892,23792,24392,0,25325,24262,4393,7904,8399,0,13345,5568
req_000085,40000,1,3,1,29,-1,-1,-1,0,-1,0,21389,21393,22181,20699,19046,17635,19742,5019,8882,5692,15907,17368
req_000086,50000,2,3,2,22,-1,-1,-1,-1,-2,-1,17296,13021,18589,16213,0,13836,14576,8523,6034,8547,0,10783
req_000087,50000,2,3,2,22,0,-1,-1,-1,-1,-1,11261,9829,10048,11960,11013,9792,8973,7322,5516,7859,6342,6957
req_000088,130000,1,3,1,28,-1,-1,-1,-1,-1,0,96675,78867,103880,121676,102753,73870,87409,6785,45232,84757,82596,46443
req_000089,80000,2,2,1,23,1,0,0,0,0,0,38229,48612,39283,44645,72765,40867,5751,36250,23474,10996,48376,24329
req_000090,200000,2,2,2,25,0,0,-2,-2,-1,-1,42073,43667,0,0,42346,45566,37197,20630,0,0,35682,34182
req_000091,140000,1,2,2,24,-1,-1,-1,-2,0,-1,64179,55764,47490,0,40040,46684,47696,37813,3243,0,37345,15486
req_000092,40000,1,3,1,24,0,0,-2,-2,0,0,13096,13864,0,0,12452,8063,10181,9896,0,0,11135,2917
req_000093,120000,1,2,1,26,-2,0,0,0,2,2,0,15118,14004,16896,20281,14229,0,13437,8345,11336,526,1198
req_000094,80000,1,3,2,23,-1,-1,0,-1,0,-1,54843,49585,59845,43667,48699,41945,52642,40042,9849,12303,40283,26119
req_000095,130000,2,1,2,23,0,0,0,0,-2,2,46101,28470,39018,42457,0,40716,25493,6459,17662,34699,0,296
req_000096,90000,1,3,2,28,1,0,0,0,1,0,57184,67754,84398,47054,62677,61656,14887,66246,67280,39873,12129,24664
req_000097,70000,2,1,2,29,0,0,0,0,-1,-1,3503,3360,2905,3050,3097,3224,2899,870,2607,2121,2137,1905
req_000098,110000,1,2,1,27,1,-2,2,-2,2,1,27437,0,31936,0,26234,22768,6326,0,333,0,8871,776
req_000099,70000,1,2,2,25,1,2,1,-2,0,0,30167,25128,18221,0,20786,22493,1793,178,206,0,16918,17260
req_000100,200000,1,2,1,29,0,0,0,0,0,0,79683,95409,100545,88319,81845,61155,52406,76532,73918,82137,67599,23737
req_000101,500000,1,2,1,28,0,0,1,0,0,0,24934,28891,21797,23949,23845,16394,6833,17705,1385,10364,19294,2308
req_000102,80000,1,2,1,24,-2,2,4,2,0,2,0,3723,2889,3422,2981,3784,0,525,46,661,1800,575
req_000103,310000,1,2,2,24,0,1,0,0,-1,-1,168383,169530,170686,193258,134803,161172,144878,19817,157031,172048,35275,122814
req_000104,40000,2,2,2,27,1,0,-2,0,0,1,14304,16302,0,13510,13241,12757,1453,14527,0,5807,11700,1014
req_000105,110000,1,1,2,24,0,-2,0,0,-1,0,27664,0,28835,32071,28517,29878,7898,0,14982,14596,22712,18879
req_000106,70000,2,1,1,28,0,1,1,1,2,1,25549,23185,22073,25780,17505,24143,6479,1158,1242,2649,254,1359
req_000107,100000,1,2,2,26,0,0,0,0,0,0,18847,18992,20202,17739,20647,19927,12703,10068,16147,3170,19145,13713
req_000108,80000,2,2,1,29,0,-1,0,0,-1,-1,15323,17500,16543,13061,13748,11562,8415,16302,12341,6586,11439,9142
req_000109,100000,2,2,2,22,1,0,0,-1,-1,0,19318,19884,15008,17612,15655,14581,2947,3543,8270,14519,13734,12672
req_000110,120000,1,4,2,28,0,0,0,-2,-1,-1,28519,34758,27272,0,25852,23894,11545,16715,20198,0,6268,23430
req_000111,30000,2,1,2,26,2,1,-2,1,-2,0,19113,13615,0,16194,0,14732,400,367,0,366,0,798
req_000112,290000,2,1,2,27,1,2,1,0,0,-1,228482,266403,254060,285008,182323,277794,12572,4825,22071,215268,134069,169703
req_000113,150000,1,2,1,26,0,-2,0,1,2,2,44254,0,29939,32896,30822,40581,20458,0,29662,14641,1345,1668
req_000114,70000,2,2,2,28,-1,0,0,-2,-1,-2,3243,4197,4230,0,3385,0,1983,2232,3328,0,1766,0
req_000115,110000,1,2,2,29,-2,0,0,0,0,0,0,11840,14812,13304,12795,12346,0,5564,13050,7073,6839,6372
req_000116,120000,2,2,2,25,1,0,0,-2,1,0,32145,25673,26250,0,25380,23606,1182,16417,20349,0,5688,22478
req_000117,180000,2,1,1,25,-2,-1,-1,0,-1,-2,0,57586,32766,55979,42730,0,0,22901,19596,26484,17492,0
req_000118,70000,2,3,2,24,1,2,2,-2,0,0,21602,17490,17472,0,18659,18273,1092,1063,1690,0,9289,15815
req_000119,80000,1,1,2,26,0,1,0,0,0,0,7089,5598,4493,7153,4279,6102,5028,769,2822,5914,3064,3026
req_000120,150000,2,2,2,26,-1,-2,0,0,-1,0,79415,0,58740,76029,82797,71436,47520,0,26871,55461,39231,49987
req_000121,140000,2,1,2,29,0,0,0,0,0,0,10746,14521,9427,10932,11451,10766,9430,5993,1707,8145,8408,3103
req_000122,120000,1,2,1,29,-1,0,-2,0,0,0,69456,49814,0,37277,54905,55917,53666,35874,0,23000,9767,46942
req_000123,100000,2,3,2,25,0,0,0,-2,0,0,24568,37093,27058,0,30860,23351,20109,32046,24537,0,3417,14380
req_000124,50000,2,1,1,29,0,-2,-1,0,0,1,25159,0,23619,27877,27216,18949,16618,0,20278,9228,25432,338
req_000125,110000,1,1,1,27,0,-1,-1,-1,0,0,32905,36215,42855,25140,36637,27993,23651,34329,36970,22235,13502,23851
req_000126,80000,1,1,1,29,1,1,1,0,0,0,53493,54079,48617,49331,49007,42969,2563,8528,5263,22316,22511,30383
req_000127,150000,1,1,1,29,0,-2,0,0,0,0,60232,0,66700,57851,63715,52643,36880,0,58935,32466,46298,18773
req_000128,110000,2,2,2,28,0,0,-2,0,-2,-1,61420,58300,0,61643,0,54461,42769,33159,0,31086,0,47105
req_000129,150000,1,2,1,27,1,-2,2,1,1,2,52691,0,58011,65319,45557,51030,1153,0,10217,76,25621,7039
req_000130,90000,1,1,2,24,0,0,0,0,0,1,20881,24823,27662,16557,20900,20986,7766,11956,11685,11311,15877,4401
req_000131,150000,1,3,2,27,1,0,0,0,0,0,30993,26665,26219,31188,25691,26531,366,13436,4899,23621,15692,7044
req_000132,50000,1,1,2,28,-1,-1,-1,0,0,0,30356,16883,24111,22598,22935,24902,16348,7524,14469,15780,20022,9994
req_000133,60000,2,2,1,28,0,0,0,-1,-1,-1,8579,6078,7050,6345,7935,6951,2172,2208,5263,1446,5161,4894
req_000134,50000,1,3,1,23,-1,0,0,0,1,0,45206,41225,41840,38628,43481,33888,35768,37294,17528,38106,8613,27937
req_000135,100000,1,2,2,25,0,0,0,-2,-1,0,94623,75348,81653,0,73865,97754,32329,24090,43536,0,30238,65939
req_000136,170000,1,1,2,26,0,0,1,0,0,0,22052,18664,15678,20574,19911,20107,17801,9278,1857,14929,5802,10789
req_000137,60000,1,1,1,24,0,0,0,0,0,0,10959,13006,10491,11731,9904,11842,8386,9582,10119,3493,8323,10643
req_000138,270000,1,2,2,24,0,-1,0,-1,0,-1,75978,56635,76164,68566,52625,56960,58657,27844,31031,31272,30033,18559
req_000139,100000,1,3,2,27,-1,-1,-1,0,0,0,11082,9937,11711,12458,13342,7435,10302,7650,9585,6425,3339,5709
req_000140,40000,1,2,2,24,0,0,0,0,1,0,23848,24799,24950,22374,19261,16166,17501,19243,20470,4675,1738,13103
req_000141,60000,2,2,2,27,0,-1,-1,-1,-1,-2,19395,22405,19323,20474,20470,0,14512,18242,11280,17753,6450,0
req_000142,140000,1,1,2,28,2,2,1,1,0,0,24462,14783,20308,21113,18728,24111,3530,2756,560,4251,14024,19518
req_000143,330000,2,3,2,26,0,0,-2,0,0,0,172382,271954,0,212551,194403,137801,54092,107465,0,124211,142206,125027
req_000144,140000,1,2,1,22,0,0,-1,0,0,-1,23700,23903,26744,18847,22454,19220,16891,17045,5690,12374,16965,14559
req_000145,80000,1,3,2,27,-1,-1,-1,-2,-1,0,45875,46382,53371,0,41378,44405,35892,10282,46879,0,21445,17083
req_000146,110000,2,1,1,27,0,0,0,0,0,0,25076,26262,25380,25573,26481,22564,17212,24160,21341,14124,25635,18750
req_000147,60000,1,1,2,29,0,0,0,0,0,1,7865,9136,8646,9861,9636,7844,7231,3211,7216,6129,1658,635
req_000148,90000,2,2,1,26,0,0,1,0,0,0,14452,10017,15800,12765,12961,13291,5656,9868,514,8054,11882,9894
req_000149,70000,2,2,1,26,0,-1,0,0,0,0,12553,12449,10374,11513,9599,13196,8577,4729,4307,3138,4470,9730
req_000150,30000,1,1,2,26,-1,0,0,0,0,0,1114,857,1029,765,946,786,986,457,482,155,700,220
req_000151,620000,1,1,1,26,-1,-1,0,-2,0,-1,41630,53183,42458,0,37394,27217,34753,16002,35555,0,22809,9038
req_000152,280000,1,2,1,27,-1,-2,-1,0,0,-1,108302,0,117721,113292,89924,119128,60754,0,85041,75374,45576,94743
req_000153,60000,1,2,2,28,0,0,0,1,1,1,5260,5529,5894,4302,4481,4470,4558,5468,5116,57,280,786
req_000154,80000,2,2,1,29,2,2,1,0,0,-1,23585,40318,37013,34668,39827,28023,2602,3018,732,25316,30184,21781
req_000155,60000,2,1,2,25,2,2,1,1,0,3,32126,30548,22010,25452,32253,29522,5683,1292,1259,2410,23152,3081
req_000156,180000,1,2,2,24,-1,0,0,-2,0,-1,63528,66045,75529,0,53790,62748,56103,49071,32679,0,48500,3400
req_000157,20000,1,2,2,27,1,0,0,0,0,-2,5088,7973,5198,6502,4567,0,476,6345,4942,2459,1909,0
req_000158,70000,1,1,1,28,0,1,1,1,2,-2,12221,10953,12016,15560,13585,0,3719,165,759,1650,2682,0
req_000159,70000,1,3,2,24,0,0,1,-2,0,-2,22566,25566,21395,0,15703,0,20884,4550,935,0,7708,0
req_000160,90000,1,1,2,27,-2,0,0,-2,0,0,0,46312,56302,0,52275,53839,0,18210,16267,0,40063,32323
req_000161,50000,2,2,2,24,1,0,0,0,0,0,13407,16348,16518,15176,12679,12993,421,8272,11732,7814,4421,10016
req_000162,70000,2,3,2,24,-1,-1,-1,0,0,0,18499,21171,14372,21164,14371,18607,5831,12203,4667,3292,8899,13398
req_000163,40000,1,1,2,29,0,1,0,0,0,0,16132,20371,16992,20927,19697,13615,8930,975,11256,19539,18948,8840
req_000164,90000,2,3,3,24,0,0,-2,-2,0,0,20709,24026,0,0,15916,16394,7410,14920,0,0,6513,12572
req_000165,30000,1,2,2,23,0,-2,3,2,2,1,6481,0,7744,4149,6240,6859,3710,0,754,42,354,2595
req_000166,80000,2,1,2,26,0,2,1,0,0,0,20217,23356,16258,20940,21588,16360,13428,1317,47,17956,7043,1169
req_000167,30000,1,1,2,26,0,-1,-1,0,-2,-2,10049,7986,9815,9022,0,0,8808,4273,6755,6182,0,0
req_000168,90000,1,2,1,26,1,2,1,0,0,0,35548,32225,32347,33718,26424,29521,8141,2540,248,15805,21232,11199
req_000169,90000,2,1,2,27,0,-2,0,-1,-2,-2,26909,0,16507,23283,0,0,7705,0,11300,15460,0,0
req_000170,180000,1,1,1,29,0,0,1,0,1,1,50145,47706,61390,38055,43890,48477,39485,11042,1740,37544,5067,11814
req_000171,40000,1,1,2,26,-2,-2,1,0,0,0,0,0,7190,8048,6747,7171,0,0,642,1738,3437,2590
req_000172,40000,1,1,2,27,2,1,0,-2,2,-2,30668,27902,42522,0,28330,0,1519,1159,19730,0,3122,0
req_000173,110000,2,1,2,24,1,0,0,-1,-1,-1,72285,77863,79814,79570,68891,66292,1986,55058,19502,66048,34454,46859
req_000174,110000,2,2,1,29,0,0,0,0,-1,0,53077,43806,44538,47346,45819,40453,7815,41518,13956,28382,11533,29746
req_000175,240000,1,1,2,22,-1,0,0,-1,-1,-1,20195,16957,18367,14376,15831,18575,15191,14702,9489,11607,5231,6262
req_000176,60000,1,1,1,23,0,-2,0,0,-2,0,21822,0,21775,14502,0,21278,17022,0,10569,9098,0,9188
req_000177,240000,2,2,2,23,0,0,0,0,0,-1,128905,120625,89250,102092,102728,90800,108711,81984,57964,51731,35547,54696
req_000178,100000,1,3,2,26,-1,0,0,0,-1,0,70504,58551,52445,67846,73479,56175,32122,45513,34301,65715,50621,46123
req_000179,90000,1,1,1,21,0,0,0,1,0,-1,22618,21406,18379,23378,21758,23244,7487,8701,3464,3856,20157,18437
req_000180,100000,2,3,2,28,1,1,-2,0,0,-1,38961,33958,0,47166,42645,30034,6758,2108,0,10416,39395,24019
req_000181,270000,2,2,1,28,0,0,0,-2,0,0,22710,25313,28262,0,25666,25352,5995,18820,14374,0,24479,18139
req_000182,130000,2,1,1,26,0,0,0,0,0,-2,18498,16782,21702,17165,24757,0,8311,11972,7971,2561,20456,0
req_000183,50000,2,3,1,27,-1,-1,0,0,0,0,856,746,588,921,799,1091,694,424,383,703,296,620
req_000184,160000,2,2,1,27,0,0,-2,-1,-1,-1,110694,99894,0,104802,75064,76272,41586,83892,0,81501,44117,36421
req_000185,160000,1,2,2,26,0,0,1,1,0,0,46322,51039,38219,50437,38037,40625,23774,9817,3483,355,22128,5359
req_000186,60000,2,1,2,28,0,0,0,1,0,0,2465,1754,1693,2082,1854,1549,466,1354,362,96,982,415
req_000187,180000,2,2,2,28,-1,-1,0,0,0,0,77658,81156,91686,72335,74768,87349,49922,10051,44844,20843,28469,62425
req_000188,20000,1,2,1,25,0,0,0,0,2,2,8694,8502,7196,8458,11009,8574,7020,6487,5036,4776,679,1147
req_000189,120000,2,2,2,24,0,1,0,1,1,0,61948,74615,67320,55078,50233,45607,50548,12724,21554,28384,17256,22651
req_000190,80000,1,3,1,29,2,2,0,1,2,2,46966,54026,61431,46872,53203,50648,6613,4287,30938,1071,15225,1441
req_000191,90000,1,1,3,27,0,-1,0,-1,-1,-1,25079,19536,28322,20777,24039,28361,9603,6303,9868,14582,23873,23414
req_000192,100000,2,2,1,25,0,0,-1,0,-1,-1,33438,26140,24390,23939,28252,34017,31617,23327,20351,14688,17111,14535
req_000193,500000,1,1,1,29,2,0,0,-1,0,-1,264309,364133,243483,273176,305904,297924,47095,316286,221908,196857,234976,219872
req_000194,220000,2,2,1,25,-2,0,0,0,1,0,0,83513,95205,83175,80477,66374,0,67526,82333,68879,5452,48529
req_000195,180000,2,2,2,28,0,0,0,0,0,1,34222,35332,39554,36717,30250,31298,20104,33936,25472,21326,10581,1475
req_000196,170000,2,2,2,27,0,0,1,0,0,0,50623,41182,49865,55040,53294,37680,42728,17916,1437,44636,18047,14911
req_000197,110000,2,2,1,27,0,0,-1,-1,0,0,41125,37025,38992,33534,35596,36166,14372,30741,35483,10250,29439,28088
req_000198,240000,1,1,1,28,0,0,-1,0,-1,-1,90738,107615,85052,85471,84660,77786,53953,96913,17939,58418,36530,58569
req_000199,180000,1,1,2,27,0,0,0,0,-1,-1,17038,18674,11855,12147,17913,14990,8833,14998,7972,7194,4961,12161
req_000200,50000,2,3,2,29,0,0,0,0,0,-1,28449,28700,31468,29684,30782,20640,25145,10837,7441,26485,20866,7441
req_000201,80000,1,2,2,26,-2,0,1,0,0,0,0,9771,9942,12446,9741,11829,0,5348,199,7902,4396,10173
req_000202,100000,1,2,2,28,0,-1,0,0,-1,0,24883,23645,27979,18078,25991,21404,13318,14115,21613,14171,17102,10245
req_000203,410000,2,1,2,25,-1,0,-2,-1,0,-1,67437,59531,0,57508,49806,53955,55742,20007,0,7028,46216,42649
req_000204,100000,2,1,1,25,0,-1,-2,-1,-1,-1,55337,52992,0,42850,51645,48407,46033,28448,0,41372,23282,14791
req_000205,20000,2,2,2,29,0,1,2,2,0,0,2544,3713,3458,4621,2727,3995,1506,99,350,781,1233,3028
req_000206,20000,2,3,1,28,0,0,-2,0,0,2,12284,13120,0,10517,9543,11680,3218,11223,0,6967,6108,24
req_000207,100000,2,2,3,28,-1,0,-1,0,0,0,5312,7916,6401,6287,6155,7558,4431,4057,2015,4445,3577,3191
req_000208,260000,1,2,1,26,1,-2,2,2,3,3,201935,0,188052,157815,164643,148288,4397,0,26213,28420,56431,10597
req_000209,50000,2,2,2,24,1,-2,1,1,1,-2,36271,0,27288,24539,15556,0,351,0,208,2805,2132,0
req_000210,50000,2,1,1,24,1,0,0,0,0,-1,15356,18882,20601,9436,13684,11906,2749,9582,18465,5701,11857,11318
req_000211,360000,2,2,2,29,-2,0,0,0,0,-1,0,86929,95231,102864,81291,91736,0,19195,51558,79712,65420,85580
req_000212,250000,2,1,1,28,0,0,-1,0,-1,-1,66666,74452,49418,64097,62571,66616,52922,63004,14982,37747,15014,37452
req_000213,150000,2,1,2,28,1,2,0,-1,0,0,181380,110470,144905,130839,144732,145299,8247,13426,25766,97879,120637,101643
req_000214,110000,1,3,2,25,0,0,0,0,0,0,53428,65618,58520,53751,58331,51622,11644,28022,38209,36578,5966,39408
req_000215,60000,2,3,1,26,-1,-1,-1,-1,-1,-1,6635,9257,8603,4985,4688,6262,6422,7874,2875,2258,2916,2670
req_000216,70000,2,2,2,29,0,0,-1,0,-2,-2,36694,32373,35695,33402,0,0,14693,6231,26979,27601,0,0
req_000217,450000,1,2,1,25,2,1,2,0,1,0,140920,113264,139933,166496,143801,144072,46762,13481,9325,60708,955,67944
req_000218,30000,2,2,2,24,0,0,0,0,0,0,9804,7647,9640,7779,7807,6947,8543,866,2500,6236,7636,3222
req_000219,60000,2,1,2,24,0,-1,-1,-1,1,0,5523,4875,5855,5179,7538,6403,4168,1423,4851,3249,178,4466
req_000220,80000,2,3,1,29,0,1,2,2,1,0,49722,53801,46132,46026,51962,35808,38472,8425,8309,7818,8370,21470
req_000221,120000,1,3,1,23,-2,2,2,2,3,-2,0,43989,33334,39774,33895,0,0,1157,46,4030,325,0
req_000222,50000,2,1,2,25,-2,0,-2,0,0,2,0,27921,0,22352,24739,26272,0,7016,0,14276,11184,3395
req_000223,40000,1,2,1,28,-1,0,0,0,0,-1,12077,13093,8755,9650,9085,11958,3980,11567,8022,7018,7951,3994
req_000224,260000,2,1,1,28,2,1,1,0,0,0,113088,95506,126629,109924,108615,88939,6006,12625,277,71941,19744,30690
req_000225,140000,1,1,2,27,-1,0,0,0,-1,-1,32365,33537,38027,33640,34311,38941,14164,27891,14346,29285,28136,35918
req_000226,170000,2,3,2,28,-2,0,1,0,-1,0,0,67479,55053,57034,60215,63859,0,22516,14018,32467,23867,38501
req_000227,70000,2,2,2,29,0,0,0,1,-2,0,36914,37816,22209,37195,0,28025,26932,32098,10476,2565,0,21636
req_000228,260000,1,2,2,27,0,0,0,0,0,0,86269,103307,71161,88754,64059,85150,70960,75436,21421,83582,43891,68826
req_000229,100000,2,1,2,27,-1,-1,0,-1,-1,-1,71580,60599,58155,68984,55660,37805,27652,56323,46052,65110,41956,13527
req_000230,190000,1,1,1,27,0,1,0,0,-2,-1,10585,10527,13623,13653,0,12027,5159,137,4779,8638,0,10862
req_000231,130000,2,2,2,24,0,0,-1,0,0,0,17534,17011,18012,18727,10040,15339,11767,7534,12320,3466,8549,8937
req_000232,90000,2,1,1,29,-2,1,2,0,0,2,0,61318,49239,51460,44460,41831,0,2516,3298,45849,36547,6029
req_000233,130000,2,2,1,28,-1,-1,-1,0,-1,-1,37704,27499,33766,25168,22949,21684,14654,3746,15390,10005,18600,20724
req_000234,150000,2,2,2,24,0,-2,0,0,-2,-1,32007,0,27497,38903,0,24541,28722,0,24606,17710,0,18838
req_000235,110000,1,1,2,29,0,2,1,2,1,1,44606,33475,40276,45262,33489,38232,18651,8849,8964,1132,5883,3195
req_000236,30000,1,2,2,27,-2,1,2,2,2,2,0,2332,2679,2689,2645,2524,0,493,25,920,415,230
req_000237,210000,2,1,2,26,-1,0,1,-2,0,1,35297,30226,31870,0,28596,28058,8456,13265,3802,0,23671,2449
req_000238,50000,1,3,1,25,0,0,-1,0,0,0,21978,24728,20819,25600,20580,19883,21018,21604,17906,22804,7924,16343
req_000239,160000,1,1,2,24,1,2,0,0,1,-1,63541,75959,94571,82120,82199,62919,647,10122,16163,24133,4433,45681
req_000240,180000,1,1,2,24,3,4,5,1,0,0,166063,123984,137049,123542,113050,136082,6451,5945,1324,4633,101448,87744
req_000241,20000,1,2,2,28,-1,-1,0,0,0,2,6738,6609,5973,6318,6217,6116,4527,4749,3019,833,3051,576
req_000242,170000,1,2,1,24,-2,0,0,-1,-1,-1,0,19625,23445,28328,25442,29936,0,17267,12024,17862,14393,28632
req_000243,260000,2,2,1,29,0,0,0,0,-1,-1,117709,87070,118524,117337,127184,109535,110074,57214,77599,59033,111618,71786
req_000244,110000,1,2,2,26,0,0,0,1,0,0,48634,42894,30757,33247,29022,38842,31295,15348,10468,7607,4393,32396
req_000245,170000,2,2,1,27,0,0,-2,0,0,0,52150,53017,0,54826,46611,41576,28617,45887,0,13960,13606,37009
req_000246,40000,1,1,1,24,1,2,0,0,1,-2,19777,22335,19231,19211,18571,0,1760,859,9884,16005,516,0
req_000247,80000,2,3,1,26,0,-1,0,-2,-1,0,8491,8944,10358,0,8668,7147,5124,7828,3239,0,5437,6055
req_000248,90000,1,3,1,23,-1,0,0,1,2,1,17365,14442,15425,16659,15021,15226,6180,7193,7070,3451,160,1928
req_000249,90000,2,4,2,27,2,0,1,0,0,1,32284,30729,23675,35595,30245,29454,909,21344,5569,22579,20730,144
req_000250,80000,1,1,1,29,0,0,0,0,1,-2,22193,19606,22868,19135,16845,0,16889,11866,15540,14298,2158,0
req_000251,50000,2,1,1,27,-1,-1,-1,0,-1,-2,29400,19827,22914,23296,21699,0,8671,7053,9548,21790,18489,0
req_000252,50000,1,2,2,22,-1,-1,0,0,1,0,27447,17646,20983,22807,20367,19725,12045,11688,7614,16185,1201,17886
req_000253,110000,1,2,2,29,0,0,0,-1,0,0,28916,19533,23633,25280,18428,26551,21086,15738,16056,1906,13318,8163
req_000254,130000,1,2,2,28,-2,0,0,0,0,0,0,61161,93028,77214,67325,47626,0,58475,74008,58574,11300,14785
req_000255,50000,2,2,2,24,0,0,0,0,0,0,32151,28894,29872,30294,28719,24723,10732,10823,22301,10642,16830,14963
req_000256,120000,2,1,2,27,-1,-1,-1,-1,0,-1,54706,46519,56866,44781,37796,42724,17227,12262,35998,22320,16471,4001
req_000257,110000,2,1,2,27,0,0,-1,-1,-1,-1,47333,42997,33417,42783,32046,41838,16078,27464,29514,30673,20064,40384
req_000258,70000,2,4,1,23,-1,-1,-1,0,0,-1,63333,38704,43425,40603,62109,48184,34445,31022,37414,33432,38244,36710
req_000259,160000,1,1,2,28,0,0,-2,0,1,-2,115209,92416,0,103784,87973,0,51259,12947,0,72990,11080,0
req_000260,30000,2,3,1,23,-1,-1,0,0,0,-2,4562,4615,6116,5471,4677,0,2770,3080,3447,4112,676,0
req_000261,50000,2,2,1,26,-2,0,0,1,1,0,0,11176,10532,9398,9907,7630,0,3621,6577,621,2337,3637
req_000262,130000,1,1,2,25,0,0,0,1,1,2,78061,62441,78730,66969,69642,58939,73554,22767,73160,13822,4371,5274
req_000263,230000,1,1,1,26,0,0,0,0,-2,0,86473,70114,71627,70262,0,62461,54427,66947,43862,48218,0,48623
req_000264,130000,1,1,1,23,1,0,1,0,-2,0,78562,97250,57843,69621,0,75815,6300,15397,1450,19874,0,49544
req_000265,40000,2,2,2,23,0,0,1,0,0,0,6008,7559,7210,6577,7502,5976,4609,5039,382,5146,5260,2354
req_000266,160000,2,2,1,25,0,0,0,-1,-1,-1,61133,85009,91767,96076,91989,85654,47666,51856,57886,53747,64729,58925
req_000267,100000,1,1,1,29,0,0,0,-1,0,-1,46368,53411,41542,48975,37995,41072,34659,5416,37793,16062,22142,35382
req_000268,170000,2,1,2,26,0,0,0,0,0,0,91537,94700,79519,84236,101423,99216,72987,71678,10920,45412,54452,83719
req_000269,110000,2,3,1,29,-1,-1,-1,-2,0,0,28034,28800,23832,0,25651,24728,19814,21132,12037,0,20612,18398
req_000270,130000,2,3,1,22,0,0,0,0,-2,0,61522,52045,40489,71860,0,67521,42478,40747,36061,28524,0,27616
req_000271,90000,1,3,2,29,2,-2,0,0,0,0,38636,0,34477,39767,38080,37794,9587,0,25031,28451,32258,15941
req_000272,210000,2,1,2,24,2,0,1,0,0,-2,63353,64090,73196,54686,76439,0,13778,50721,4461,47108,36862,0
req_000273,630000,1,3,2,27,0,0,0,0,-1,-2,438817,413422,416391,399048,379457,0,154710,207804,306405,198195,230765,0
req_000274,180000,1,1,2,27,0,0,0,1,0,0,82859,95537,68512,93681,70283,63618,43830,38465,7833,21990,28114,47291
req_000275,150000,2,2,1,28,0,0,0,0,0,0,107197,67593,79178,86635,94022,66385,27928,30522,54273,60343,72156,40940
req_000276,70000,1,2,2,23,-1,-1,-1,-1,-2,-1,9780,10731,10024,10022,0,7969,4000,5404,3281,1209,0,7089
req_000277,120000,1,3,1,23,-1,-1,0,0,0,-1,15418,17026,11990,11287,15120,9946,8464,11975,9634,9941,13993,8881
req_000278,120000,1,2,1,27,0,0,0,-1,-1,-1,38383,31499,42960,41078,41812,39820,14319,20334,3766,28974,21301,11937
req_000279,150000,2,2,2,25,1,1,2,-2,0,-1,94055,71415,102209,0,66496,76597,936,10049,1921,0,21219,9685
req_000280,140000,2,1,2,23,0,-1,0,1,-2,-1,29315,22629,23847,17878,0,23015,15598,17493,10878,1694,0,12523
req_000281,60000,1,1,1,29,0,0,-1,-1,0,2,18045,17112,11955,15114,14639,13248,8363,7550,5893,7802,9684,1309
req_000282,150000,2,1,1,28,2,0,0,-1,-1,-1,33596,23580,32095,36878,34097,33823,808,14051,23780,27455,29311,7573
req_000283,220000,2,1,2,28,-1,0,-1,-1,-1,0,17400,18566,18515,16459,16337,14606,7250,2955,16059,8309,8465,14098
req_000284,160000,2,1,2,29,-1,0,0,-2,-1,-1,74335,82830,81409,0,95031,88108,43304,53950,45154,0,12148,36682
req_000285,180000,2,2,1,24,0,1,0,0,-1,-1,53751,61656,41877,40013,50590,49379,43091,1507,41656,22078,49235,44856
req_000286,110000,1,1,2,24,-1,0,-2,0,0,1,73422,53436,0,55417,47291,48132,49660,12680,0,35627,32295,2188
req_000287,120000,2,2,1,29,1,0,-1,-1,0,-2,43958,37277,34106,27119,37492,0,1844,17416,26018,12106,24195,0
req_000288,100000,2,3,1,27,1,1,2,2,1,0,38666,42303,37917,32785,42567,32377,2547,979,2073,642,4923,28677
req_000289,60000,2,1,1,27,0,-2,0,0,1,0,3807,0,4286,3739,3937,4141,1856,0,3436,2057,679,3720
req_000290,30000,1,3,2,26,0,-1,0,0,-2,0,7763,8662,7927,8097,0,8182,3932,2448,5884,4886,0,6181
req_000291,150000,2,3,2,29,0,0,0,1,2,1,52897,48968,47910,48639,41012,49273,50096,36956,20626,996,2291,25858
req_000292,330000,1,2,2,23,0,1,0,0,-2,-1,254176,278675,258975,294361,0,228014,196965,122086,186517,274027,0,191001
req_000293,120000,1,1,2,25,0,0,1,1,1,1,39735,37700,27969,34683,32741,32763,32675,23585,3595,3862,357,242
req_000294,90000,1,1,1,27,-1,0,0,1,1,0,45841,56347,52542,46217,54399,43928,15112,48822,15959,4377,15922,20306
req_000295,60000,2,2,1,27,-1,-1,0,0,0,-1,2046,1961,1469,1641,1623,1712,1522,1614,978,1423,279,67
req_000296,50000,2,2,2,26,0,0,2,2,1,1,20487,13486,14718,12636,14050,16735,16826,10684,44,750,669,1075
req_000297,280000,2,2,1,23,0,0,0,0,-1,-1,89480,77659,75806,79548,70987,65346,71808,37935,51670,46164,64151,10934
req_000298,180000,2,1,2,28,1,-2,0,-1,-1,0,107001,0,110461,98961,92258,79428,5615,0,54347,67911,21760,49300
req_000299,210000,2,1,1,29,0,0,-2,0,0,-2,82275,85501,0,56877,66794,0,76893,32067,0,37412,47829,0
req_000300,30000,1,3,2,26,-1,-1,0,0,0,0,259,222,323,366,309,232,187,140,274,242,60,114
req_000301,120000,2,2,1,25,2,2,2,1,1,-1,71731,67467,78381,63274,70108,72025,1036,6098,11386,6371,11279,38151
req_000302,40000,2,1,1,29,-1,-1,-1,-1,0,0,3353,2733,2916,2950,2979,2474,2997,2491,902,1991,1547,1490
req_000303,40000,1,3,1,25,-1,0,0,0,0,1,8870,8141,5995,9566,11339,7253,5078,4435,1306,5230,11043,806
req_000304,80000,2,3,2,27,0,0,-2,0,0,2,45559,38401,0,26494,36921,37852,12343,37069,0,10935,34863,7010
req_000305,250000,2,2,1,29,0,-2,0,-1,-2,-1,71625,0,85783,92090,0,72606,49734,0,24679,19238,0,36179
req_000306,340000,2,3,1,28,0,0,1,0,0,0,158581,99430,111808,131222,127717,115328,142717,57034,843,85138,37520,76759
req_000307,150000,2,1,2,28,2,1,0,0,0,0,80016,93364,81460,94192,78559,73376,17317,6771,77805,42112,64972,49954
req_000308,40000,1,2,1,26,0,0,2,3,3,2,16561,13206,8916,13378,14318,10522,15284,11532,1304,1430,1997,875
req_000309,50000,2,2,2,25,1,0,0,0,0,0,24494,21317,17596,21834,14225,19575,1830,3184,15025,13058,10310,15976
req_000310,90000,1,1,2,28,-1,-2,-1,-1,-1,0,42209,0,49268,34597,43418,43860,16918,0,42713,27581,38280,39015
req_000311,190000,2,1,2,25,0,0,0,1,0,-1,177334,145645,114724,162508,98306,110814,70709,109401,90020,29180,53217,108084
req_000312,260000,2,3,1,24,2,1,0,0,1,0,71222,72764,68639,68697,56527,49895,10976,21799,22325,59810,3627,38306
req_000313,170000,1,3,1,26,0,0,1,1,0,0,12740,19020,22250,17716,18443,21394,8232,6304,3638,1128,12556,18660
req_000314,280000,2,2,2,29,0,0,0,0,0,-1,94921,137620,100639,100132,106180,116651,59567,108852,68344,52596,93872,109779
req_000315,50000,2,1,2,25,0,-1,0,-1,-1,-1,21169,19385,24412,26161,21493,14385,14522,15907,12276,18644,7036,9896
req_000316,90000,2,1,1,28,1,1,0,-1,-1,-1,53693,60868,57866,58077,54660,56170,1023,19223,33519,50246,34685,47267
req_000317,210000,2,2,2,29,0,0,0,0,0,0,57052,61192,44519,58087,45332,59370,20620,38581,21390,42997,29435,47443
req_000318,80000,2,2,1,27,0,0,0,0,0,-2,8920,7749,6405,7730,7278,0,2071,5349,4235,3855,5814,0
req_000319,90000,2,2,2,25,1,1,-2,1,0,0,63371,46159,0,47024,54272,76035,625,7116,0,6235,10459,59689
req_000320,130000,2,2,2,29,2,-2,0,0,-1,-1,99608,0,84768,89980,105948,90830,10746,0,62152,77024,63399,68350
req_000321,70000,1,2,2,27,0,1,1,2,2,1,6477,6207,7270,5687,6708,5907,3978,174,2387,151,721,540
req_000322,60000,2,1,2,29,0,0,0,0,-2,0,7651,8673,9377,10243,0,8476,7015,3164,4399,7593,0,8171
req_000323,90000,1,2,1,29,-1,-1,-1,-1,-1,-1,51935,41646,42172,38053,38106,48927,29667,40651,38111,28846,27764,30738
req_000324,40000,1,2,2,29,0,0,0,1,1,1,5961,6260,6001,5950,6494,6098,3205,4751,2647,199,119,398
req_000325,190000,1,1,1,27,-1,-2,0,0,1,0,56239,0,67302,53389,47309,35186,16467,0,52232,42413,1642,18966
req_000326,350000,2,1,1,24,1,1,1,0,-1,-1,245339,213910,202106,202494,214934,207960,37019,32192,14988,117234,171911,123286
req_000327,80000,1,1,2,27,-1,-1,-1,-1,0,2,35987,36110,32191,23369,28741,28237,29983,34319,9859,22014,23019,3296
req_000328,70000,2,1,1,24,-1,0,0,0,0,1,24503,24164,23955,34649,31333,28475,10557,10435,21212,27726,19149,4600
req_000329,110000,2,1,1,24,0,-1,-1,-1,-1,-1,35402,41598,41752,26058,44160,43275,16806,37246,8048,19765,29275,15299
req_000330,160000,2,2,3,27,-2,-2,2,2,1,0,0,0,122468,81508,109132,77108,0,0,12943,8786,12745,54318
req_000331,80000,1,2,1,25,-1,-1,0,-2,0,0,14521,18002,19157,0,13624,17993,4042,7789,11226,0,8847,8103
req_000332,130000,1,2,2,24,0,0,0,0,0,0,5809,6018,4027,5095,5619,5456,2341,3579,3124,1390,3717,1826
req_000333,90000,2,1,2,28,-1,0,0,0,-2,-1,5985,5862,5573,6570,0,3873,2168,4264,5495,1615,0,2191
req_000334,130000,1,2,2,25,0,0,-1,0,-1,-2,70676,62148,64745,49908,29142,0,50855,26102,26647,38556,28613,0
req_000335,30000,2,2,2,25,-1,0,0,-1,-1,0,12456,13550,13427,12678,11107,14102,3673,7724,5779,8908,10843,7032
req_000336,90000,2,2,2,27,0,0,0,0,-1,-1,6346,9279,6979,8802,7236,7845,3005,1807,5148,6425,2253,5799
req_000337,300000,2,2,1,25,0,0,0,1,3,2,139524,146264,85669,116722,129020,93914,90918,66981,51657,15348,10782,280
req_000338,30000,2,3,2,25,1,0,2,2,1,1,13187,15259,13030,15746,11615,10860,717,3869,221,2657,3810,4231
req_000339,80000,2,2,2,29,1,0,0,0,0,1,53250,61130,47594,47485,47920,44409,1844,52740,17866,32697,35765,1617
req_000340,100000,2,1,1,29,-1,-1,0,0,0,0,47898,41253,30534,36484,51862,32643,39724,31955,19290,10799,35107,23641
req_000341,30000,2,2,1,27,1,1,-2,2,2,2,12597,12729,0,10826,9781,13366,501,884,0,526,184,104
req_000342,150000,1,2,1,29,0,-2,0,0,0,0,88817,0,71681,87991,91688,72518,51626,0,36309,65927,31951,67060
req_000343,90000,1,2,1,24,0,0,0,1,1,1,21805,29415,29402,21875,21185,17170,18876,6762,20016,637,3954,4034
req_000344,350000,1,2,1,28,-1,0,1,0,1,0,81131,85840,65480,80268,67155,71675,38337,58026,12201,42391,4485,42358
req_000345,100000,2,2,1,25,0,0,-1,-1,0,0,35518,36917,34058,37024,27010,29601,30527,15739,23726,16835,14994,22430
req_000346,120000,2,1,2,22,-2,0,0,0,-1,-1,0,18412,18779,17917,16803,17817,0,8644,17160,15752,8781,4013
req_000347,80000,2,3,1,29,0,2,-2,1,1,-2,4802,3879,0,3154,4031,0,3275,794,0,296,1810,0
req_000348,60000,1,2,2,25,0,1,1,1,0,0,36213,37013,44628,28623,31557,34302,23849,11675,6897,3987,17035,9482
req_000349,570000,1,2,1,27,-1,0,-1,0,-2,-1,43858,32049,36517,27926,0,43355,27306,27103,23312,10927,0,27797
req_000350,110000,2,1,1,27,0,0,1,0,0,0,17660,15898,17134,14776,13770,9800,13909,6459,3390,11482,7052,6267
req_000351,50000,1,1,1,24,0,0,-2,0,0,0,10662,6578,0,5702,5274,9168,8518,3996,0,4956,3260,7787
req_000352,180000,1,1,1,26,-1,0,0,0,0,0,68147,55153,75261,66811,61448,66902,42261,42507,54573,48196,16411,43828
req_000353,120000,1,2,2,26,0,0,0,0,0,-1,5999,6172,5826,6071,6012,5324,3402,2978,2697,4278,4053,3376
req_000354,90000,1,2,2,29,-1,-1,-1,-2,0,1,37989,37658,30590,0,32284,34871,23394,29435,20724,0,29595,7271
req_000355,50000,2,1,1,29,-1,0,-1,-1,0,0,20690,19890,19793,16132,17025,17745,17385,10674,13280,6125,11411,14225
req_000356,100000,1,2,2,22,0,-2,-2,-1,-1,0,39432,0,0,34315,33226,37358,31022,0,0,18798,11522,23142
req_000357,110000,2,2,1,22,2,2,-2,0,-1,-1,63351,56911,0,50048,43297,56871,10726,2944,0,29728,26345,45568
req_000358,30000,2,2,1,28,0,0,1,0,0,-2,231,202,264,216,253,0,207,181,5,188,74,0
req_000359,50000,1,2,2,29,0,0,1,0,0,1,11395,16994,12644,14846,7342,12180,7740,9554,775,14407,4537,376
req_000360,110000,2,2,1,27,0,0,0,0,0,-2,79442,84017,68004,92033,89697,0,41913,30260,45870,50206,85464,0
req_000361,60000,2,2,2,28,0,0,1,2,1,2,32191,43528,38180,30249,27603,39073,7004,37109,2416,4718,1771,2284
req_000362,220000,2,1,1,27,-1,-1,-1,-1,-1,-1,125444,119688,92573,106147,107593,118918,78198,82002,89827,77518,93477,106582
req_000363,70000,2,2,2,28,-2,0,0,0,0,1,0,11614,10441,17613,10328,13838,0,8477,2716,6044,7475,1750
req_000364,60000,1,1,2,28,0,0,0,0,0,1,28541,24369,28982,23675,31105,29335,28168,16621,24026,18442,18107,3595
req_000365,90000,1,2,2,24,0,0,0,0,0,0,59880,61811,70350,50215,65127,56660,52111,42619,39425,22396,48555,49284
req_000366,100000,2,2,1,27,-1,-1,-1,0,-1,-1,38988,32233,43270,50461,38639,40813,30500,12144,8330,17935,29963,34390
req_000367,60000,1,2,2,25,0,0,0,1,2,-2,6011,5592,4856,5231,7031,0,5069,4426,3552,470,41,0
req_000368,10000,1,3,2,24,0,1,2,0,0,1,2360,2173,2322,2356,1979,1948,1592,36,3,518,1452,75
req_000369,110000,2,1,1,25,0,-1,-1,-1,-1,-1,93375,50898,75579,69273,76187,81733,30212,14215,63469,43153,12580,39536
req_000370,40000,2,3,1,28,1,-2,0,0,0,0,11801,0,9644,10849,12129,12315,367,0,3952,9576,10801,6731
req_000371,100000,1,2,2,26,-1,-1,-1,0,0,0,2669,3113,2899,3063,3983,3011,1934,2190,2151,1229,2357,1679
req_000372,110000,2,2,2,24,0,-1,0,1,-2,0,82004,92318,73918,66999,0,70134,53712,20892,24460,2876,0,39262
req_000373,60000,1,1,2,23,0,-2,0,-1,0,0,25615,0,29292,25761,21806,35123,19201,0,27452,14262,10930,32715
req_000374,100000,2,1,2,28,0,1,-2,0,0,-1,9432,9902,0,9230,10321,10747,9305,1152,0,9094,9832,5329
req_000375,90000,2,3,1,29,0,0,0,0,0,1,21266,23589,24435,25946,25231,20406,17264,12843,14391,3664,13785,119
req_000376,280000,2,2,1,26,0,0,0,0,0,0,93634,77462,74243,83701,60509,71344,31789,29019,28691,45783,24334,59018
req_000377,50000,2,2,2,29,0,1,0,1,1,0,7963,5481,7554,5524,6073,6110,4416,1169,4426,78,2123,3210
req_000378,110000,2,2,1,26,0,1,-2,2,1,0,43666,46578,0,42657,30204,31426,31017,8484,0,5003,3875,25681
req_000379,100000,2,2,2,29,0,-2,1,1,1,1,52672,0,65376,70859,77076,75129,41906,0,9508,4624,9864,14856
req_000380,120000,2,3,1,25,-2,-1,-1,0,0,0,0,23017,21719,20297,19562,19774,0,7836,7050,3563,13477,9155
req_000381,30000,1,2,2,28,-2,0,0,-2,0,0,0,3842,3119,0,3048,3405,0,190,193,0,1274,1115
req_000382,140000,2,2,2,29,2,0,0,-2,-1,0,54375,59539,56397,0,49401,56590,1299,51542,48536,0,25964,40012
req_000383,110000,1,3,1,27,-1,-1,0,0,0,1,10113,8942,11174,7846,11222,8917,7832,5414,3036,6661,8746,770
req_000384,70000,2,1,1,26,1,1,1,0,-1,-1,21326,24607,14063,24030,17067,19660,803,735,10,21915,16412,12186
req_000385,70000,2,2,2,28,-1,-1,-2,-2,-1,-1,31822,34200,0,0,29008,23183,21207,14754,0,0,21673,17339
req_000386,50000,2,1,1,24,0,-2,0,1,1,1,20561,0,25011,24306,27122,19264,10617,0,10191,131,7676,2817
req_000387,50000,2,1,1,26,-1,0,0,0,0,0,2434,2240,2288,2333,1617,2098,1978,1154,1359,2111,1011,1170
req_000388,150000,1,1,2,28,-1,0,0,-1,0,-1,9990,11178,11600,7714,9396,8867,3519,9161,9154,3944,4851,4365
req_000389,40000,1,1,1,27,-1,-1,-1,-1,0,0,15335,18839,14333,17963,15575,14678,7708,8098,9363,12720,7526,11985
req_000390,330000,1,1,2,24,0,-2,-1,0,0,-2,60630,0,61190,60853,52053,0,41538,0,6988,37279,28302,0
req_000391,90000,2,2,2,26,0,0,0,0,2,1,25276,34367,36182,30761,32010,29257,13098,16548,16619,21004,1054,2480
req_000392,70000,1,1,1,23,2,-2,1,1,0,0,29263,0,20865,22726,22655,20002,8976,0,4375,701,5279,7200
req_000393,50000,2,2,2,28,1,0,0,-1,-1,0,33628,34263,35290,30296,29866,31286,7556,25198,22682,14265,21205,22799
req_000394,40000,1,3,1,28,-1,0,-1,-1,-1,0,16202,17511,15320,16889,12676,17696,12893,15542,3141,11559,9304,15778
req_000395,100000,2,2,1,28,0,-2,0,-1,-1,-1,48821,0,37710,37148,34472,48757,26115,0,28234,30562,26966,22172
req_000396,110000,2,3,1,27,0,0,0,1,2,-2,48811,39947,39054,43539,34759,0,47963,24777,22205,3786,923,0
req_000397,70000,1,2,2,25,0,0,0,2,-2,2,19486,20561,27253,26528,0,19471,15402,13791,18891,1236,0,4
req_000398,190000,1,2,2,29,0,0,0,0,-1,-1,87482,61095,87091,72058,58932,78548,71996,29777,75623,59910,33572,49030
req_000399,20000,2,2,2,29,1,1,1,0,0,-2,15824,14254,12790,17214,12305,0,1625,2230,1152,8536,6627,0
req_000400,50000,1,1,1,23,-1,0,0,1,0,-1,19114,20725,24522,22427,20311,17380,12330,9637,17011,776,3528,4236
req_000401,70000,1,1,2,26,-1,-2,-1,1,0,0,17846,0,21688,20809,18215,21650,10232,0,8798,1971,10826,13946
req_000402,90000,2,3,1,26,-1,-1,0,-2,-1,-1,45812,59825,55392,0,36476,48856,33534,33321,19862,0,18715,45008
req_000403,80000,1,3,3,29,0,0,0,0,-2,0,42783,38980,30803,41883,0,35445,18874,5676,14446,33642,0,13934
req_000404,200000,1,1,2,25,-1,-1,-1,0,0,0,45770,45153,47090,53894,34651,36448,27996,37780,37651,26978,10343,32943
req_000405,160000,1,1,2,27,0,0,0,0,0,-1,10470,18186,15565,14861,13632,12318,8172,17780,13739,10447,11393,6668
req_000406,190000,2,2,1,24,0,0,0,0,0,0,108767,131280,102063,97209,98125,80912,44609,61931,52394,25051,70516,54478
req_000407,40000,2,1,1,29,1,0,-1,0,0,0,26123,22511,33159,23978,24979,22981,2752,12019,24339,15962,4347,16246
req_000408,30000,1,1,1,25,0,0,0,0,0,1,14175,13331,11231,8504,10527,9320,10146,10686,6510,4342,3394,573
req_000409,70000,2,1,1,26,0,0,1,0,1,1,16329,10881,10453,10091,12959,12027,6572,7863,2697,2412,79,178
req_000410,150000,2,2,2,29,0,1,2,1,2,3,77889,78849,91211,69395,75753,71034,24464,22871,19263,7204,4000,15572
req_000411,90000,2,2,1,27,0,0,0,-2,0,0,15838,19530,17079,0,15483,14056,13142,10024,10834,0,4036,7958
req_000412,120000,2,1,2,27,1,0,-2,-2,2,1,61043,72584,0,0,70045,84072,14802,48709,0,0,3612,5247
req_000413,40000,2,2,1,28,-1,-1,-1,-1,-1,-1,13469,13542,13445,11487,13747,12344,9936,8926,11026,6501,11946,5382
req_000414,230000,1,1,2,23,0,0,0,-2,0,1,25220,17160,22891,0,24085,18614,5823,8904,21931,0,12553,3806
req_000415,40000,2,1,2,26,0,2,-2,0,0,0,17955,22333,0,21748,17841,17713,9263,95,0,17676,14052,13748
req_000416,120000,1,2,2,23,0,-1,-1,-2,-2,0,71485,55944,54106,0,0,78738,44685,46250,21083,0,0,77668
req_000417,100000,2,1,1,27,-1,0,0,0,0,0,9963,10493,10173,12545,9875,8885,6954,6545,3795,8220,6708,5151
req_000418,160000,2,2,2,23,0,0,0,0,0,0,32738,29831,35574,34419,25670,27214,23279,22638,10310,13883,24634,19949
req_000419,150000,2,2,2,28,0,0,0,-1,-2,-1,40418,43184,52296,42084,0,40491,20706,38041,44774,6245,0,17858
req_000420,50000,2,1,2,26,1,0,-1,0,0,0,9648,8070,9340,10057,9291,11183,597,6995,5974,8296,2705,8071
req_000421,90000,1,1,2,24,0,2,0,0,0,0,34694,33170,28055,31430,32057,31017,21778,2246,16914,29132,27697,15517
req_000422,40000,1,3,1,29,0,0,0,0,0,0,19559,12613,11633,16591,13715,14999,12916,5500,7437,12254,10348,7641
req_000423,70000,1,3,1,26,1,1,1,0,0,0,28956,37044,34116,29867,27591,26436,1793,9167,1405,14098,23633,13607
req_000424,200000,1,1,1,28,-1,-1,-1,-1,-1,-1,105761,87652,82290,63039,80592,66437,44811,46616,56133,32024,46510,30391
req_000425,60000,1,2,2,24,-1,-2,0,-1,0,0,42750,0,40218,39847,37758,31568,12500,0,9193,14063,8928,27328
req_000426,140000,2,2,1,27,0,0,0,0,0,0,58892,77691,59594,64106,78365,86403,21736,68638,25817,41957,45520,56809
req_000427,60000,1,2,2,26,0,0,0,0,1,2,29252,30742,33410,23858,35698,28698,11671,24141,29075,23478,1073,1731
req_000428,150000,2,2,1,23,0,-2,1,1,0,1,15771,0,13780,16765,14892,15425,4937,0,774,261,9917,3829
req_000429,110000,1,2,2,25,0,1,1,1,1,-2,52977,46699,54560,51698,54600,0,30945,10580,602,5094,15517,0
req_000430,30000,2,2,2,25,0,0,0,0,-1,0,18754,17154,18764,18537,12838,13104,18353,14883,10628,16355,12311,4859
req_000431,90000,1,3,2,23,0,-2,0,0,0,-2,30593,0,35496,33816,36607,0,9107,0,20921,28023,26047,0
req_000432,80000,2,1,1,27,1,2,2,2,0,2,50977,53073,58352,30290,44691,39665,3071,17963,204,1097,39789,941
req_000433,140000,2,1,2,23,-2,0,-2,3,2,-1,0,67378,0,73257,83686,62637,0,58216,0,1251,7743,9457
req_000434,20000,2,1,2,26,-1,-2,0,-1,0,1,2060,0,1743,1701,2204,1710,1755,0,881,779,1107,4
req_000435,40000,2,1,1,29,0,-2,0,-1,0,-1,11036,0,17097,16956,17050,16426,7147,0,6732,12794,12188,11486
req_000436,130000,2,1,1,25,-2,-1,0,0,0,0,0,103711,89159,110372,82846,90539,0,59846,38746,70917,78123,45390
req_000437,160000,1,1,2,25,0,1,0,-2,0,0,9632,11486,8842,0,10349,8826,7701,2086,4267,0,8162,5328
req_000438,170000,2,2,2,28,-1,-1,0,1,0,-1,85235,85656,67947,57262,79080,71942,35336,39412,54868,2814,61560,32607
req_000439,100000,1,2,2,29,1,1,4,3,1,1,78054,90824,71261,58332,69278,42419,3743,5691,10734,6397,6119,3573
req_000440,120000,2,3,1,27,0,0,0,0,-1,-1,49504,42877,39791,46350,40787,38253,21773,15253,9472,18228,21468,19712
req_000441,40000,1,1,1,28,1,-1,-1,0,-1,0,21141,17412,18711,20879,15096,13084,747,4387,17478,17504,6410,6151
req_000442,130000,1,1,2,28,-1,-2,-1,0,-2,-2,25197,0,19025,20181,0,0,15652,0,12133,4419,0,0
req_000443,120000,2,1,1,26,0,1,0,1,1,1,101178,94955,75025,83790,86267,89706,76795,11402,26969,1672,12797,114
req_000444,70000,2,2,1,25,1,2,0,0,0,0,21030,16937,15060,12726,14472,14852,2573,1953,10111,3250,13626,13953
req_000445,40000,2,2,1,23,0,0,0,-1,0,0,23003,18765,20618,17160,19515,13396,12168,13143,15317,10045,10035,1997
req_000446,100000,2,2,1,25,0,0,-1,0,0,0,35577,45600,35399,42287,29629,35155,31408,36868,17110,29597,22749,33975
req_000447,130000,2,2,2,29,-2,-1,0,0,1,1,0,15046,19859,13815,14977,13856,0,14594,6672,9245,824,1307
req_000448,40000,1,2,2,28,2,-2,2,-2,1,0,24235,0,25273,0,25619,24332,3601,0,4701,0,1503,21229
req_000449,40000,1,1,1,26,2,8,1,0,0,0,27219,24077,20582,16332,18318,13569,2775,5049,790,15782,15657,12849
req_000450,70000,2,3,1,26,0,0,0,-2,0,1,47216,47900,49593,0,51588,47168,30112,12481,35896,0,27440,314
req_000451,70000,2,1,2,28,-1,-1,-1,-1,-1,-1,732,607,712,777,552,655,676,353,595,426,303,447
req_000452,90000,1,3,2,24,0,0,1,0,-2,2,2061,2571,2392,2447,0,2082,1404,2149,269,1720,0,191
req_000453,310000,1,1,2,24,1,1,1,0,-1,0,227018,218033,247659,255121,258385,214870,2158,47768,26373,242427,53930,177709
req_000454,110000,2,2,2,28,0,0,0,0,0,-2,15249,27019,27773,21561,25532,0,4673,21651,18625,9867,7770,0
req_000455,50000,2,1,1,24,0,-2,-2,0,0,-1,15592,0,0,13909,18578,15404,10637,0,0,3286,16736,5341
req_000456,20000,2,3,2,25,0,0,-2,-1,-1,-1,2549,2640,0,2534,2362,1728,2098,2363,0,1508,590,1415
req_000457,240000,2,2,2,25,0,0,0,-1,-1,-1,73586,80706,60564,62449,57932,62789,47826,55989,8190,43678,47799,27202
req_000458,260000,2,2,2,29,0,0,0,0,0,0,214597,160147,211141,242429,207998,155381,145844,110575,79403,65510,93977,98087
req_000459,150000,2,2,2,26,2,2,0,0,1,0,35674,36760,34506,29058,35150,25888,1240,2967,31503,24811,1708,19590
req_000460,170000,1,2,2,29,-1,0,0,0,0,-1,107686,114119,91210,101226,88333,120822,88117,70650,69914,60014,78436,88822
req_000461,170000,2,1,1,26,2,0,0,-2,-1,0,100613,65835,72295,0,47705,67540,6187,33380,42765,0,35117,25487
req_000462,180000,1,2,2,24,0,1,0,0,0,0,40967,36177,37190,34906,34622,41710,28718,2185,33231,17633,25269,6672
req_000463,30000,2,2,1,22,1,2,4,7,6,-2,4739,6411,4961,5403,6272,0,58,227,106,76,1995,0
req_000464,100000,2,2,1,27,0,1,0,1,0,0,47804,57815,37228,45573,36501,41917,27047,35,34841,6624,17058,25734
req_000465,240000,2,2,2,26,-2,-1,0,0,0,0,0,31865,31276,40141,35286,33994,0,26514,15003,34812,29683,24317
req_000466,490000,2,2,2,29,0,-2,1,2,0,0,157565,0,158097,185314,162045,176151,98663,0,10901,10096,55458,72822
req_000467,160000,1,1,1,29,0,0,0,0,-1,0,70964,55904,72107,57395,53949,47606,51931,21562,24729,35868,16477,37731
req_000468,80000,1,1,2,27,0,0,1,-2,2,2,22211,22856,19809,0,17856,23659,17148,16297,3517,0,676,7473
req_000469,110000,1,2,2,29,0,0,0,-1,-2,-1,63840,35384,38715,50700,0,46227,22479,8427,10099,6724,0,31686
req_000470,220000,1,2,2,24,-2,-1,-1,-1,-2,-1,0,79169,61035,77078,0,57965,0,74545,47022,15146,0,42499
req_000471,300000,2,2,1,26,1,2,1,0,0,-1,318312,252162,242317,253128,265650,204389,46260,19574,21139,165476,202948,191206
req_000472,130000,2,1,2,26,-1,0,-2,-1,-1,-1,53601,50549,0,39525,43434,47354,40430,41919,0,22613,29229,28343
req_000473,60000,1,3,1,24,-1,-1,0,0,0,0,16558,16704,16330,14851,17179,12361,11276,7207,13971,12681,16697,9797
req_000474,240000,2,2,1,25,1,2,-2,1,-2,0,70389,86665,0,61897,0,67136,11556,1822,0,9381,0,55069
req_000475,60000,2,3,2,29,0,1,0,0,0,-1,6680,5130,5465,5974,5938,6234,2010,128,4144,2172,1704,4409
req_000476,120000,1,2,2,25,1,0,0,1,-2,1,99221,89787,59422,89512,0,69696,1773,87417,51654,5167,0,7591
req_000477,190000,2,2,2,27,-2,0,1,-2,1,1,0,52176,68329,0,52298,49675,0,25250,2445,0,10054,4084
req_000478,60000,2,2,2,28,-2,0,1,1,0,0,0,20890,14269,22073,16261,17202,0,15514,963,58,8821,11776
req_000479,360000,1,2,1,25,0,-1,-1,-1,-1,0,202062,201000,194522,186588,256297,205157,194447,133410,61020,128880,211214,157207
req_000480,50000,1,2,2,29,0,0,0,1,0,1,31304,28622,40128,30687,31680,26895,21009,14028,14834,4932,21375,1925
req_000481,310000,2,2,1,27,0,0,-1,-1,-1,-1,17527,17726,18050,15992,14946,14845,4915,5166,9020,9450,12762,8610
req_000482,40000,1,4,2,28,0,0,-2,0,0,-2,6728,5497,0,6229,5999,0,1407,3390,0,5612,3197,0
req_000483,210000,2,1,2,29,-1,-1,-1,0,1,1,41775,45525,36426,45579,36571,47936,26675,35861,15792,37821,632,5242
req_000484,240000,2,1,2,29,0,0,-1,0,0,0,119476,113001,122180,120107,103368,115140,102205,106654,67147,39875,97359,96021
req_000485,110000,2,1,2,24,-2,0,0,0,0,0,0,17980,17864,15804,11799,14588,0,13062,12575,14794,9766,7608
req_000486,150000,1,2,2,25,1,0,0,0,1,-2,75977,89856,60015,77326,74355,0,1092,53432,50766,55756,10279,0
req_000487,30000,2,1,1,26,0,0,-1,0,-2,0,10218,7158,7722,8564,0,5024,6260,5995,5592,5053,0,3917
req_000488,60000,2,2,2,26,0,0,-2,0,0,0,10679,8216,0,9779,7165,7732,5435,7762,0,5224,3166,5893
req_000489,60000,1,2,2,27,0,0,0,-1,0,0,27360,42845,38867,38955,28768,30239,15449,37643,12671,10070,1319,19957
req_000490,820000,2,1,2,26,0,0,0,0,0,-1,403994,280804,356392,351577,334497,452834,83528,200083,195881,228269,260890,439098
req_000491,170000,2,3,2,29,0,0,2,-2,0,1,111341,93225,95019,0,66192,70045,108576,31480,8250,0,53165,5373
req_000492,70000,2,1,2,24,0,1,1,1,0,0,30844,32517,29992,26796,30585,34433,16766,128,1791,2939,18684,23795
req_000493,280000,2,1,1,24,0,0,-2,-1,-1,-1,35748,35705,0,42095,27689,30773,30982,25111,0,27241,5980,22850
req_000494,50000,1,2,1,26,2,0,1,0,1,1,19399,29997,15559,21257,22727,21722,1222,29023,2233,13212,1411,330
req_000495,40000,2,1,2,27,1,1,2,2,1,1,20999,19547,25081,23312,22915,18150,1927,880,2911,87,1811,179
req_000496,60000,2,1,1,23,0,0,-1,-1,0,1,3260,2812,3694,2494,2683,2194,961,698,3150,983,2311,721
req_000497,20000,2,1,2,25,0,0,0,-1,0,0,2060,3004,2316,2994,2918,1970,1058,2119,905,1893,2515,1589
req_000498,110000,1,2,2,28,0,0,-2,0,-2,-1,34001,32653,0,27152,0,37950,11261,31375,0,8552,0,33153
req_000499,100000,2,2,2,28,-1,-1,0,1,-2,-1,41058,38350,29794,37064,0,42158,23929,33030,17522,2718,0,21765
req_000500,40000,1,3,1,25,-1,-1,-2,0,0,-1,11308,13836,0,9846,10224,10903,5404,12726,0,7174,9837,6768
req_000501,90000,2,1,2,26,-1,-1,-1,-1,-1,-1,48501,44017,38635,37347,44205,35618,9124,36158,32412,35213,10084,31209
req_000502,70000,1,2,1,24,1,-2,0,1,0,0,27420,0,20835,28675,20809,19350,1621,0,15551,4743,14551,13396
req_000503,80000,1,2,2,24,1,0,0,0,1,1,20278,15518,23080,18168,18614,19090,932,13313,7694,13151,3110,945
req_000504,40000,2,1,1,28,0,0,0,2,-2,0,1610,1483,1637,1223,0,1230,1126,135,767,73,0,484
req_000505,140000,2,3,1,26,-1,-1,-1,-1,0,0,81968,48405,81083,75465,63288,53891,47492,45250,77581,56640,29600,36343
req_000506,40000,1,1,1,29,0,0,0,-1,0,0,28381,27238,23477,25917,22389,19907,22913,13335,8624,11048,5957,9255
req_000507,430000,2,1,1,28,-1,-1,-1,0,-2,-1,215116,160002,203863,166282,0,168321,47860,115924,127150,75452,0,99907
req_000508,30000,2,2,1,29,0,0,-1,0,0,1,5650,5355,5050,5536,6086,5292,3825,1760,2024,4076,5541,390
req_000509,130000,2,4,2,26,1,0,0,1,-1,-1,94626,90284,68317,70787,75369,77742,772,60901,23554,9831,11006,36446
req_000510,50000,1,1,1,27,0,0,0,0,0,0,3771,4238,4661,4407,5617,3388,1384,2303,3889,3153,4037,2985
req_000511,790000,2,2,2,26,1,-2,2,2,-2,2,340805,0,192445,290840,0,233900,33509,0,33056,9742,0,14551
req_000512,290000,2,1,1,24,0,0,0,0,0,0,75948,74237,64077,64188,57067,52960,40526,66714,34275,29078,42937,47526
req_000513,70000,1,2,1,24,0,1,2,3,3,2,537,534,406,324,497,446,399,4,63,102,157,24
req_000514,60000,2,1,1,26,0,1,1,1,2,1,22069,22260,18203,18523,12697,17020,8574,489,1172,493,2270,722
req_000515,60000,2,2,2,25,1,-2,1,1,0,0,19755,0,25916,22261,17859,25383,2609,0,453,2907,2276,7007
req_000516,70000,1,2,2,29,0,0,0,1,0,0,10042,12817,10164,10779,10024,10177,7535,3550,7656,1059,9592,4993
req_000517,200000,2,3,1,28,0,0,-1,0,0,0,8178,8261,8999,7763,10609,11415,8065,1482,8224,3788,8175,8794
req_000518,300000,2,1,1,29,0,0,-2,0,0,0,202210,167965,0,214018,194110,124077,76251,160640,0,173058,116158,32158
req_000519,90000,1,1,2,27,-1,-1,-2,0,-1,0,27329,43486,0,32839,35854,27805,18364,37845,0,22883,17790,8269
req_000520,30000,1,2,2,24,0,0,0,-2,0,0,4293,4983,4483,0,5031,3947,2589,2876,2506,0,4667,2936
req_000521,70000,1,2,1,24,0,0,3,2,2,1,25243,29358,23198,23066,25133,20295,17934,18483,1982,861,2990,4549
req_000522,40000,2,2,2,25,0,0,1,1,0,-2,8344,7260,8414,7053,8221,0,2887,5600,575,647,4826,0
req_000523,200000,2,3,1,24,-1,0,-2,-1,-1,0,169553,194865,0,169767,141034,143855,90236,130409,0,138552,111482,94957
req_000524,140000,1,1,1,26,-1,-1,-2,-1,-1,-2,6300,5780,0,5775,5133,0,5719,2207,0,5164,2985,0
req_000525,90000,2,2,2,23,0,0,0,0,0,-1,17739,19848,12752,15416,16060,14151,5971,14666,9735,13530,11409,11152
req_000526,150000,1,4,1,26,0,0,0,-1,0,0,54862,46669,71443,41156,54850,49384,33086,25829,49231,30630,24553,44058
req_000527,130000,1,1,2,26,0,0,-1,-1,-2,-1,28462,31498,28235,18803,0,30911,16952,22492,13724,2907,0,16029
req_000528,120000,2,2,1,29,-1,-1,-1,-1,-2,0,56906,45906,45020,38107,0,55767,16157,27227,31461,32696,0,36200
req_000529,190000,2,1,1,29,-1,0,0,0,-1,-1,27951,33955,23333,21088,28667,23905,6883,23844,17170,12412,22700,12494
req_000530,420000,2,2,1,26,0,-1,0,-2,0,0,154149,157846,187021,0,134182,163226,147343,80772,174593,0,119868,124064
req_000531,40000,2,2,2,25,-1,-1,-1,-1,0,-1,25658,25589,26967,20568,22880,21458,14172,14542,22182,17529,5005,11714
req_000532,30000,2,1,2,29,0,-1,0,0,-1,-2,1333,1309,1375,1304,1145,0,1195,670,486,668,986,0
req_000533,100000,1,2,1,23,0,0,-1,-1,-1,-2,10615,11631,6788,9295,9717,0,4958,4758,3285,2501,5032,0
req_000534,90000,2,1,2,28,0,0,-1,-1,-1,-1,51905,52031,46339,44447,46412,33238,31966,15385,14954,36506,14807,10961
req_000535,220000,2,1,1,29,-2,0,0,1,-1,-1,0,35521,49958,47859,41707,43582,0,17706,29603,3950,32395,4077
req_000536,190000,2,1,2,27,-1,-1,-1,-1,-1,-1,50146,70499,49085,48084,58301,47712,14785,16316,29443,42903,37011,15926
req_000537,50000,1,1,2,27,2,2,2,2,0,2,26175,17556,15859,23231,21307,11889,2022,2931,746,4007,14775,2335
req_000538,90000,1,2,1,27,1,-2,0,0,1,1,33112,0,21070,25778,22113,24022,570,0,17045,17823,203,4871
req_000539,20000,2,3,1,24,1,1,2,3,3,3,11230,10479,10500,9183,10809,9726,925,168,1038,1611,1181,54
req_000540,30000,1,2,2,29,0,0,0,0,1,-2,21753,23399,18647,19254,22978,0,16788,13888,14407,12153,69,0
req_000541,60000,1,2,1,23,0,-2,0,0,0,0,11054,0,9741,10223,8522,9456,9301,0,4957,4387,3611,3682
req_000542,230000,1,3,2,26,0,0,0,0,-1,2,156728,193150,140978,179573,152118,175416,92934,144256,40599,23313,53648,7441
req_000543,410000,2,3,2,25,0,-2,-1,-1,-1,-1,214319,0,204833,190915,209751,194549,55732,0,126349,95307,132200,165455
req_000544,70000,2,2,2,22,0,0,0,0,0,0,40350,49888,28050,37844,44598,37343,34148,36005,8661,26704,22517,28296
req_000545,60000,2,2,1,24,3,3,-2,0,1,2,15278,14246,0,14408,10461,10866,1821,2380,0,11645,1475,780
req_000546,140000,1,3,1,27,2,2,3,1,2,-2,57358,57796,64163,57528,56960,0,1231,20951,3891,656,8533,0
req_000547,70000,1,3,2,25,0,0,0,0,0,0,12038,10911,13770,11660,7884,11518,10251,7958,3961,2833,6069,8573
req_000548,40000,1,2,1,26,0,-2,2,2,3,1,1533,0,1765,1889,1722,2101,1188,0,242,299,399,135
req_000549,180000,2,3,2,27,1,0,0,-2,-1,-1,91714,97374,110516,0,84243,86506,11046,57257,46009,0,63142,66552
req_000550,190000,2,1,2,29,0,1,0,0,0,0,127330,107238,117384,97674,137018,91806,110614,46599,27495,44651,80309,30408
req_000551,70000,2,2,2,25,-1,0,-1,-1,0,0,28048,21834,32102,19738,27780,29719,15837,5793,23483,9365,17661,21898
req_000552,50000,2,2,2,26,-1,0,-2,0,0,-1,18925,18169,0,15456,24095,18872,14852,5808,0,13104,6437,7728
req_000553,130000,1,1,2,26,-1,-1,0,0,1,0,50937,31178,39565,43230,39632,51518,47662,9785,21476,9250,227,42202
req_000554,30000,1,1,2,25,0,1,1,1,1,1,10441,10089,9813,9689,11655,9752,8813,364,399,157,1228,1143
req_000555,80000,2,1,1,26,1,1,1,0,0,-1,38668,31612,36415,35508,29607,29933,8570,2559,264,15787,19262,17017
req_000556,70000,2,3,1,21,0,0,0,0,0,0,16213,16358,13256,17381,15191,14918,13870,13292,9760,9812,5393,8682
req_000557,80000,1,1,2,24,1,0,0,0,0,0,27702,20715,21848,23735,13962,23524,768,9104,11552,20390,11394,16734
req_000558,240000,2,1,2,24,-2,-2,-1,-1,-1,-1,0,0,69196,66747,68299,56217,0,0,14636,54830,3739,51794
req_000559,190000,2,2,1,25,0,0,-2,0,0,2,83434,75726,0,87905,70005,74497,69104,51919,0,41143,43819,11768
req_000560,90000,2,2,2,26,-1,-2,-1,-1,-1,-2,16581,0,21093,14726,13460,0,10739,0,17331,13638,9675,0
req_000561,140000,2,3,2,26,-1,0,0,0,-2,0,105553,78794,100090,83333,0,82748,84802,26892,93769,29484,0,57655
req_000562,40000,2,1,2,27,0,-2,0,0,1,-2,13657,0,12184,14152,11693,0,6347,0,3213,10497,770,0
req_000563,120000,2,2,2,28,-1,0,-1,0,-2,0,13118,19450,11757,12733,0,14532,10606,18218,9483,11420,0,12022
req_000564,130000,2,1,1,27,0,-1,-1,-1,-1,-1,80267,59538,73952,76505,65404,64944,62481,40920,68018,47202,23968,29685
req_000565,130000,1,1,1,29,0,0,0,-1,-1,-1,64179,67712,69424,61960,72630,64343,22496,56462,61716,50711,42187,25682
req_000566,100000,1,1,1,25,0,-1,-1,-1,-1,0,33571,38332,39856,38022,40909,35484,16885,6317,23058,28512,22353,31285
req_000567,110000,2,1,1,25,-2,1,0,1,0,0,0,33892,38011,22817,31975,23106,0,13740,32157,2888,22166,10293
req_000568,340000,2,1,2,28,1,0,1,0,-1,0,284325,239927,230799,234038,186636,257237,107599,136467,16593,173782,140353,152899
req_000569,120000,2,1,2,29,0,1,1,1,1,1,51643,56927,55722,42878,42962,45856,46790,19841,5055,11296,2456,5254
req_000570,240000,2,1,2,25,0,0,1,1,0,1,72068,95220,66429,82320,89444,78970,30428,59037,5777,3390,53948,18027
req_000571,130000,2,2,1,29,-2,0,0,0,2,1,0,32819,31371,35918,47590,43249,0,17692,24843,6407,6832,614
req_000572,120000,1,1,2,27,-1,-2,-2,0,0,-2,3435,0,0,4847,3878,0,1846,0,0,3437,3430,0
req_000573,510000,2,1,2,26,-1,-1,0,-2,-1,-1,78344,83732,71314,0,75757,76438,39408,55630,51828,0,55026,46760
req_000574,100000,1,1,2,27,1,2,2,1,0,0,26002,37843,34486,26931,30456,21392,1076,4462,6343,11467,9024,13146
req_000575,60000,2,3,2,23,-2,0,0,0,0,0,0,24327,18001,16498,18844,16005,0,8024,11542,11896,3250,13201
req_000576,60000,2,1,1,25,-2,0,0,0,0,-2,0,795,655,678,534,0,0,195,177,430,330,0
req_000577,150000,2,1,2,28,-1,-1,-2,0,0,0,70134,59955,0,54119,44690,56258,60429,43130,0,28045,30430,8711
req_000578,150000,1,1,1,28,-1,-1,0,0,0,0,18413,29090,22484,15502,21889,20754,7740,21197,7548,8499,5931,7227
req_000579,190000,2,1,2,27,0,-1,-1,-1,-1,-1,126360,119298,99358,115021,101687,76085,26901,70811,90811,92649,70217,55753
req_000580,60000,1,2,2,29,0,0,0,-2,0,0,17368,21962,14947,0,19397,19088,15792,17433,9004,0,13551,9871
req_000581,60000,1,1,1,28,1,0,0,-2,0,0,27756,28499,31115,0,20346,27314,1752,10596,16882,0,14836,22912
req_000582,410000,2,2,1,24,0,0,0,-1,-1,-1,47578,46741,33432,47323,40145,49952,44136,39789,22994,40987,23151,46061
req_000583,70000,1,1,1,28,-1,0,2,2,0,1,33608,56357,65604,43527,49629,46911,28365,51840,7277,23237,35581,4204
req_000584,40000,1,1,2,25,1,0,0,1,0,0,12562,10682,9966,13646,10536,9350,383,5645,1991,709,9818,5743
req_000585,60000,2,2,1,29,0,0,0,-2,0,1,30437,25185,23222,0,17162,30075,16006,16216,11065,0,10776,4274
req_000586,210000,2,1,2,28,0,0,-2,-1,-1,-1,155417,129184,0,147569,123047,126848,86016,65129,0,46232,98112,40031
req_000587,80000,2,1,2,25,0,0,-1,0,0,-2,24819,20686,20942,22560,20472,0,9475,8945,16691,13140,15158,0
req_000588,200000,1,1,1,24,0,0,-2,-1,-1,-1,88709,114926,0,99290,98030,77285,68698,79151,0,86156,84070,10262
req_000589,40000,2,3,2,28,-2,2,2,2,3,1,0,1353,1397,1466,1383,1273,0,133,58,261,274,197
req_000590,80000,2,1,1,29,-1,-1,-1,-1,-1,0,29134,26716,23191,21473,26020,19312,27466,20870,13846,18328,19895,11114
req_000591,70000,2,1,1,29,0,0,0,0,0,0,3205,3409,3375,2965,3254,3205,1485,2593,3054,2011,1249,2767
req_000592,50000,1,3,2,29,0,1,2,2,2,0,4429,4222,3830,3747,4089,3406,3161,481,136,414,339,2436
req_000593,50000,2,2,3,25,-1,-1,-1,-1,-1,-1,1817,2273,1858,2285,1875,1995,552,1210,1712,1767,1497,629
req_000594,240000,1,2,2,26,0,-2,0,0,0,0,50957,0,66295,62310,56700,50365,43680,0,39895,38048,41848,46361
req_000595,120000,2,1,2,26,-1,0,-1,0,-1,-1,41289,44104,48025,51685,48782,48297,15335,12468,45220,18208,41030,21280
req_000596,220000,2,3,2,21,-1,-1,0,-1,0,0,56153,45605,51637,69275,36605,37070,20966,28209,40746,49066,24576,10983
req_000597,110000,2,1,2,29,0,0,-2,1,-2,-1,83891,86124,0,78603,0,68390,27413,73268,0,1703,0,24644
req_000598,220000,2,2,1,27,0,0,0,0,0,1,79667,95839,83068,82839,60328,65790,41565,80750,35106,17811,42483,9496
req_000599,150000,1,1,2,24,0,0,0,-2,-1,-1,70188,65776,51200,0,55492,71795,56001,44970,27298,0,53702,13083
req_000600,40000,2,1,1,28,1,0,0,0,1,-2,8309,10767,9248,9956,8900,0,2092,8829,824,4888,1828,0
req_000601,160000,1,2,1,26,0,0,0,0,-1,-1,83752,65762,77674,57653,72536,69498,28454,35347,64415,12235,28635,43346
req_000602,30000,2,2,1,27,0,0,0,1,-2,0,11720,11075,9057,10982,0,11087,10010,6219,5715,3688,0,9593
req_000603,30000,1,1,2,26,-1,0,0,-1,-1,-1,16160,13317,13957,12021,14165,13563,15120,3601,7860,6206,7338,7409
req_000604,80000,1,2,1,26,-1,-1,-2,-1,0,0,52003,38427,0,39015,48639,46884,17887,33690,0,30900,21764,19782
req_000605,90000,2,2,2,27,0,-2,0,0,0,-2,33148,0,24788,26841,21178,0,24140,0,17669,24088,5050,0
req_000606,70000,1,1,2,23,1,-2,0,0,0,0,41255,0,40708,28879,36249,37236,5191,0,29040,15932,17208,8130
req_000607,40000,1,1,1,28,0,0,0,2,1,0,16560,23936,21006,19321,21141,22731,11747,17588,19575,714,250,6146
req_000608,50000,2,2,2,24,0,0,2,1,0,1,11869,14639,19164,16101,15000,12760,8595,8835,838,88,9621,947
req_000609,30000,2,3,2,27,0,-1,0,0,1,-2,4742,3632,4853,5080,5302,0,1213,2930,3940,2138,12,0
req_000610,70000,2,3,2,28,0,0,0,0,0,0,23435,33252,24195,25049,28895,23116,3563,32458,13141,6443,26850,18393
req_000611,50000,1,1,2,28,-2,1,0,0,0,-2,0,21933,22615,23289,27352,0,0,4,22350,15162,26004,0
req_000612,40000,2,2,2,29,0,0,-2,0,0,-1,4252,3738,0,4144,2230,2596,2326,2075,0,3123,875,1879
req_000613,80000,2,2,1,28,0,0,0,0,0,0,11606,10796,12205,10076,12995,10344,2316,8536,3440,5483,8446,4043
req_000614,110000,2,2,1,27,0,-2,-1,-1,-2,-1,36107,0,39543,55686,0,46126,10557,0,25575,9682,0,40674
req_000615,420000,2,3,1,28,0,-2,0,1,0,0,311932,0,266436,354203,333116,350285,222349,0,244964,16887,236742,157861
req_000616,60000,1,1,1,29,0,1,-2,0,-2,1,7030,4620,0,7618,0,5273,2815,1362,0,3995,0,101
req_000617,10000,1,4,1,27,0,-1,0,1,0,0,2355,2047,1914,1914,1720,1845,874,1465,1440,54,786,1001
req_000618,70000,2,1,1,29,0,0,-1,0,0,-1,4003,4111,4354,4209,3059,3384,3212,3615,1407,2575,1546,2085
req_000619,50000,2,3,2,28,0,-1,-1,-1,-1,-1,26697,21639,20926,20803,25622,15517,5561,15135,15534,17519,25178,4100
req_000620,60000,2,2,2,24,0,-1,-1,-1,-1,-1,30519,27058,35138,29491,35179,29753,23809,20266,25725,20880,30583,7814
req_000621,120000,2,1,1,26,3,1,-2,0,0,-1,15849,19929,0,18676,21418,19089,3358,3175,0,6971,17584,11272
req_000622,200000,1,1,2,29,0,0,0,0,-2,0,68684,71379,56035,69098,0,56441,67385,33543,18042,36187,0,37616
req_000623,290000,2,1,2,24,-1,-1,1,0,0,-1,46994,51967,60488,48919,51054,41983,41024,32392,10188,27621,42388,26376
req_000624,80000,1,1,1,25,2,7,6,2,1,1,68044,89111,57177,71173,63587,57592,3653,6494,12324,2782,523,4757
req_000625,150000,1,1,1,22,1,0,1,1,1,1,25809,24052,21366,24781,19504,27987,1973,15312,153,1460,4696,1310
req_000626,370000,1,1,1,27,1,0,0,0,-1,-1,114910,124922,95637,121401,101468,116314,936,113890,32574,92961,26358,54676
req_000627,270000,2,2,1,24,-1,0,-2,-2,0,0,145157,146519,0,0,148612,129503,15656,72555,0,0,123913,75140
req_000628,100000,1,2,1,23,0,0,-1,-1,-1,-2,48461,45570,69174,51249,56790,0,41346,38112,37280,43907,50079,0
req_000629,50000,2,2,1,27,0,0,0,0,0,0,9472,8940,8569,8967,8446,7524,6171,3258,6831,8182,6137,7198
req_000630,70000,2,1,1,29,2,2,-2,0,0,0,43826,61821,0,47107,62493,59810,5925,378,0,41279,34796,44500
req_000631,160000,1,1,1,27,-1,-1,0,-1,-1,0,56923,49962,48991,59671,48759,58734,49903,39403,32499,11760,27885,28549
req_000632,120000,1,2,1,25,1,2,0,0,0,0,26378,29088,25495,25460,24167,26376,1943,98,16466,15022,13219,14461
req_000633,170000,2,1,3,29,0,0,-1,-1,-1,-2,58466,55128,50782,40355,41814,0,22336,40312,34633,20229,21072,0
req_000634,210000,2,2,1,26,0,-1,0,0,-2,-1,103951,99940,114419,89068,0,106280,83370,81047,73416,41478,0,39087
req_000635,140000,1,1,1,22,2,-2,2,1,1,2,68251,0,67326,54388,54479,45830,18335,0,6782,2211,9267,3447
req_000636,30000,1,2,2,25,0,0,-2,0,0,-1,8414,9788,0,8718,8501,9128,3779,7418,0,5283,3124,7206
req_000637,240000,1,2,2,24,1,1,1,2,1,1,93100,103863,107909,98720,105874,95181,622,20778,4192,7595,5729,33360
req_000638,90000,1,3,2,28,2,2,0,0,-1,0,40688,48387,27231,45056,41656,43413,9652,5629,13999,36702,32475,28264
req_000639,130000,1,1,2,28,0,0,0,0,-2,0,77301,60516,60641,63244,0,70336,59048,9357,32867,36593,0,53987
req_000640,210000,2,3,2,28,0,0,0,0,0,0,49776,66021,70649,57907,67820,69837,26855,48526,56323,20329,64846,49623
req_000641,160000,2,2,2,27,0,1,0,1,1,1,78014,92445,60055,77824,68278,45582,22159,5914,29308,12930,2735,2907
req_000642,60000,2,2,2,29,-1,0,-2,0,-2,-2,38457,35196,0,28095,0,0,22549,21369,0,21940,0,0
req_000643,110000,2,1,2,29,1,0,0,0,1,1,33869,35427,26791,26052,22281,22792,477,30388,13735,13472,1994,383
req_000644,60000,1,1,2,24,0,0,0,0,1,0,24030,22353,23828,19836,17150,21043,14708,18857,17664,17134,1905,16065
req_000645,230000,1,2,2,29,0,0,0,-1,-1,0,159220,95472,155061,102145,128965,126357,109149,46274,93793,75609,85840,112056
req_000646,90000,1,1,1,28,-2,1,0,0,-1,-1,0,4114,2813,3971,3541,3511,0,96,1095,3662,462,3024
req_000647,170000,2,3,2,28,-1,0,1,0,0,0,68879,65074,61154,71961,62080,36750,61225,36530,8345,57449,51815,28549
req_000648,150000,1,1,1,25,0,0,1,0,0,0,81816,83152,68485,88223,93442,89237,62029,70254,2989,65839,24213,87550
req_000649,210000,2,1,1,29,1,0,1,0,-1,-1,120989,85718,124171,111729,103736,97968,6146,53990,3478,81761,94673,74418
req_000650,320000,2,2,1,27,-2,0,0,0,0,-2,0,60192,45639,31871,51589,0,0,28469,12864,18226,31255,0
req_000651,190000,2,3,1,23,1,2,1,0,0,1,80204,76847,86645,75329,80517,63950,14110,783,16701,33389,37944,15066
req_000652,120000,2,2,1,24,0,-2,-2,-2,1,0,23390,0,0,0,20208,24964,17114,0,0,0,1361,17310
req_000653,130000,2,1,3,28,-1,0,-2,-1,-1,0,53370,53249,0,38952,44394,50738,22239,40307,0,8712,12207,19794
req_000654,260000,1,1,1,25,0,0,-1,0,-1,0,99597,95486,123458,84379,116243,110650,93517,89318,32627,55200,50429,74423
req_000655,60000,2,3,2,21,-2,-2,2,3,5,4,0,0,5637,8937,7168,9062,0,0,483,723,1249,831
req_000656,60000,1,3,2,28,-1,-1,-1,-1,-1,0,15882,16293,15645,12687,15589,13521,12716,8575,10143,6107,7242,12967
req_000657,300000,2,1,2,23,-1,-1,0,0,0,0,88455,61983,51066,64933,73577,50026,34681,25794,25275,45705,39029,31661
req_000658,230000,1,2,1,24,1,0,2,1,0,-1,108879,121285,89234,92908,96878,97908,17742,65803,7971,13251,84900,83253
req_000659,160000,2,2,2,28,-1,0,0,-2,-1,-1,34184,40018,34184,0,29605,39734,20790,36352,14412,0,28757,31694
req_000660,110000,2,2,2,27,0,-2,-2,0,-1,-1,54287,0,0,62812,55740,59936,32012,0,0,59490,25244,42410
req_000661,290000,2,2,2,25,0,-1,0,0,0,0,54790,38757,55133,53397,61152,52653,16756,22828,53150,50620,14498,48407
req_000662,80000,2,2,2,26,-2,0,0,1,0,0,0,31736,28484,21188,29051,26063,0,25849,18545,1467,14905,10647
req_000663,100000,1,1,1,29,-1,0,1,0,0,0,3187,3666,2953,2954,2981,2074,2424,2748,355,2646,1815,1232
req_000664,70000,1,1,2,26,-1,-1,0,-2,0,-1,31087,33337,40852,0,30008,29711,7207,7354,35717,0,15988,12632
req_000665,70000,1,2,3,24,0,-2,1,2,2,0,7185,0,7614,11219,10402,7059,3195,0,665,1227,1219,3245
req_000666,110000,2,2,2,27,0,0,0,0,-1,-1,35967,37929,37421,32522,40670,40362,15825,23161,18547,12766,20620,31079
req_000667,30000,1,2,2,28,0,0,1,2,2,1,1842,2664,1941,1896,1648,2047,725,1152,221,65,88,527
req_000668,190000,2,2,2,24,0,-2,-1,-1,-1,-2,87784,0,80923,81854,79548,0,68919,0,57060,76602,63663,0
req_000669,80000,1,3,2,29,2,1,0,0,0,0,58224,50767,43235,44154,53132,51219,11529,14187,17921,24313,21935,24480
req_000670,70000,1,3,2,27,-2,0,1,2,0,0,0,4512,5281,4790,4162,3553,0,4314,799,100,2837,3022
req_000671,130000,2,2,1,24,0,-2,0,1,2,2,52419,0,40601,43514,38174,38617,20677,0,36811,7422,3717,1784
req_000672,180000,2,2,2,29,0,-1,-1,-1,-1,-1,68492,55371,52439,71241,70970,45301,37827,37625,35297,39226,56609,30651
req_000673,80000,2,2,2,27,-1,-1,0,0,0,2,15656,18681,19301,14130,18185,14606,14205,10937,12994,12123,14869,706
req_000674,50000,2,4,2,23,-1,0,1,1,-2,0,35906,35680,27836,24752,0,25178,30593,6083,712,2396,0,14869
req_000675,70000,2,3,2,24,0,0,0,0,1,1,13506,13230,12389,9946,12910,9562,10418,11095,5999,2738,73,169
req_000676,160000,2,1,1,24,0,0,0,-2,-1,-1,46589,46227,54176,0,44180,41829,35508,11479,46287,0,41599,16058
req_000677,40000,2,4,2,28,1,0,-2,0,0,-2,9817,10590,0,11307,9398,0,1848,9817,0,10289,6341,0
req_000678,100000,2,2,2,28,-1,-1,-2,-1,-1,-1,35908,29523,0,36442,35068,36178,28308,21660,0,20434,17804,35513
req_000679,80000,1,1,1,29,-1,-1,-1,-1,-1,-1,20252,23387,18537,22648,15652,24713,16451,11964,17678,18070,4440,20856
req_000680,130000,1,1,1,27,0,0,0,1,0,0,8530,5522,8441,9844,9538,7710,2771,4412,3103,55,8470,2963
req_000681,150000,2,1,1,29,2,2,0,0,-2,-1,66836,53542,57279,51919,0,51720,3157,4835,37773,28119,0,37711
req_000682,70000,1,1,2,23,-2,1,0,-1,0,-1,0,31030,29396,36698,29760,22101,0,3228,17464,5089,20784,17848
req_000683,60000,2,2,1,26,0,-2,0,-2,0,-2,6418,0,6428,0,6327,0,5097,0,3882,0,2649,0
req_000684,50000,2,1,1,27,-2,-1,-1,0,0,0,0,17709,18975,19031,13031,18350,0,13237,13507,7731,11464,12842
req_000685,340000,1,1,1,24,0,0,-2,0,0,0,67883,65532,0,61162,69298,43837,30734,49024,0,19379,18687,32719
req_000686,60000,2,2,2,25,-1,-1,-2,0,0,0,22774,13949,0,19382,18266,16457,10490,12391,0,8116,16364,12074
req_000687,50000,1,3,2,29,0,0,-1,-1,-1,0,12137,11437,12835,8451,11177,11880,8665,9932,6745,4164,10036,9177
req_000688,230000,1,1,1,29,0,0,0,0,-1,-1,102196,90332,110901,109338,101815,109264,52886,36679,50001,58349,81879,36019
req_000689,80000,2,1,1,24,-2,-1,0,0,0,0,0,48226,50302,41952,38583,44194,0,29912,48806,38454,24294,33105
req_000690,120000,2,2,2,29,1,0,0,0,-1,-1,35569,45672,33289,48393,44521,36606,3351,31524,19644,20002,32209,31777
req_000691,110000,1,1,1,27,0,0,0,0,0,-2,3445,2974,3975,4122,3699,0,1400,2427,2945,2615,3444,0
req_000692,150000,2,1,2,29,-1,-1,0,0,0,0,58059,54428,44895,45061,35438,53440,31568,9682,18363,34947,21955,52816
req_000693,70000,1,2,2,28,0,-1,0,-1,-1,0,7971,7936,9453,8087,5351,8521,7371,5892,4059,7966,2497,6681
req_000694,180000,1,1,2,23,0,-1,0,0,0,0,72076,64363,67857,60968,73246,77756,41999,24750,32989,48207,56822,65100
req_000695,90000,1,2,1,27,-1,-1,-1,-1,0,0,64022,58702,68610,60413,60879,67083,24190,34600,54572,51745,53200,38509
req_000696,60000,1,2,1,29,0,0,0,-2,-1,0,7081,6037,9710,0,5182,5892,6565,5065,8323,0,3638,3271
req_000697,100000,2,1,1,27,1,1,0,0,-1,-1,40345,34500,41370,32597,37685,27184,732,2397,14965,27053,33764,25094
req_000698,130000,2,1,2,23,0,0,0,-2,0,0,16153,13429,14664,0,9913,14513,10977,3254,6225,0,8234,4754
req_000699,90000,1,2,1,28,0,-1,-1,-1,-1,0,7900,7530,8168,9106,7033,6074,6076,5654,5685,8438,5185,4509
req_000700,340000,2,2,2,27,1,1,-2,0,0,0,191593,185706,0,180973,141759,171835,21797,24605,0,89518,74513,87158
req_000701,320000,1,2,1,23,-2,0,-1,-1,-1,0,0,94667,117400,120958,170745,135410,0,61869,67670,38040,131942,50905
req_000702,80000,1,3,1,27,0,0,-2,-2,1,0,23119,12597,0,0,15021,14059,8676,11627,0,0,446,6302
req_000703,50000,2,2,1,29,0,1,1,-2,1,1,28247,23163,26526,0,23459,25095,11535,2526,2811,0,1010,2750
req_000704,160000,1,4,1,29,-1,-1,0,0,1,2,46369,51459,39738,33012,41715,39318,37874,46537,25457,23173,616,4196
req_000705,170000,1,2,1,29,0,0,1,1,0,1,76229,62633,63321,62689,47088,47903,55967,48881,4134,6315,19653,2799
req_000706,80000,2,3,2,25,0,2,1,-2,-1,-1,15902,17516,18524,0,15376,11955,10204,657,1496,0,13075,8984
req_000707,50000,2,1,2,29,-2,-2,-1,0,1,1,0,0,2174,2151,1628,1931,0,0,1698,1779,16,176
req_000708,50000,2,1,1,25,0,-1,-1,-1,-1,0,35455,32492,26397,31454,22915,29084,24303,22203,23010,29143,21511,18953
req_000709,250000,1,1,1,29,-1,-1,-1,-1,0,-1,40862,35498,34457,36407,36688,32095,33380,16779,7713,30577,19084,17694
req_000710,110000,2,1,1,28,1,2,0,-2,1,0,48335,51684,55608,0,48610,47926,10268,7532,35106,0,5303,44246
req_000711,70000,1,2,1,29,0,0,-1,-1,-1,0,24324,22507,23064,21773,17872,16033,20979,6750,14235,7385,15669,9075
req_000712,70000,2,2,2,26,0,0,-2,-2,0,0,45225,43302,0,0,44717,38023,22369,35266,0,0,42292,36835
req_000713,150000,2,2,1,27,0,0,0,0,2,1,121113,88457,80138,88927,104386,109442,67290,51767,63143,56147,6558,15639
req_000714,50000,2,2,1,26,0,-1,0,0,0,-1,40930,36712,37802,40458,40889,29419,34168,14390,16611,22629,16991,18838
req_000715,270000,2,2,2,23,0,0,0,0,-2,-1,23154,21116,18023,18738,0,17200,5694,14762,8552,10822,0,13359
req_000716,50000,2,3,2,27,0,0,0,0,0,1,5633,6099,5523,5932,5721,5724,2802,3927,5230,3850,4519,48
req_000717,50000,2,3,2,27,0,0,0,0,-1,-1,15455,10260,11272,12915,12230,11350,11504,9767,9889,8848,9891,3451
req_000718,370000,1,2,1,22,1,2,1,0,1,0,77408,78564,97250,85492,96921,94303,1587,2645,3971,66902,1520,29988
req_000719,30000,2,2,2,28,-1,0,0,0,0,0,6937,7693,9449,6685,8634,8260,6491,2008,7962,4458,7857,6738
req_000720,230000,2,2,1,23,0,0,1,0,-1,-1,66401,62936,50346,70994,52095,48500,60356,26674,5590,30401,31244,28039
req_000721,10000,2,3,2,28,-1,1,0,2,3,6,2939,3442,2222,3680,3638,2809,690,49,1957,256,261,19
req_000722,240000,2,2,2,24,0,-2,-2,-1,0,0,42266,0,0,49239,31872,37720,12360,0,0,39841,13465,35807
req_000723,180000,1,1,1,22,2,0,0,-1,-2,-1,77259,83393,77305,88990,0,86863,16207,33502,53670,77216,0,44041
req_000724,50000,1,2,2,29,0,-2,-2,0,1,2,22455,0,0,20936,22877,17454,15214,0,0,12876,9144,3249
req_000725,60000,2,2,1,26,1,1,0,1,1,1,17170,17428,16192,17030,16568,20087,3018,1824,9751,178,457,3655
req_000726,20000,1,2,1,25,0,-2,0,0,0,0,7674,0,7070,5583,6341,5042,2084,0,5140,4839,5209,4567
req_000727,90000,1,2,2,23,1,0,0,0,0,0,48810,44445,50873,39884,38896,28838,7655,25509,44336,20375,11759,19669
req_000728,40000,1,1,3,22,1,-2,-2,1,0,0,26513,0,0,25566,25261,23792,387,0,0,3514,24331,13158
req_000729,110000,1,1,2,27,-2,0,0,1,1,0,0,25211,32126,27512,30562,29342,0,18126,25455,3234,2043,14383
req_000730,100000,2,2,2,26,-1,0,0,0,-1,-1,32369,24916,23437,27995,21594,24617,12056,21445,13506,10024,13697,19939
req_000731,80000,2,1,1,26,0,0,0,0,0,0,18958,29537,28889,21245,27991,20281,7512,17050,17031,10408,19473,14889
req_000732,130000,2,3,2,26,1,0,0,0,0,-1,52651,46003,52503,40509,40049,42930,8166,41755,21971,34294,25843,12706
req_000733,50000,2,1,2,28,1,-2,0,1,0,1,10840,0,9701,7516,10256,9628,966,0,9130,862,8462,1954
req_000734,60000,1,3,2,29,-2,0,0,0,1,2,0,18081,16938,18221,15026,11169,0,5529,2468,9236,1491,3335
req_000735,240000,2,2,2,26,-1,-1,0,-2,-2,0,51527,54155,47003,0,0,36765,11911,45401,30272,0,0,25541
req_000736,80000,2,2,2,25,0,0,0,0,1,1,38874,43757,36304,39960,40048,45054,17584,12402,24066,27923,5206,1236
req_000737,90000,1,3,2,24,-2,1,2,1,1,5,0,31717,33391,30261,45481,32181,0,123,4522,1288,1290,6070
req_000738,250000,2,2,1,26,-1,-1,-2,0,0,-2,74480,60184,0,99929,68983,0,37590,8386,0,42146,17220,0
req_000739,140000,2,1,1,25,-1,-1,-1,-1,-1,0,70132,51341,78033,61853,49980,68733,64375,36259,45481,43218,18690,28074
req_000740,60000,1,1,2,27,1,1,0,-1,-1,0,42743,43927,35299,31490,33566,32054,9849,2317,13024,30174,21156,23018
req_000741,160000,1,2,1,28,0,0,0,0,0,0,30839,34742,39389,28065,33499,24745,19966,23756,18268,7610,7447,20776
req_000742,30000,1,1,1,24,1,0,0,1,1,2,20741,19933,17015,15656,18597,16875,8166,7531,7889,2,3397,252
req_000743,80000,2,1,2,27,0,0,-2,-1,-1,-2,42142,54893,0,55709,55457,0,35148,49699,0,28427,31132,0
req_000744,30000,2,2,2,29,2,1,1,2,1,2,7935,6301,7467,6629,6401,5747,592,1208,131,79,2109,2367
req_000745,50000,2,3,1,28,-2,0,0,0,1,0,0,13287,15393,18687,13601,13988,0,8056,14964,10386,1296,10144
req_000746,60000,1,1,1,25,-1,-2,-2,0,0,-1,41099,0,0,39603,36842,41461,37329,0,0,34167,22012,27540
req_000747,80000,1,1,1,28,0,1,2,3,2,1,40688,44969,43089,40444,35609,50305,16909,8440,4349,8770,2467,325
req_000748,130000,2,2,2,25,-2,0,0,-1,-1,-1,0,38413,41658,43379,30512,38522,0,18303,38292,42285,27696,6487
req_000749,280000,2,2,2,25,0,0,0,0,0,-1,25200,21219,21274,20902,20922,19204,10953,19221,7165,8939,8485,8001
req_000750,80000,2,2,1,24,0,0,0,0,0,0,18758,12713,16722,17139,16584,13884,18487,7003,14827,11629,9643,7011
req_000751,60000,1,1,1,26,0,-2,2,-2,3,3,7273,0,7399,0,7362,4003,4277,0,877,0,3429,155
req_000752,70000,2,1,2,23,-1,0,0,-1,-1,0,23050,22511,19875,23325,23321,20848,14221,15220,15866,3668,7772,16937
req_000753,70000,1,2,2,26,1,1,0,1,1,0,34932,33540,27616,27803,32844,25739,6027,192,18890,458,230,14644
req_000754,30000,2,1,3,26,0,1,1,-2,1,0,10101,8597,9999,0,9597,9745,7689,1636,162,0,160,859
req_000755,320000,2,2,2,28,-1,-1,0,0,0,-2,131940,149795,162450,163822,99910,0,36272,98078,101327,105985,86349,0
req_000756,120000,2,2,2,25,0,0,0,0,1,0,55186,58157,50871,55006,57450,62834,15058,5246,8625,25746,544,38335
req_000757,200000,1,2,1,24,0,0,0,0,0,0,54130,62334,56887,47960,44537,42509,3279,47160,22569,11604,36327,16126
req_000758,250000,2,2,2,24,1,0,1,0,-1,-1,61210,117275,98412,107668,93641,88398,4290,79446,9367,39644,39001,4363
req_000759,80000,2,1,2,25,-2,2,1,2,2,1,0,11035,6851,9197,7858,8381,0,3276,361,1909,148,381
req_000760,170000,1,1,2,25,-1,0,0,0,0,-1,135822,104212,120853,95164,141425,103246,46478,72673,37322,79486,63044,75442
req_000761,60000,2,1,1,29,0,0,0,0,0,-2,23601,26257,22871,23489,20837,0,7217,15074,15366,15627,6981,0
req_000762,100000,1,2,2,28,-1,0,-1,0,-2,-1,18964,17214,19007,19510,0,22793,14773,7819,7907,15982,0,10294
req_000763,260000,1,3,1,25,1,1,0,-1,-2,0,69749,69255,59359,50993,0,42132,5332,15266,20988,21094,0,21221
req_000764,130000,2,1,2,22,0,0,0,0,0,0,64844,63369,72292,54030,56334,72358,48691,56897,70157,41885,49298,71338
req_000765,70000,2,2,1,27,-2,0,0,-1,-1,-1,0,2224,2318,2055,1784,1842,0,1608,1139,1610,1254,817
req_000766,270000,2,2,2,28,0,-1,-1,0,0,-1,180668,183047,182750,135995,152322,126415,75953,124670,144492,57234,58608,60102
req_000767,110000,1,3,1,26,-2,-1,-1,-1,-1,-1,0,12181,15682,16515,12221,15485,0,9436,4613,15914,9051,10800
req_000768,130000,2,2,1,28,0,0,1,1,0,0,48720,62352,64947,52273,61670,61882,6516,45995,11715,1055,45853,33021
req_000769,40000,1,3,1,24,0,-1,0,0,-2,0,10626,11599,13674,9459,0,10574,4674,6663,3530,7736,0,8492
req_000770,200000,1,2,2,25,0,0,0,-2,-1,-1,42933,46303,37230,0,41964,51338,29805,39532,34519,0,16545,36184
req_000771,110000,2,3,2,22,0,-2,-2,0,0,1,39094,0,0,26823,31555,35451,32171,0,0,15244,13252,1709
req_000772,80000,2,4,1,28,0,0,0,1,0,0,16197,12945,15248,17144,11901,14789,9591,7600,9788,829,3658,6325
req_000773,90000,2,1,1,28,0,1,0,0,-1,-1,8153,9320,8681,10379,10157,11487,6007,1751,7992,6833,1823,10898
req_000774,110000,1,2,2,26,2,0,1,0,0,0,18417,16118,16808,16832,20734,18937,2848,14517,4130,10128,14832,12155
req_000775,80000,1,3,2,29,-1,-1,0,-2,-1,-1,31104,24347,30496,0,35038,21813,26266,14085,22435,0,27100,14642
req_000776,100000,2,2,1,29,0,-2,1,2,1,1,36358,0,40853,33546,35530,34577,26802,0,10428,7885,6217,5016
req_000777,70000,2,1,2,29,0,0,0,0,-1,0,29728,26408,27045,32932,29369,27393,29604,24552,18456,26475,21508,18723
req_000778,50000,2,2,1,29,0,0,0,0,1,1,17594,23626,22643,19746,20503,19198,16465,14291,3830,10863,2694,1976
req_000779,40000,2,2,1,26,2,1,0,0,0,1,14898,18757,20069,16937,15095,14668,143,740,10703,14767,10354,813
req_000780,20000,2,2,1,27,2,1,0,0,-1,-2,3862,3526,3303,3635,3923,0,399,263,2783,3005,2753,0
req_000781,270000,2,2,1,28,0,0,0,-1,-1,-1,82245,95611,114514,99577,89395,92988,62032,74345,20633,73577,79624,88485
req_000782,120000,2,2,2,29,0,0,0,-2,-1,-1,96091,93391,100300,0,75536,87505,21139,16004,92225,0,62714,63584
req_000783,170000,1,3,2,24,1,1,-2,1,0,1,51584,51937,0,40425,47681,51177,375,3729,0,710,39239,1327
req_000784,50000,2,3,2,25,0,-1,-1,-1,-2,-1,3708,3901,5939,3929,0,3522,3444,1743,4492,1708,0,1805
req_000785,70000,2,2,1,29,0,-1,-2,-1,-1,0,32893,40429,0,31762,31520,28385,30261,32982,0,18715,20578,23169
req_000786,110000,2,2,2,29,0,0,0,1,0,1,108040,75786,83094,80812,68701,69853,58953,52008,48629,23690,30749,4597
req_000787,90000,1,3,2,23,-2,0,0,0,0,2,0,30521,35111,25065,31412,20037,0,22069,13491,16880,8761,788
req_000788,100000,1,2,2,26,0,1,0,0,1,1,29471,25509,25763,22422,25671,28844,25511,5181,14892,11045,4993,91
req_000789,120000,1,1,2,26,0,-1,-1,0,0,0,34676,31108,29246,28908,29300,34484,27959,10561,18053,11319,26745,12943
req_000790,270000,1,4,2,25,0,0,0,0,-1,-2,119728,71229,93255,77918,68958,0,93790,38287,74818,61136,58521,0
req_000791,40000,2,3,1,22,3,1,1,3,3,3,16540,20224,21342,13309,13707,14927,29,1895,5299,1208,618,689
req_000792,210000,1,2,2,29,-2,-1,0,-2,0,-1,0,26138,29144,0,24910,27549,0,19631,22861,0,14184,26188
req_000793,80000,2,2,2,27,0,-2,-1,0,0,0,27644,0,20765,22839,22119,28981,7747,0,10526,17518,14053,22999
req_000794,60000,2,1,2,27,1,0,0,1,2,2,30440,22425,24676,27015,22514,25272,904,15874,15548,3190,6229,1741
req_000795,90000,2,1,3,26,-2,0,0,0,-1,-1,0,10443,8882,11372,9187,10447,0,7079,5226,8164,4946,6861
req_000796,150000,1,1,1,26,-1,0,1,0,0,-1,19440,17042,23993,25848,16683,25896,7051,12073,3841,17853,9637,21297
req_000797,80000,1,1,1,21,0,0,1,2,2,2,59882,74231,65723,72044,61670,43760,46350,26373,106,957,9640,1869
req_000798,100000,2,1,1,28,-1,-1,-1,-1,-2,-1,6801,7225,5613,7872,0,7711,667,4322,3440,7444,0,5879
req_000799,70000,1,1,1,23,-2,3,3,2,-2,1,0,7047,6289,6960,0,6254,0,333,601,703,0,1528
req_000800,130000,2,2,1,25,0,0,-1,-1,0,-2,7935,7595,7753,8730,7935,0,6227,2194,3609,7948,6173,0
req_000801,60000,1,1,2,28,0,0,1,0,0,0,14550,12411,14048,12498,8984,9279,7776,6691,217,9677,8566,5188
req_000802,110000,2,3,1,24,0,0,0,0,0,0,85679,91375,93820,114976,93266,99839,59464,70127,86091,61407,44012,95156
req_000803,130000,1,2,2,28,0,0,-2,-1,0,0,25145,33795,0,23726,23429,35501,4266,25581,0,12302,17068,25552
req_000804,120000,2,3,2,29,-1,-1,-1,-1,0,0,36282,32037,26110,29963,35496,32726,15945,15260,21055,23507,8946,22917
req_000805,140000,2,2,1,25,0,-2,-1,-2,0,0,74736,0,73594,0,69703,73066,65802,0,51082,0,9076,32723
req_000806,150000,1,2,2,29,0,0,0,-2,-1,-1,71128,70687,93625,0,82558,89695,60927,34741,49039,0,60416,63959
req_000807,20000,2,1,2,27,0,0,0,-1,-1,-1,15408,12770,12536,15235,16071,13193,12097,9198,10902,9072,9967,1429
req_000808,80000,2,2,1,24,-2,-1,0,0,0,0,0,34752,37013,34164,32416,33966,0,32548,30959,21316,17199,11981
req_000809,30000,2,2,2,22,-2,-1,0,0,0,0,0,6036,4947,5920,6793,4842,0,4150,477,2524,6042,2688
req_000810,70000,2,2,2,24,0,-2,-2,-2,0,0,10891,0,0,0,9802,10686,8047,0,0,0,6956,5595
req_000811,60000,2,2,1,29,1,0,0,0,-1,-1,17763,22017,17299,19781,21253,20659,1726,6510,8705,9798,8159,15685
req_000812,70000,1,1,1,23,0,0,0,0,1,1,43549,46615,39581,46937,42454,49380,35210,36805,25612,14454,56,732
req_000813,480000,2,1,2,28,-1,-1,-1,-1,-1,-1,271191,304233,262902,213565,280028,236375,119512,185504,128137,90352,140176,192494
req_000814,20000,1,2,1,29,0,0,0,1,1,0,5655,4925,6299,5252,5851,4848,4944,1737,1361,328,1378,2392
req_000815,130000,2,1,2,26,-1,0,0,-1,-1,-1,123252,91896,87423,103665,81469,88741,38138,79060,42607,94779,27139,17084
req_000816,60000,1,2,1,26,2,1,2,-2,2,-2,19476,22352,21668,0,20031,0,350,2719,3342,0,1178,0
req_000817,100000,2,2,2,21,1,1,3,0,-1,-1,80784,84353,83697,68376,70250,54796,8710,1623,374,27584,41272,42795
req_000818,20000,1,2,1,24,0,0,0,1,0,1,4981,3739,4035,4794,3210,3931,4899,1295,2430,2014,767,139
req_000819,120000,2,1,1,28,0,0,0,0,-1,-1,33201,25819,28146,23855,25937,21219,26341,8233,9974,19166,19170,3802
req_000820,60000,1,2,2,29,0,0,1,2,1,0,50612,44045,32249,34063,22462,26998,41560,28956,1959,1907,1674,21558
req_000821,90000,2,1,2,27,-2,0,1,1,1,0,0,37486,26717,28279,24507,21910,0,32375,4014,6053,4061,8070
req_000822,70000,2,2,2,29,0,0,-2,0,0,-1,16441,18094,0,14922,19074,19024,9601,2946,0,7362,12169,4959
req_000823,140000,2,2,1,25,0,0,0,0,0,0,36434,38529,34440,45863,38117,39104,28053,24760,30086,9963,26579,30334
req_000824,60000,2,2,1,25,0,0,0,0,-2,2,35813,32004,42727,32060,0,34616,9761,24075,13083,13058,0,3033
req_000825,200000,2,2,1,25,0,0,0,0,1,0,34069,31061,34906,23304,33001,23581,16218,27888,33478,14660,260,19073
req_000826,60000,2,2,2,25,0,0,0,0,-1,-1,27110,22762,23474,20210,18802,21952,17463,18533,22281,19195,16947,17379
req_000827,100000,1,1,2,26,1,0,0,0,-1,-1,21174,21452,21819,21261,20317,17573,5826,12858,17847,3058,19093,9148
req_000828,110000,1,2,2,28,0,-2,0,0,0,-2,88499,0,59713,66676,73269,0,76605,0,56390,60708,70285,0
req_000829,40000,2,1,2,25,-1,-1,-1,-2,-1,-2,11847,10152,8884,0,9447,0,5646,1738,4800,0,9031,0
req_000830,50000,1,2,2,26,0,0,2,-2,2,1,6919,7162,6441,0,7772,5641,6470,6861,224,0,326,154
req_000831,240000,2,3,2,26,0,0,-2,0,0,0,100326,114048,0,120540,99228,103911,94516,60981,0,89692,87412,31942
req_000832,60000,2,1,1,26,0,0,0,0,0,2,37076,38280,29572,31046,28608,36958,10291,25266,13959,22516,18844,3836
req_000833,110000,2,2,1,27,-1,0,0,-2,0,-2,44599,37027,51429,0,58825,0,17522,30390,22268,0,41799,0
req_000834,90000,1,2,1,26,0,2,1,1,0,-2,34765,36252,41251,38820,47676,0,29078,7873,2084,3277,47566,0
req_000835,190000,2,2,2,23,0,0,0,0,0,0,59791,36858,65327,53403,35780,53659,38685,25351,51881,39900,23100,45433
req_000836,80000,2,2,3,29,0,0,0,2,1,0,25042,29615,30895,21973,23777,26546,18543,22949,28714,8212,21,15615
req_000837,30000,2,1,2,26,0,0,0,0,0,0,5087,5208,6142,4198,5280,5040,1904,763,2131,2661,4152,1770
req_000838,310000,2,2,2,24,0,1,0,-2,-2,0,110509,96648,91435,0,0,94140,17766,7705,41010,0,0,73543
req_000839,70000,2,3,1,29,-2,0,0,1,-2,0,0,21504,17541,16193,0,18979,0,3864,13751,2173,0,11936
req_000840,50000,2,2,1,26,0,-1,0,0,1,-2,122,119,128,138,88,0,54,82,124,100,0,0
req_000841,230000,2,2,2,23,-2,0,0,0,-1,0,0,143936,160539,119499,87075,109292,0,113544,107644,69757,72409,73260
req_000842,90000,2,3,1,29,0,1,0,0,1,1,4794,6518,5713,5446,5906,5082,1091,539,3410,2405,16,815
req_000843,200000,2,1,2,26,2,-2,1,0,-1,-1,25286,0,27263,19916,26369,27997,4234,0,221,16296,8022,20846
req_000844,50000,1,1,2,28,0,-1,-1,-2,0,0,31977,30065,29609,0,24148,24709,19208,23825,25494,0,23047,12583
req_000845,60000,2,1,2,29,0,-1,-1,0,-1,-1,34269,35079,36743,38064,30556,33511,20819,21781,28527,30013,16952,17740
req_000846,150000,2,2,2,25,0,-1,-1,-2,-1,-1,9601,8731,10383,0,9979,5940,8718,3972,9982,0,3102,3882
req_000847,160000,1,2,1,29,-1,-1,-1,-1,-1,-1,35180,25653,22031,20875,25516,29057,15042,16661,13632,18867,18867,19149
req_000848,50000,2,1,1,28,0,0,0,0,0,0,43042,49428,36412,38235,39919,42634,31359,42711,7224,21206,12176,38637
req_000849,80000,2,2,1,27,0,0,0,0,-2,0,2622,2213,2070,1878,0,1870,1983,1659,262,888,0,887
req_000850,240000,1,1,2,26,-1,-1,-1,0,0,0,97379,121339,93547,104786,119997,104512,23020,108186,26044,42541,97153,100606
req_000851,100000,2,1,2,25,0,0,0,1,1,1,22530,17909,21206,14893,19292,15713,10210,10997,9346,218,2597,4547
req_000852,100000,2,3,1,28,-1,0,-1,-1,0,0,34455,44348,36121,38857,43340,34788,23021,32005,9812,31626,35906,14684
req_000853,500000,2,2,2,29,0,-1,-1,-1,-1,-1,292194,312171,294720,290036,260469,277207,160735,133715,199985,198779,71943,68895
req_000854,170000,2,1,1,29,-2,2,1,1,-2,1,0,55266,52655,36796,0,44874,0,2592,9320,706,0,732
req_000855,120000,2,2,2,27,0,0,-2,0,-2,-1,100584,109965,0,102977,0,109702,52082,6360,0,64830,0,84704
req_000856,60000,2,1,1,26,0,-1,0,0,0,0,40517,41801,23811,28537,24006,27182,33891,17207,7531,27224,23794,11045
req_000857,430000,2,1,2,29,0,-2,0,0,-1,0,72073,0,49750,61547,62303,42101,49674,0,24111,43332,40136,37939
req_000858,200000,1,1,2,29,-1,-1,-1,-1,-2,-1,84515,91366,79931,77967,0,76008,59708,56441,42490,17561,0,26886
req_000859,40000,2,1,1,27,0,-2,-1,0,0,-2,21697,0,20902,24346,26948,0,13886,0,1253,14708,15058,0
req_000860,30000,1,2,2,28,0,0,0,1,0,0,13087,8474,13865,11959,15111,14176,7687,4161,11138,1554,9592,7975
req_000861,140000,1,1,2,28,-1,-1,-1,-1,0,-1,50380,66176,53938,69993,52691,38157,35485,36139,37774,40000,41069,13162
req_000862,40000,2,1,1,27,-1,-1,-1,-1,-1,-1,6944,7154,9393,7807,7754,8593,6469,5211,5227,6977,7324,8091
req_000863,110000,1,1,1,24,0,0,-1,0,0,0,29942,32200,26923,33997,28313,24036,24752,4594,17604,22937,7297,22434
req_000864,140000,2,1,2,29,0,1,1,1,1,1,46693,40760,53036,44628,59712,47461,30843,4121,3020,4999,859,11005
req_000865,110000,1,3,1,27,3,2,1,0,0,1,43166,40480,41670,38660,32134,36292,352,1927,7685,18662,9690,9456
req_000866,130000,2,2,2,26,0,0,0,0,0,0,5351,4067,6237,4776,5687,4880,4467,2200,5340,4174,2849,3061
req_000867,70000,2,2,3,24,-1,-2,0,0,0,0,28692,0,25231,22776,23198,25171,20762,0,13428,11332,13679,13456
req_000868,90000,1,2,2,27,0,0,1,1,2,3,18487,23309,23537,28657,27434,24954,17220,10945,4653,244,819,9448
req_000869,90000,1,3,1,29,-2,0,0,0,-2,0,0,15096,16110,18983,0,14849,0,4790,11176,17105,0,7468
req_000870,80000,1,2,2,29,0,0,0,-1,-1,-1,22958,20046,24448,23428,19777,18439,18597,13438,6982,9751,2699,8494
req_000871,70000,2,2,2,27,0,0,1,1,0,0,2495,2387,1832,2465,1887,1735,1060,2028,212,655,1593,1497
req_000872,30000,1,1,1,29,-2,0,-2,0,0,1,0,11761,0,13644,11896,15894,0,8587,0,10019,5200,4376
req_000873,70000,1,2,1,25,0,-1,-1,-1,0,0,19863,22917,21923,17898,18889,16462,14225,11442,16203,9403,12721,12879
req_000874,250000,2,2,2,22,-1,0,-2,0,0,-1,67362,98226,0,70703,86201,57829,58960,77482,0,32854,78984,31243
req_000875,40000,1,2,2,27,-1,-1,0,-1,0,3,6570,6870,7861,6683,6752,5630,2752,5533,4083,4190,5191,164
req_000876,80000,1,1,1,29,0,-2,1,0,1,1,72903,0,57033,47351,65062,53143,67307,0,7631,20592,1648,7121
req_000877,80000,2,3,2,28,0,0,-1,0,0,0,59915,53087,63376,47572,63006,71351,28794,42236,52062,24244,41641,50008
req_000878,40000,2,2,1,29,-1,-1,-1,-1,-1,-2,8992,9688,9518,7752,11499,0,2704,5217,2995,4261,2002,0
req_000879,400000,2,3,2,29,-1,0,-1,-2,-2,0,291267,284472,272288,0,0,309779,156151,178435,65580,0,0,142955
req_000880,180000,1,1,2,28,0,-1,0,0,1,1,107379,92480,91258,107262,95066,91909,61564,52515,81611,83307,1246,3216
req_000881,250000,2,1,1,28,0,0,0,-1,-1,-1,76112,85895,66453,70493,81177,98847,26327,70160,64336,55403,23121,32257
req_000882,80000,2,3,1,27,2,1,1,0,0,-2,53227,57020,64035,57676,48454,0,1863,858,3457,10708,20696,0
req_000883,70000,1,2,2,29,0,0,0,1,0,1,19915,15003,18315,20146,13739,19842,17062,3459,12059,3729,12678,20
req_000884,50000,1,2,2,26,0,0,0,0,0,0,34591,42211,42973,36842,38695,34432,2929,30705,36634,31378,11270,20552
req_000885,30000,1,1,2,27,-2,0,0,0,-2,1,0,6583,9234,7454,0,6561,0,2937,8660,6489,0,513
req_000886,170000,2,2,1,28,0,0,0,1,1,0,51540,62998,49569,41474,45195,45792,41610,34314,30154,2220,19848,35484
req_000887,130000,2,1,1,28,1,0,-1,0,0,-1,42286,47774,42516,50183,57943,33651,918,14679,35057,16163,46816,9131
req_000888,160000,2,3,2,27,0,0,0,0,0,-1,63042,60635,74850,52701,67022,52493,26341,50508,67507,26287,52266,35319
req_000889,170000,2,2,1,27,-1,-1,-1,0,0,-1,98796,76314,82348,83301,56415,75482,18489,19702,81294,30334,30770,68420
req_000890,200000,2,2,1,29,0,0,0,0,0,-2,81497,64434,91733,66794,97849,0,55809,37824,14762,18314,72708,0
req_000891,80000,1,2,2,28,0,0,0,-1,-1,0,32785,32083,33740,26597,44259,24057,12842,20727,32303,24436,25125,8643
req_000892,80000,2,1,3,28,-1,-2,-1,-1,-1,-1,13951,0,13644,11430,9872,9925,11479,0,8784,9982,3074,5479
req_000893,130000,1,1,1,29,-1,-1,0,-1,-1,0,14280,19077,20123,18641,16207,18180,8036,14017,6986,5100,12133,11694
req_000894,70000,2,1,2,23,0,0,0,-1,0,0,36220,37796,32309,35361,29417,42171,12114,2794,12634,11959,16561,35880
req_000895,140000,2,2,1,24,0,0,0,1,0,0,27542,22698,27677,28807,23050,17408,3224,14196,15349,2869,16016,16758
req_000896,150000,1,3,2,26,0,-2,0,0,1,0,13904,0,12840,13796,14049,15682,10367,0,10688,6153,3443,5503
req_000897,50000,1,2,2,28,-1,-1,0,0,0,0,12707,11555,10546,10304,9215,10552,10833,6506,8787,9293,7428,6156
req_000898,130000,1,2,1,27,-1,-1,0,0,0,0,79917,59418,63425,71518,40983,46539,27852,56042,17223,28860,15839,18641
req_000899,140000,2,3,2,25,0,0,0,0,0,-1,66413,67374,64393,68625,45669,53139,50435,42164,32186,8281,30443,25522
req_000900,30000,2,2,1,23,0,0,0,0,1,3,1574,1872,900,1441,1354,1406,1271,368,843,1280,326,83
req_000901,160000,1,2,2,28,-1,-1,0,0,-1,-1,58052,62182,49444,64834,54443,44955,12927,54686,43483,50196,11892,11313
req_000902,70000,1,3,2,29,-2,0,0,-2,0,0,0,14808,14696,0,13002,14008,0,11562,9228,0,9418,12723
req_000903,810000,2,1,1,28,-2,0,0,2,1,0,0,57194,51501,50784,39374,41270,0,23832,26135,3030,988,34672
req_000904,70000,2,3,2,24,-2,0,0,0,-1,-1,0,376,474,475,292,536,0,160,76,203,150,491
req_000905,270000,2,2,2,25,0,1,0,0,0,0,132148,116674,149091,104542,129209,84790,7827,7810,101689,91775,13099,57207
req_000906,30000,1,2,2,28,0,0,1,0,-1,0,18297,16256,9909,12120,13798,11186,13497,6912,148,7903,6954,7183
req_000907,250000,2,2,2,29,0,0,0,0,0,0,39213,40455,52763,43339,33222,38236,31984,23629,31249,40808,20741,20767
req_000908,70000,2,2,2,21,0,0,0,-1,0,-2,24440,28069,27041,19736,20190,0,13080,16544,25694,7525,13293,0
req_000909,30000,1,1,1,23,1,0,0,1,0,0,15855,15459,14908,14954,13400,16732,1326,6930,6047,1588,11224,11401
req_000910,310000,2,2,2,26,0,-2,-1,0,0,0,156578,0,151075,180270,116532,134553,135371,0,129857,56907,65547,83889
req_000911,50000,2,2,2,29,0,-2,0,0,1,0,35699,0,35003,32679,29740,17573,29120,0,19379,22805,2969,11067
req_000912,110000,2,3,2,27,-1,-1,-1,-2,0,-1,7437,7806,7337,0,7542,10461,2878,5324,4311,0,5311,6881
req_000913,180000,2,2,1,28,0,1,1,-2,0,0,19247,20446,16271,0,16187,21870,16075,415,298,0,7934,7717
req_000914,50000,1,2,2,22,2,8,8,1,0,1,17565,14474,10826,18826,16225,11913,1208,5900,46,1302,12146,380
req_000915,250000,2,2,1,25,2,0,1,0,0,0,37535,32702,38376,49297,55033,39270,1631,30275,6607,33397,20829,6484
req_000916,350000,2,2,2,26,-1,0,-1,-1,-1,-1,17969,15081,19558,15904,17427,13336,9555,4690,15292,10314,4405,6957
req_000917,100000,2,2,2,26,0,-2,-2,0,0,0,16721,0,0,13333,11824,11906,13738,0,0,8046,8724,3848
req_000918,70000,1,2,1,28,0,0,0,0,2,3,32669,26168,20741,22234,21540,18953,9356,24551,15922,8218,3402,1257
req_000919,60000,1,1,2,23,-1,-1,0,0,1,1,37485,35619,33390,45159,47378,41671,27395,11238,18575,32709,698,4698
req_000920,50000,1,3,2,26,-1,-1,0,-2,1,1,12538,12882,8949,0,12519,13628,8816,8978,3200,0,2747,846
req_000921,70000,1,1,2,28,-1,0,0,1,1,0,12305,13274,11520,11954,13737,15445,6335,5785,9293,268,1956,15042
req_000922,270000,2,1,1,27,0,-1,0,-1,-1,-1,59499,48814,60949,60231,49381,39107,17227,42989,16534,48177,6831,34658
req_000923,130000,1,1,1,23,0,0,-1,0,-1,-1,52866,75059,71516,52625,69470,89984,27337,50336,46534,51991,55065,81103
req_000924,110000,2,1,2,24,0,-2,2,0,0,0,44875,0,57651,34069,48151,60860,13214,0,7916,25844,30723,29791
req_000925,360000,2,1,1,26,0,-2,-2,0,-2,0,33537,0,0,29818,0,30945,7658,0,0,8573,0,16972
req_000926,30000,2,2,1,25,1,0,0,0,0,0,7537,7562,8180,6763,7016,7095,770,6986,3616,6084,5030,3820
req_000927,90000,2,2,1,25,2,2,1,0,-1,0,41597,25262,31128,33299,31358,29745,10,713,1068,24571,30068,18204
req_000928,70000,2,3,2,28,0,1,0,0,0,0,43229,37380,32800,36206,32373,43173,41102,1492,24836,31573,18223,19368
req_000929,340000,1,2,1,25,-1,-1,0,-1,-1,0,169089,205070,170405,161719,143762,134366,105705,198628,158623,73747,75583,106801
req_000930,50000,2,2,1,25,-2,-1,0,0,0,0,0,21323,20347,23028,21566,20509,0,11901,12724,6840,4477,15277
req_000931,90000,2,1,2,26,-1,0,0,0,-2,0,26975,34005,29964,27067,0,27851,13541,26461,20216,24325,0,25433
req_000932,70000,1,2,2,26,-1,0,-1,-2,-1,-1,28024,35002,31723,0,34524,21533,14192,26585,20822,0,11084,13815
req_000933,170000,2,2,2,29,0,0,0,0,0,0,107926,101154,97345,78259,105702,63626,59815,18061,24502,29447,78980,24284
req_000934,40000,2,1,2,28,0,0,0,1,0,-1,12101,8312,8924,9245,8375,9294,9134,5968,320,2631,7298,8856
req_000935,250000,2,3,2,28,0,0,0,0,0,1,40558,48606,42489,42495,41324,44535,24754,47735,8876,28549,15686,4575
req_000936,240000,2,2,2,28,0,0,1,0,0,0,143512,117064,103780,119585,114249,95225,37071,111330,12588,81278,62663,25228
req_000937,60000,2,3,2,28,0,0,0,0,0,0,19553,27391,24676,14895,15698,18906,10468,25931,19323,6205,9521,7997
req_000938,130000,2,2,2,26,-1,0,-1,-1,-1,-1,69127,57077,80757,76201,71982,68303,52394,50166,12870,53577,47080,40614
req_000939,160000,1,3,1,28,0,0,0,0,0,0,13839,15262,16029,15430,18265,11279,6999,14675,4362,12230,17510,1632
req_000940,190000,2,2,1,27,-2,1,0,0,-1,-1,0,35211,31849,34356,31400,26346,0,5439,14884,8979,3360,23476
req_000941,60000,2,1,1,28,2,1,0,1,1,0,25674,35592,30137,31313,18361,19319,975,2188,9986,6718,1523,15398
req_000942,260000,2,1,2,24,0,0,0,0,0,0,117711,95890,105805,109463,99323,96974,104463,78289,38625,23546,47367,38918
req_000943,200000,2,1,2,28,-2,-2,-1,-1,-1,-1,0,0,79658,83317,83991,80017,0,0,29180,56555,41073,20721
req_000944,110000,1,1,1,28,0,0,0,0,-1,0,50550,59723,39647,61444,60215,56005,21902,34933,12203,56526,30367,28918
req_000945,250000,2,1,3,27,0,0,0,0,1,0,1180,1112,843,878,897,1046,998,476,718,564,192,806
req_000946,90000,2,1,3,27,0,0,0,-1,-1,-1,39133,38556,41862,38855,34143,25409,32426,20704,26236,5508,20659,7402
req_000947,90000,2,1,2,28,1,0,0,0,0,0,78250,78583,77340,67827,72779,77889,3399,53170,37286,30788,21222,36193
req_000948,150000,1,2,2,29,0,-2,0,0,-1,-1,51290,0,37562,38933,37701,30322,36532,0,16746,23720,22387,23118
req_000949,150000,2,2,2,24,-1,-1,0,0,0,-1,54893,48827,40737,50467,67146,51101,18620,22390,12017,42560,39346,26469
req_000950,60000,2,3,1,24,0,0,0,0,0,0,46779,25352,45464,32386,38328,31051,18605,8170,26910,21715,11121,26095
req_000951,60000,2,2,2,24,0,0,1,1,0,0,3410,2544,2726,3445,2448,2798,2808,2365,79,25,209,1482
req_000952,30000,1,2,2,27,-2,0,0,-1,0,-2,0,11341,8670,11162,9364,0,0,4189,3380,7045,6490,0
req_000953,460000,2,2,1,27,0,0,0,0,0,0,2425,2691,2579,2863,2675,2549,580,1551,1639,1398,2295,1753
req_000954,80000,1,2,1,26,1,-2,0,0,-1,-1,59528,0,47177,46839,57734,34241,38,0,29024,29755,45771,8523
req_000955,120000,2,2,1,29,0,-2,-1,0,0,-2,13805,0,14612,11339,16656,0,5105,0,7259,9850,14938,0
req_000956,20000,2,2,1,29,0,0,-1,-1,0,0,4840,5204,3921,5026,5836,4472,853,4352,1077,4384,2955,4365
req_000957,70000,1,3,2,29,0,-1,-1,-1,0,-1,23654,16073,18588,20513,15483,15173,6322,13802,7418,9700,8949,8277
req_000958,150000,2,1,2,24,-1,-1,-1,-1,0,0,51307,50027,44396,45464,51886,52257,28252,15635,29185,40118,16991,15618
req_000959,70000,1,3,2,28,0,1,0,1,0,0,32833,43992,42798,40488,37417,38913,31441,8444,32587,5748,15021,24934
req_000960,210000,1,4,1,25,0,0,0,0,0,0,103789,76665,74830,64797,70715,64607,26062,34090,49483,53180,22725,60490
req_000961,150000,1,2,2,24,-2,1,1,0,1,0,0,75025,82800,90715,113904,94905,0,17764,2636,19334,43652,7471
req_000962,80000,2,2,2,27,0,1,2,2,-2,-1,25571,26308,26711,30925,0,25529,13743,4726,940,399,0,13393
req_000963,190000,2,2,1,28,0,0,0,0,-2,-2,103965,114549,104547,112652,0,0,95814,74847,37165,78886,0,0
req_000964,90000,2,1,2,24,-1,-1,0,0,-1,-2,18964,23670,18604,21945,19643,0,11139,14536,15242,15933,9747,0
req_000965,230000,1,1,1,23,-1,-1,-1,-2,-1,-2,130726,126208,143433,0,109679,0,55749,96684,64115,0,44773,0
req_000966,70000,2,1,1,27,0,0,-1,0,0,0,12419,14514,11611,11264,10079,10954,8866,8427,6787,8954,4903,2581
req_000967,70000,2,2,1,24,0,-1,0,0,0,0,22985,22908,21634,18301,22492,23834,21149,13328,15479,12360,18120,7590
req_000968,130000,2,2,2,26,0,0,0,1,1,1,44726,43105,40732,37622,42009,28956,32094,36178,35798,655,1976,827
req_000969,150000,2,1,1,24,0,1,0,0,2,0,34451,34841,35878,35054,32389,35433,28604,373,22351,4604,1478,11933
req_000970,110000,1,2,2,25,0,0,1,0,0,0,55000,42024,48719,53133,60216,53939,40931,23316,11329,28844,52599,39852
req_000971,80000,1,1,2,24,-1,0,-2,1,-2,0,71739,69855,0,59347,0,56451,45530,40561,0,8942,0,36790
req_000972,50000,2,2,2,29,1,1,0,-1,-1,0,26865,26565,26126,22686,26624,26506,2444,4907,19675,9069,11677,19348
req_000973,180000,2,2,1,29,1,1,1,-2,-2,0,146757,121814,128467,0,0,117880,25895,8978,19077,0,0,65797
req_000974,80000,2,1,1,28,1,2,2,3,2,1,13912,10961,11697,13832,9933,11257,32,1504,1488,348,175,110
req_000975,540000,2,2,1,27,0,0,0,0,0,0,154548,151023,144472,130758,163017,119560,113684,130395,43260,86905,85793,22515
req_000976,80000,2,2,2,24,1,0,0,-1,-2,0,87209,68067,82605,94588,0,64613,7571,49421,70534,64216,0,47015
req_000977,140000,2,2,1,24,0,-2,0,0,0,-1,37422,0,38241,30407,32283,29809,23971,0,21926,27104,21434,19416
req_000978,260000,2,2,2,28,-1,-1,0,0,0,-2,140051,129493,128782,109213,133592,0,100357,82335,99750,89754,109840,0
req_000979,180000,2,2,1,24,-1,-1,-1,-1,-1,-1,180266,131215,166634,116013,110248,123943,169148,57083,102483,90225,88123,104793
req_000980,250000,1,2,2,27,0,-2,0,0,-1,0,96254,0,83305,90050,71417,73651,21741,0,56738,24537,65317,69561
req_000981,30000,2,2,1,27,0,-2,1,1,3,3,16414,0,16282,18914,22721,22013,6691,0,2364,776,2509,506
req_000982,60000,1,1,2,27,0,0,0,0,1,1,10703,10935,10236,8010,8989,9978,9608,2840,3251,5213,1030,1668
req_000983,80000,2,3,2,27,0,1,0,0,0,0,18378,17137,16503,14447,15169,15277,10490,3508,5757,13289,9231,11904
req_000984,50000,1,1,1,25,-1,0,0,0,1,2,22598,25702,27698,30998,23184,22667,14547,18704,16709,27997,947,4766
req_000985,150000,1,2,1,27,1,2,0,-2,0,0,39085,35852,32499,0,26890,30292,1751,2595,13566,0,24694,24994
req_000986,130000,2,1,2,29,0,0,0,0,0,1,62144,66723,60973,51264,57756,53594,30404,16862,15638,18885,49593,4472
req_000987,220000,1,4,2,27,0,-2,0,0,-2,-1,29632,0,29458,27861,0,30413,22722,0,18988,22317,0,14748
req_000988,80000,2,2,2,24,0,0,-2,-2,0,-1,15899,16868,0,0,10541,12633,15229,13594,0,0,7103,9444
req_000989,70000,1,1,2,28,0,0,1,0,0,-2,19264,29183,21393,21319,23252,0,11184,22780,1035,7957,17597,0
req_000990,90000,1,2,2,25,0,0,2,1,0,-2,8312,5757,7364,8843,8031,0,7552,2519,264,1292,5109,0
req_000991,10000,2,3,2,27,0,0,1,0,0,0,2412,2309,2043,2254,1875,2040,1322,757,10,1854,712,958
req_000992,90000,2,3,1,28,0,0,1,0,1,-2,14643,20492,19122,15791,14031,0,9558,11212,1283,13539,1164,0
req_000993,130000,1,1,2,27,-1,-1,0,0,1,1,64025,73643,55719,73231,51166,61193,58729,44564,27059,45410,3769,3198
req_000994,130000,2,2,1,29,0,-2,-2,0,-1,-1,80682,0,0,64374,67865,74104,25872,0,0,43051,67469,47370
req_000995,100000,1,1,2,29,-2,0,0,0,0,-2,0,53288,58040,57800,58551,0,0,29600,36159,47854,24311,0
req_000996,20000,1,2,2,26,-1,0,-1,0,0,0,11644,12891,14347,12233,13546,11711,8171,7459,4980,2447,8100,10650
req_000997,110000,1,1,2,26,-2,1,1,0,0,-1,0,44883,44546,50499,59616,49941,0,420,152,24122,34476,46998
req_000998,100000,1,2,1,27,1,-2,1,1,-2,-1,21017,0,18844,21353,0,16197,1771,0,430,3118,0,12043
req_000999,120000,2,3,2,29,1,2,1,0,1,0,31242,32438,37210,33270,35631,32635,1101,6367,3991,22096,3233,24783
req_001000,110000,2,1,2,25,0,0,0,0,-1,-1,24484,20279,24466,15525,22604,22504,23893,2790,15182,8972,17564,14699
req_001001,90000,2,1,1,26,0,0,-1,-1,-1,-1,13481,17969,15281,13334,11963,18355,9219,13593,11386,4513,2646,7602
req_001002,100000,1,2,1,23,-1,0,0,-2,-1,-1,35863,25113,37900,0,30821,21794,17658,23632,23188,0,19243,21022
req_001003,130000,2,3,1,25,0,0,-1,-2,0,0,30934,22002,29953,0,30128,28311,17921,16615,29573,0,15843,9989
req_001004,120000,2,3,2,25,0,0,0,0,1,2,57561,48512,59885,51080,62716,46885,36101,29801,55856,1975,324,5555
req_001005,100000,2,1,1,29,0,0,0,0,0,-1,72066,68133,72972,64134,92860,57704,45402,37748,23069,40198,65213,18624
req_001006,110000,2,2,2,26,0,0,0,2,0,1,40349,29191,34827,27529,30393,28555,22827,16776,16570,267,18060,192
req_001007,20000,1,2,1,27,0,0,0,1,0,1,1757,1547,1456,1923,1405,1435,1647,1321,1304,124,1229,58
req_001008,160000,1,2,1,29,0,2,0,0,-2,0,33945,27065,33897,35455,0,35202,24377,2305,31555,23054,0,19761
req_001009,50000,1,1,2,28,1,0,0,0,0,0,19274,18612,18289,18434,12923,15373,6376,11016,12221,17485,9202,4550
req_001010,110000,1,3,2,29,0,0,0,0,1,1,23463,15048,17496,20468,18795,12461,6542,7263,17010,5686,917,1027
req_001011,200000,2,2,2,29,0,0,-1,0,-1,-1,13203,18215,18142,17444,14276,13297,7456,16671,5858,9013,6382,2621
req_001012,150000,2,1,2,23,-2,0,-2,0,-2,-1,0,110461,0,71875,0,90326,0,101810,0,47433,0,76759
req_001013,120000,1,2,2,28,0,0,1,-1,0,0,20916,21221,14931,17900,16412,20160,19878,6308,4069,9816,10557,19204
req_001014,170000,2,3,2,25,-2,0,0,0,-1,-2,0,66521,45843,47427,35525,0,0,43492,34354,39307,32436,0
req_001015,80000,1,2,1,25,0,-2,0,1,2,1,18124,0,14907,20504,17229,18543,14629,0,5437,451,617,3678
req_001016,50000,1,1,1,28,0,0,0,2,2,1,14000,14659,16630,14708,15234,14362,11566,3252,10747,552,410,774
req_001017,110000,2,3,2,28,-2,0,-1,0,0,-1,0,29532,28919,31191,35225,32147,0,28919,26843,8086,16013,11113
req_001018,190000,1,1,1,29,0,-2,0,-2,0,0,25690,0,25953,0,25263,24498,18671,0,13519,0,9821,20647
req_001019,120000,1,2,2,27,1,2,2,2,2,1,74982,57614,52390,63948,39722,56017,3290,805,5072,6211,3406,18369
req_001020,340000,1,1,2,26,0,0,0,0,-1,-1,111404,146710,167536,121907,140811,120712,94921,51584,118370,42686,131992,106548
req_001021,220000,2,2,2,27,3,2,0,1,-2,0,177856,182045,177311,159231,0,159240,30901,20721,71408,1849,0,153070
req_001022,30000,1,2,1,23,0,0,0,1,0,0,9905,9021,9131,9291,8833,8067,8152,5430,4040,131,6644,6358
req_001023,200000,2,2,2,26,0,0,0,-1,0,0,63292,86478,80684,81410,81874,78036,19547,76241,49901,49151,71040,65638
req_001024,220000,2,1,1,28,2,-2,0,-2,0,-1,203926,0,129260,0,206659,199553,10963,0,120545,0,66256,188060
req_001025,330000,2,4,1,27,0,0,-1,-2,0,-1,41876,55740,60594,0,56458,60109,10482,13559,53354,0,40694,43904
req_001026,190000,2,2,2,26,-1,0,0,0,0,-1,31732,29371,21499,25337,26512,22412,8125,17203,9723,12378,6957,7681
req_001027,90000,1,2,1,25,-1,-1,-1,-1,0,-1,2981,2323,2057,2040,2875,2507,1776,1289,1435,1867,2752,1079
req_001028,310000,1,1,2,26,-2,0,-2,1,2,0,0,152972,0,181466,197739,156076,0,124706,0,40102,849,100307
req_001029,60000,2,2,2,25,1,1,0,-1,0,0,14195,14378,16901,15422,13506,13016,2103,294,7948,13747,3315,7254
req_001030,40000,2,2,1,29,0,-1,-2,-1,0,-2,35942,21233,0,24790,29524,0,11487,11158,0,9182,12277,0
req_001031,180000,2,1,1,29,0,0,0,0,0,0,76020,83403,65201,71945,75684,71827,24897,61843,49123,62547,68793,63315
req_001032,30000,2,2,2,27,1,1,-2,0,0,0,32436,28954,0,31369,29210,28179,4219,2994,0,18967,25756,18529
req_001033,50000,1,2,1,26,2,0,0,0,1,-1,11178,8056,9761,9420,11744,11865,1186,6945,8979,2919,147,8599
req_001034,80000,2,3,1,27,-1,0,0,0,1,0,27631,35574,41280,26790,26231,26339,8976,23773,39189,22244,1798,17441
req_001035,180000,2,1,2,27,0,0,-2,-1,-1,0,19137,17095,0,13220,16399,11743,14778,16299,0,7693,8605,6152
req_001036,30000,1,1,1,27,0,0,-1,-1,0,-1,1716,2000,1823,1629,1736,1906,517,1175,931,1554,1116,1401
req_001037,30000,2,3,2,25,0,-1,-1,-1,-1,0,9036,9106,8762,9754,9841,11381,1656,7350,5323,5240,2467,7977
req_001038,340000,2,1,1,26,0,0,0,0,0,-1,168920,106979,159252,115717,135052,101090,71265,82139,96270,78334,110097,71068
req_001039,430000,2,2,1,24,0,0,-1,0,0,1,94085,69614,99996,80201,83952,71757,42217,35903,59075,27769,32033,56
req_001040,60000,1,4,2,26,-1,-1,0,0,0,3,17725,16022,11659,11843,10343,18526,9676,9427,5687,10876,4671,1175
req_001041,50000,2,2,3,27,1,1,0,0,0,0,22643,26570,20975,18940,18943,19082,1856,2764,10770,12942,12999,13840
req_001042,100000,2,2,2,27,2,1,0,-1,-1,-1,33670,38770,33294,31166,29777,33556,3923,4021,18121,23169,12018,31411
req_001043,160000,1,2,2,25,0,0,-2,0,0,1,78550,92025,0,64747,73164,88448,69571,80473,0,47293,36494,1125
req_001044,90000,2,2,2,28,0,0,0,-1,-1,-1,5684,5098,5498,4981,4671,4448,5120,4425,2618,2478,2134,1779
req_001045,200000,1,2,2,24,-2,0,0,0,-1,-1,0,55580,57292,48728,56073,51551,0,29725,43675,33052,39308,33592
req_001046,200000,2,2,1,27,0,0,-1,-1,-1,-1,68785,60966,64583,55031,50818,67556,20386,48261,36328,43833,25230,26095
req_001047,390000,2,1,2,26,-1,-1,0,-1,0,-1,35989,29939,37874,34275,32717,30579,8266,11922,15070,10992,19042,18695
req_001048,370000,2,1,2,29,1,1,1,2,0,0,214127,217788,166503,227720,191675,181172,6977,31627,39222,8058,93626,60176
req_001049,20000,2,3,2,28,2,1,1,2,3,4,19390,17998,14773,16959,17112,13192,2773,6841,497,1281,417,2261
req_001050,90000,1,3,2,28,0,0,0,0,1,0,36952,36907,35666,30121,33074,32729,21624,10721,19004,24357,1293,14549
req_001051,210000,1,3,2,27,0,1,1,3,2,1,89060,107337,115044,120047,84922,96554,36909,173,1810,19717,14712,5421
req_001052,70000,2,2,1,28,0,0,0,-1,-1,-1,42650,34283,45939,34836,28433,33722,26606,32653,42360,16226,26791,26216
req_001053,80000,2,3,1,27,0,0,0,-2,0,0,21618,28404,23447,0,21911,20814,11741,10728,11947,0,11513,15850
req_001054,100000,2,1,1,26,0,0,0,0,-2,0,55649,59645,58654,46134,0,52094,42746,40567,26754,31773,0,44142
req_001055,130000,2,1,2,29,0,-1,0,0,0,0,57865,50434,50868,45407,46214,48518,31721,48882,35872,25428,32227,42600
req_001056,80000,2,2,2,29,0,0,-2,0,0,-1,25499,19373,0,21399,19960,22825,20565,16583,0,5050,9659,18083
req_001057,80000,1,2,1,28,0,0,0,0,0,0,21598,22703,17332,22833,23298,20634,20067,10123,11484,12700,17140,8764
req_001058,160000,2,1,2,23,0,-2,-1,-1,-2,-2,6940,0,5281,4996,0,0,3286,0,3614,1839,0,0
req_001059,220000,1,2,1,26,0,0,1,0,-2,0,123809,107225,112288,124697,0,103845,92284,69465,21545,95663,0,53170
req_001060,80000,1,2,2,27,-2,-2,0,1,0,1,0,0,22093,21403,23103,17831,0,0,1203,694,17793,1890
req_001061,270000,2,2,1,29,-1,0,-2,1,1,0,118577,158121,0,145637,116354,116555,80902,125521,0,7877,307,54236
req_001062,360000,2,1,2,28,0,0,0,-1,-1,-2,242411,295855,240324,281577,310488,0,66557,274740,229087,201182,252637,0
req_001063,20000,1,2,2,27,-1,0,1,-2,0,0,11504,11193,9946,0,12336,9948,2093,7474,293,0,3146,7028
req_001064,90000,2,1,1,29,-1,-1,0,0,-1,-1,8242,6838,9108,9397,10173,9198,2059,3374,6086,7337,8163,5131
req_001065,80000,2,1,2,29,0,-1,0,0,0,0,24534,28463,30976,21957,27311,24977,19201,23254,22510,8220,17473,13195
req_001066,260000,2,2,2,23,0,-1,0,-2,-1,-1,44991,38520,37433,0,41360,44329,20731,33998,22668,0,29681,19389
req_001067,60000,2,2,2,29,-1,0,0,1,-2,0,29919,35828,29274,27827,0,26371,14151,26391,15987,1524,0,12520
req_001068,60000,2,2,2,25,-1,-1,-1,-1,-1,-1,1947,1932,1973,1748,2030,1882,1257,1389,849,684,1640,872
req_001069,40000,1,3,1,25,1,1,0,-1,0,0,25969,32246,30730,27596,24481,29152,417,6942,16041,12962,19133,19698
req_001070,50000,2,2,1,24,2,1,0,0,2,1,10601,9442,9934,13172,8948,11126,1878,516,8736,10211,174,33
req_001071,80000,2,3,2,26,0,0,0,0,-2,0,11143,14363,12686,13877,0,14528,7553,5742,11395,12700,0,7135
req_001072,60000,2,1,1,25,1,0,0,1,1,1,41391,39777,45993,60562,47553,52899,9652,29064,16827,3394,5911,89
req_001073,60000,1,2,2,29,1,1,-2,0,0,1,54056,64649,0,57000,63981,52004,2854,550,0,24031,36102,11622
req_001074,250000,1,1,1,21,0,0,0,0,0,0,21690,27864,26038,27836,22078,25964,13488,6653,7636,3410,10629,10677
req_001075,140000,2,2,1,27,0,0,1,0,1,0,56446,28529,48349,41687,42712,38765,27510,25654,1408,28064,6987,11458
req_001076,40000,2,1,2,29,-2,-2,0,0,-1,-1,0,0,8678,7774,9386,7511,0,0,7013,4077,8309,1980
req_001077,50000,2,2,1,25,2,2,2,0,-2,-1,16811,12998,10817,11948,0,12889,2999,890,1309,8172,0,7339
req_001078,20000,1,4,2,29,1,0,0,0,0,0,13970,11974,17405,10965,14466,12433,709,8229,13717,9914,12406,8454
req_001079,120000,2,2,2,28,0,1,3,2,1,0,64937,64334,59963,57118,64885,51926,44666,4146,24803,3324,2283,40046
req_001080,90000,1,1,2,25,0,0,0,0,0,0,36874,37691,37269,32340,32909,36742,18496,23717,28821,19827,29862,33546
req_001081,110000,2,2,2,29,0,0,0,1,1,0,20583,24568,23432,19508,22721,21325,15096,12282,17831,457,2833,14474
req_001082,410000,2,2,2,25,0,-2,-2,1,0,0,86229,0,0,95492,133171,100638,59321,0,0,20502,30198,50074
req_001083,150000,1,2,1,27,0,0,0,0,0,-1,32534,44213,42436,45863,44906,42662,15326,33289,31089,24417,21585,21030
req_001084,110000,2,2,1,29,-1,-1,-1,-1,-1,-1,53889,66165,50282,58591,48693,42242,45843,21343,45815,19951,25518,14445
req_001085,110000,2,2,1,22,-2,0,0,-1,0,0,0,16320,17378,13879,17712,13052,0,14045,12175,4205,14241,3328
req_001086,150000,1,2,1,25,-1,-1,-1,-1,0,-1,42394,48019,37871,47509,39649,42097,23573,33813,29781,42925,33224,20598
req_001087,70000,1,2,2,27,0,0,-2,0,0,0,7856,9243,0,9384,9207,7678,1595,5689,0,4828,854,3109
req_001088,130000,2,1,1,27,0,2,-2,1,0,0,39528,36680,0,45364,41347,40305,17270,13527,0,1398,14508,27156
req_001089,80000,1,2,1,27,0,0,0,0,-1,-1,44218,51301,50495,48665,43317,37527,27460,31915,28280,24742,24079,15894
req_001090,50000,2,3,2,22,-2,-1,-1,-1,-1,-2,0,34505,41241,34878,31493,0,0,10914,22991,4466,20087,0
req_001091,60000,1,1,2,25,0,0,0,-1,0,0,26322,17222,19705,23837,19008,17435,20581,16331,14514,16868,12753,8237
req_001092,70000,2,2,2,26,0,-2,-1,-1,0,0,23200,0,24023,26529,25945,28769,11470,0,16014,4004,23006,23185
req_001093,90000,2,1,2,28,0,-1,-2,-1,-2,0,31347,28261,0,31416,0,26058,9823,16270,0,9461,0,13752
req_001094,30000,2,1,2,24,0,-1,0,0,0,-1,6968,6324,4366,6695,6077,6510,4794,4017,1233,6058,3488,2019
req_001095,30000,1,4,1,23,-1,0,0,0,0,0,6311,6132,4740,5948,6254,7527,2408,4711,2352,5082,5094,5811
req_001096,80000,2,2,1,26,0,0,0,-2,0,0,14982,15656,17897,0,13356,15260,11729,13892,7526,0,3979,9324
req_001097,160000,2,2,1,28,-1,-1,-1,-1,-1,-1,63036,65682,48864,58918,55022,51998,48414,27234,28703,23881,37386,47676
req_001098,60000,2,1,1,28,0,0,0,0,0,0,17082,14774,14695,12386,12981,17129,14839,14297,12178,7183,10654,14057
req_001099,110000,2,1,2,26,1,0,0,1,1,0,22234,27804,30385,26584,28192,24926,4520,16940,29096,4865,332,13483
req_001100,120000,1,1,2,27,0,0,-2,0,-1,1,39323,35594,0,36675,33320,31291,17188,25088,0,17161,12364,157
req_001101,180000,1,2,2,28,0,-2,-1,-1,-1,-1,37610,0,43795,34791,25967,26408,14819,0,39768,25948,6992,11497
req_001102,10000,1,2,1,25,0,2,2,6,5,7,612,529,576,751,681,439,586,12,103,33,65,14
req_001103,50000,2,3,1,21,0,0,0,0,-2,2,8533,7994,8517,9175,0,11215,4761,5686,4652,4787,0,3466
req_001104,70000,1,2,2,27,0,0,0,0,1,2,43562,43752,47515,44268,51070,34892,21734,38353,20233,19978,6470,6333
req_001105,120000,1,2,1,26,0,0,-1,-1,0,-1,24257,28614,26514,21651,25092,24535,13473,15503,23379,6892,23557,14881
req_001106,50000,2,2,1,28,-1,-1,0,0,0,0,5355,4823,3657,4446,5217,4212,1476,2283,452,574,3922,3018
req_001107,90000,1,1,1,29,0,-2,-1,-1,-1,-1,53402,0,47519,42886,46404,54209,17470,0,25093,26954,45173,23342
req_001108,300000,2,2,2,27,0,0,0,0,0,-1,66060,56419,48219,54709,49878,43598,58877,30180,34029,24044,35103,10376
req_001109,20000,1,1,1,25,1,0,0,0,0,1,4028,4794,4463,4421,3904,3221,177,3973,812,2073,686,206
req_001110,120000,1,3,2,28,-1,-2,0,0,-2,-2,57042,0,49417,48238,0,0,54493,0,10527,7097,0,0
req_001111,30000,2,2,2,24,0,0,-1,-2,0,0,3340,3028,3308,0,2625,2972,1240,2857,2724,0,925,1915
req_001112,190000,1,2,2,28,0,0,0,0,-2,0,67366,70219,54818,60031,0,62952,33110,34636,34014,29083,0,58464
req_001113,220000,2,1,1,27,-1,0,-2,-2,0,0,39918,32591,0,0,39771,33290,34737,14614,0,0,27538,17652
req_001114,80000,1,3,1,29,0,-2,0,0,0,1,48062,0,27239,43942,40214,37003,40984,0,26640,35738,29901,1741
req_001115,70000,1,1,2,29,-1,0,0,-1,0,-1,11318,11500,10141,10791,8608,10397,3893,7562,5901,4317,7186,7423
req_001116,150000,2,3,1,26,0,0,0,0,0,0,120071,111328,101630,118748,81372,85282,19271,81742,46836,63205,68173,13360
req_001117,110000,2,2,2,23,2,1,1,1,0,0,66176,51412,45053,68663,49010,44759,1722,20289,9220,3767,20289,10819
req_001118,340000,1,1,2,25,-2,0,0,0,-2,-1,0,18984,18744,17914,0,14399,0,13755,16831,11182,0,7821
req_001119,170000,2,1,1,26,-1,0,0,0,0,0,88053,79174,83837,88241,91218,73130,79647,67412,66612,80636,54490,52334
req_001120,20000,2,1,1,25,1,0,0,0,0,0,7100,7957,8734,6586,8495,9086,208,5201,8297,4601,4402,6285
req_001121,30000,2,2,2,25,0,0,-1,0,-2,0,17030,17558,15018,20222,0,15267,12569,6099,6998,5272,0,10527
req_001122,80000,2,2,1,28,0,0,1,-2,0,-1,23775,25643,24575,0,24947,26439,18709,16584,2585,0,9443,10343
req_001123,80000,2,2,1,25,0,2,3,2,0,0,33917,32518,26142,26727,26487,34138,5471,421,3685,6166,12432,18024
req_001124,80000,2,1,1,27,3,2,0,0,0,2,28399,35176,28514,36441,21704,24058,1744,9334,15910,28004,19370,4317
req_001125,280000,1,2,1,29,-2,-1,0,0,0,0,0,36383,50251,45120,45324,42565,0,19107,42123,2060,30549,20730
req_001126,50000,2,2,1,24,0,-1,-2,-1,0,0,6200,10881,0,6620,8316,9035,4286,4362,0,2890,5513,1619
req_001127,210000,2,3,2,27,1,0,1,1,1,0,31875,30591,29412,27910,28024,29291,1352,21792,3686,709,1131,7433
req_001128,240000,2,2,1,24,-2,-1,-2,0,-2,-1,0,145403,0,149405,0,128891,0,120503,0,124691,0,47540
req_001129,70000,1,2,2,25,-2,0,0,-1,-1,-1,0,20983,19713,20562,23182,24195,0,13627,17920,15990,19387,16130
req_001130,110000,1,1,2,25,-1,0,0,0,0,-1,58599,61089,50655,60842,54660,46653,32610,49829,34685,46687,32730,18230
req_001131,380000,1,3,1,29,0,0,0,0,0,0,83926,102341,94522,110284,88149,77767,65333,44804,44785,23819,32057,19272
req_001132,150000,2,2,2,25,2,0,-1,-1,-2,-2,99093,84738,90426,105682,0,0,23694,52083,69802,65906,0,0
req_001133,80000,1,2,1,24,0,0,0,0,0,-2,31792,33643,26531,32369,29792,0,24770,17333,20376,25377,20444,0
req_001134,280000,2,2,2,29,0,0,-2,1,0,0,193195,131357,0,168299,155928,146707,81637,63172,0,25971,148088,105113
req_001135,50000,2,2,2,24,-1,-1,-1,-1,0,0,15693,25632,26316,20026,20353,22415,2088,15338,17590,16683,16149,13120
req_001136,360000,2,2,1,27,-2,1,0,0,-2,0,0,90825,118928,110006,0,108130,0,7850,69867,64459,0,45751
req_001137,80000,2,1,1,28,0,-2,0,0,0,0,55097,0,45355,46357,48118,49359,10625,0,12003,21796,31271,38344
req_001138,60000,1,2,2,27,-2,0,1,2,-2,2,0,11299,15590,10224,0,10211,0,6257,1478,1726,0,209
req_001139,20000,2,2,2,28,0,0,1,1,-1,-1,7430,7292,8475,9381,7854,7499,2126,5843,1364,2312,7103,5314
req_001140,50000,1,1,2,28,0,0,0,0,-2,0,716,743,621,709,0,557,411,461,236,607,0,325
req_001141,150000,1,3,1,26,0,1,0,-2,0,0,12542,13724,12227,0,10463,12246,11691,174,9359,0,4068,8207
req_001142,60000,1,1,2,23,0,1,1,0,-2,0,28268,28751,27962,26602,0,26064,24612,1189,1921,7429,0,10191
req_001143,60000,2,3,1,25,2,2,2,2,3,2,37181,30059,38671,41821,35309,26437,427,476,1910,2926,4954,7790
req_001144,140000,2,2,2,26,0,0,0,0,0,-2,45578,39464,37177,37968,34200,0,13105,34643,25720,35545,15118,0
req_001145,210000,2,1,1,23,-2,0,0,-1,0,-1,0,103255,100868,83402,102436,88877,0,47856,61028,35277,79459,17523
req_001146,120000,1,2,2,27,-1,-1,-2,-1,0,0,44534,36728,0,38158,34249,44927,31522,23597,0,25194,27467,44038
req_001147,110000,1,3,1,29,0,1,1,1,2,2,39595,28995,41072,34824,35284,29581,36170,5230,8204,5402,1203,3299
req_001148,170000,1,1,2,28,0,2,0,2,-2,0,54735,60106,36963,64674,0,53452,28912,2077,27996,4953,0,35634
req_001149,40000,2,1,2,27,0,0,1,0,-2,0,17389,15456,17118,15227,0,14789,10401,9294,1816,13219,0,7152
req_001150,100000,1,1,2,28,0,-2,1,0,2,1,81760,0,72494,66351,55520,77847,46993,0,12276,37939,4235,284
req_001151,90000,1,1,1,25,0,1,0,0,-2,-2,25492,33001,22148,18723,0,0,22505,4710,5518,8683,0,0
req_001152,80000,2,2,2,28,0,-1,-1,-1,-1,-1,51389,60343,46965,52666,45743,41395,21784,33914,36720,25937,17531,28206
req_001153,190000,2,2,2,26,0,0,-2,0,0,0,95649,95227,0,101089,83190,126331,63007,13482,0,27679,65201,89932
req_001154,40000,2,2,2,28,0,1,2,0,1,2,19602,17350,25436,21043,21897,20258,14837,2,191,20353,3031,998
req_001155,110000,2,1,2,29,0,0,0,0,0,1,2808,3558,3270,2743,2800,3058,1825,1672,2338,825,907,64
req_001156,20000,2,1,2,24,0,-1,-1,0,-2,0,3375,3075,2841,3089,0,3184,2774,2466,2379,820,0,2135
req_001157,80000,2,2,1,25,0,-1,-1,0,0,0,28337,25841,20018,25851,23267,22344,15690,21197,11118,12550,12907,15031
req_001158,90000,2,2,2,25,-2,0,0,-1,-1,0,0,15287,17016,18141,17336,14167,0,3166,8256,6282,12550,6851
req_001159,40000,2,2,2,29,0,0,0,1,1,2,20562,25432,27942,17819,22769,22939,20345,4107,4555,1808,1715,2716
req_001160,140000,1,2,1,25,-2,-1,-1,0,0,0,0,11796,11794,11144,10640,10100,0,10342,7205,9555,6244,1452
req_001161,490000,2,2,1,29,-1,0,-2,-1,-1,-1,49132,53078,0,52184,60706,48445,46704,46347,0,44604,55175,32868
req_001162,90000,2,1,1,29,0,-2,0,-1,0,0,29811,0,27798,24283,26297,28665,26870,0,22817,7666,23750,21206
req_001163,160000,2,3,2,28,-1,-1,-1,0,0,0,51816,54466,36741,34386,47486,41947,19723,51147,25676,21068,33770,17374
req_001164,200000,2,1,2,26,-2,1,2,0,0,0,0,81584,88368,79191,73251,74470,0,743,5207,76749,70913,66710
req_001165,50000,1,3,2,24,0,0,0,0,0,1,5642,6938,6488,6516,5926,5692,4360,3974,5220,2232,4015,88
req_001166,140000,1,1,1,27,0,0,1,0,0,0,43826,42584,57788,45864,44080,43377,26295,37277,10102,23809,12591,29290
req_001167,70000,2,2,2,24,0,0,0,-1,-1,-1,8288,8651,7643,7192,6264,9485,2700,1896,6650,2623,4140,7469
req_001168,110000,2,2,2,25,0,-2,0,-2,0,-1,51973,0,37241,0,43971,38945,35192,0,12535,0,31835,11358
req_001169,110000,2,1,1,26,1,0,1,1,-2,0,65402,61509,81180,61612,0,85147,6770,23042,4635,546,0,30874
req_001170,280000,1,2,2,29,0,0,-1,0,0,-1,112281,118589,133907,116634,105607,105405,42323,92597,115641,95907,88651,102350
req_001171,90000,2,2,2,27,0,0,-2,0,1,0,19146,17379,0,19915,15740,19799,17032,4764,0,12680,1198,15160
req_001172,50000,1,1,2,28,-1,-1,0,-1,-1,-1,24111,18831,14006,22078,18255,21558,16519,12220,12278,16658,7507,10034
req_001173,50000,2,3,1,29,2,2,-2,2,2,2,36386,33527,0,30902,28409,32733,8122,29,0,2752,3569,437
req_001174,30000,1,2,2,23,0,-1,-1,-2,-1,-1,7859,6254,8171,0,7827,6534,5023,3600,6770,0,1859,3747
req_001175,130000,1,2,1,28,0,0,0,2,-2,0,20608,27298,20592,21839,0,17252,18942,11089,10796,78,0,10176
req_001176,230000,1,3,2,29,0,1,-2,1,1,2,38086,46248,0,26047,36164,30143,33083,5788,0,2862,2,1335
req_001177,140000,1,2,2,26,0,0,-2,0,0,1,68704,67928,0,62907,60915,54495,59314,38170,0,47817,28427,5960
req_001178,230000,2,2,1,29,0,0,-1,-1,-1,-1,35244,37763,27099,36054,33201,34734,11674,20805,12035,16831,24537,5888
req_001179,140000,2,3,1,28,-1,0,0,0,0,-2,1868,1722,1784,1485,1482,0,1763,1367,1057,1221,1286,0
req_001180,60000,2,2,2,23,0,1,0,-1,0,-1,17377,13276,12267,15534,17643,9383,9945,558,9342,9183,7650,7393
req_001181,100000,2,1,2,27,-1,-2,-1,-1,-2,-2,11692,0,10189,8612,0,0,5395,0,4735,3216,0,0
req_001182,50000,2,2,1,25,0,-1,0,0,0,-1,13850,13219,14378,12576,14170,11997,6655,9227,9947,7348,12473,11602
req_001183,420000,2,2,1,27,-1,-2,-1,-1,-1,-2,215275,0,254872,163964,150578,0,125827,0,218005,96801,61813,0
req_001184,110000,2,1,2,26,0,-2,2,0,0,0,75979,0,64880,70540,58417,68694,68428,0,2258,17987,45929,41466
req_001185,290000,2,2,2,26,0,-1,0,-1,-1,-1,120354,115397,115325,108831,99886,121822,90328,29191,29169,18319,69602,91810
req_001186,120000,2,3,1,24,0,0,0,0,1,1,75955,75928,81509,82384,89667,74718,61312,75511,10721,73530,225,20824
req_001187,150000,1,2,2,28,1,1,0,0,0,0,30735,25282,32025,35067,23362,28832,1026,869,24871,29510,2812,8623
req_001188,20000,2,2,1,24,1,2,2,2,3,2,10246,9575,8087,8303,10231,12449,316,298,328,819,155,413
req_001189,160000,2,1,1,26,-2,0,1,-1,-1,-1,0,28920,28838,31148,37207,35800,0,11310,5507,18386,8711,27875
req_001190,90000,2,2,1,29,1,1,0,-2,0,0,42021,29949,46382,0,36175,31467,3875,5835,17763,0,22736,12596
req_001191,130000,1,1,2,24,0,-1,-1,-1,-1,-1,18661,19310,17768,16371,12162,16491,3651,17330,13931,12373,2228,6003
req_001192,30000,1,2,2,24,0,-2,0,0,0,1,13744,0,10601,15432,14514,11838,11360,0,4742,12450,9074,500
req_001193,140000,2,2,2,28,-1,-1,-1,0,-2,-1,81868,105570,73067,84916,0,86185,49603,34219,43848,58172,0,74694
req_001194,270000,2,2,2,29,1,1,0,0,0,1,172370,172176,132176,138748,188968,162945,15867,5331,123336,133698,82587,9816
req_001195,40000,1,2,2,27,-1,-2,0,-1,0,0,19018,0,18382,16358,17246,16438,7298,0,6582,8709,4901,11849
req_001196,50000,2,2,2,28,0,0,0,-1,-1,0,31201,26827,20831,24211,18531,24762,19384,21206,4156,9699,15115,9022
req_001197,20000,2,2,1,27,-1,-1,0,-1,0,0,5130,4330,4751,4145,3898,4554,3364,3430,3692,3057,1355,3995
req_001198,400000,2,1,1,29,0,-1,0,0,1,1,68568,98245,94580,83782,83785,76935,52609,19889,78531,63553,1487,7014
req_001199,50000,2,2,2,23,-2,0,0,0,0,0,0,4412,3267,3916,3818,2901,0,1996,2930,2344,3565,683
req_001200,10000,1,1,2,24,2,3,2,2,2,2,3552,4555,4639,4389,3358,3897,863,1718,181,696,1104,398
req_001201,70000,1,2,2,25,0,-1,-1,-1,0,0,5140,5003,6460,5302,5628,4590,1516,4805,3056,2718,4086,4032
req_001202,70000,2,1,2,25,0,0,0,0,0,0,57967,54403,51180,56224,56810,61311,26593,41223,25615,12187,31238,17872
req_001203,40000,1,1,1,27,0,0,0,0,0,-1,4750,7323,5639,7350,4717,4166,3334,4759,2775,6059,2542,2754
req_001204,150000,2,1,1,26,0,0,0,-2,1,2,39143,43770,37824,0,41867,31752,27328,39678,28557,0,2611,1529
req_001205,80000,1,2,2,23,0,0,0,-1,0,1,36007,39810,35077,32255,35483,34303,30028,33739,23591,22261,23648,8197
req_001206,40000,1,1,2,28,0,0,0,0,1,1,5441,5798,6091,5104,4556,4763,2387,3190,3456,4400,25,112
req_001207,100000,1,2,2,29,-1,0,0,-1,-1,0,24923,21855,20313,20968,18853,19504,4942,18039,15111,16294,7895,7556
req_001208,40000,2,2,1,28,-1,0,0,0,1,-2,4603,5526,4554,4244,5131,0,2776,5074,4206,1563,336,0
req_001209,290000,1,3,2,28,0,-1,-2,0,0,0,15747,21389,0,19042,20488,17924,12954,9130,0,5303,17262,8783
req_001210,150000,1,2,1,25,0,-1,-1,-2,0,0,58800,54867,51782,0,59370,53722,10764,30599,23941,0,49558,47126
req_001211,380000,2,1,2,26,1,0,0,0,0,0,107372,95504,81199,77577,98180,89545,4021,55644,35680,49879,84040,54025
req_001212,150000,1,1,2,28,-1,0,1,1,0,0,67891,56169,39688,56149,55220,56251,29072,51418,3375,590,12489,32826
req_001213,130000,2,2,1,28,0,1,0,1,0,0,13201,11262,12467,14412,12532,10970,8199,710,9826,4154,8438,8264
req_001214,270000,2,3,2,29,-1,0,0,-1,-1,-1,110921,125639,118181,106880,93321,105466,96006,97595,80548,59272,68331,88579
req_001215,170000,2,2,2,28,-1,0,1,-2,3,-2,41110,34563,50762,0,32690,0,24276,20049,529,0,8756,0
req_001216,250000,2,2,2,27,1,0,-2,0,0,-1,75855,56163,0,64992,73008,63655,6728,20343,0,61586,66271,28495
req_001217,300000,1,2,2,25,-1,-2,0,0,0,0,142328,0,212562,209912,134971,173049,6395,0,90231,188936,44599,112269
req_001218,40000,1,3,1,23,-2,0,-1,0,0,1,0,9517,9242,8753,9792,8476,0,4308,5132,8358,8223,45
req_001219,50000,2,1,2,25,1,0,0,-1,-1,-1,12893,11145,11279,13257,12154,9507,2095,4871,5117,9925,10402,9335
req_001220,130000,2,2,2,28,0,0,-2,-2,1,1,60742,60007,0,0,61437,56404,57691,46668,0,0,5290,18392
req_001221,110000,2,2,1,24,0,1,0,0,-1,-1,27871,40928,20706,43369,27065,32706,22641,2221,12107,32774,23478,25416
req_001222,200000,1,2,2,29,0,0,0,0,0,0,27032,27465,31970,31285,28140,24408,26169,22889,5420,7069,18282,4751
req_001223,110000,2,1,1,29,0,-2,0,1,1,0,26568,0,31996,32514,34579,25856,25103,0,16699,371,153,22634
req_001224,100000,2,2,1,28,0,-1,-1,0,0,0,47082,43003,42007,41004,32977,40973,36944,41563,27986,16557,7817,33055
req_001225,140000,2,1,1,25,0,1,0,0,0,-1,46325,90592,73482,70812,70183,72352,43170,18455,56391,36354,61007,56798
req_001226,40000,1,2,3,26,0,0,-2,-1,-1,0,6288,4657,0,7281,8109,5713,6211,2370,0,1226,5331,3731
req_001227,120000,2,2,2,24,0,0,0,0,0,1,37198,44966,39418,35519,41779,47756,30546,16919,21410,31821,24800,717
req_001228,130000,2,2,1,28,-1,-1,-1,-1,0,0,7871,10705,11412,10328,10633,10511,3806,9855,9569,8725,2229,6972
req_001229,130000,1,1,2,26,0,1,0,1,0,0,49601,44319,46124,42623,30930,34969,22938,6352,24431,801,12894,14787
req_001230,90000,2,3,2,26,-1,-2,-1,-1,0,0,42806,0,40345,38048,31684,32210,28319,0,24927,7360,16097,14275
req_001231,160000,2,1,2,29,1,0,-1,-1,-1,-1,120816,64139,89987,118290,98875,82621,5246,43832,72900,98669,26487,40378
req_001232,10000,2,2,2,25,0,1,1,0,0,0,1239,1327,1096,1253,973,1362,172,42,88,512,696,986
req_001233,30000,1,2,1,28,0,1,0,0,1,2,6655,5612,5177,4240,6315,5670,5022,570,1853,1352,376,111
req_001234,320000,2,1,2,25,1,0,-2,-1,-2,-1,96084,109908,0,94489,0,104315,2504,69705,0,16538,0,64005
req_001235,20000,2,2,2,25,0,-2,0,0,0,-2,3657,0,5010,3575,3290,0,1173,0,2265,2579,1700,0
req_001236,150000,1,2,1,27,1,0,0,-2,0,0,76500,63523,86025,0,71009,62861,247,53325,70200,0,43671,51793
req_001237,70000,2,3,1,28,-1,0,-2,0,0,-1,34907,30924,0,35899,30887,22246,13760,20386,0,17196,19755,14357
req_001238,70000,1,2,2,26,-1,-1,0,-1,0,0,30390,28808,28213,26143,32566,30196,10386,15302,22300,10641,12557,23620
req_001239,190000,1,1,1,29,0,-1,-1,-2,0,0,34524,36284,37447,0,34113,28461,19827,20429,28015,0,21931,19548
req_001240,140000,1,1,2,26,0,0,0,0,0,0,45753,28383,31343,40595,38238,27922,23880,21962,13496,35105,29833,18441
req_001241,70000,1,2,2,27,0,0,0,-1,-1,0,49065,40076,34042,37758,43331,37936,32343,23541,15296,27259,27843,17154
req_001242,100000,2,3,2,29,0,0,0,0,0,-2,17196,23761,18223,25312,18638,0,9523,10029,12791,23124,12084,0
req_001243,70000,2,1,1,27,0,-1,0,0,0,0,33507,30655,32839,37334,21798,27103,8237,24097,23764,25665,10239,20888
req_001244,40000,1,3,1,26,0,-2,2,3,2,3,3054,0,3496,3028,3506,2250,2510,0,82,499,571,18
req_001245,70000,1,2,2,25,0,0,0,0,0,-2,22180,24682,18117,22618,20412,0,7889,10769,8132,17221,6079,0
req_001246,180000,2,1,2,29,0,0,0,0,0,-1,32856,46558,35024,52396,48871,33002,25587,28693,25017,36755,10007,32150
req_001247,360000,2,4,1,29,0,0,1,0,0,0,143123,124348,96935,163806,133749,118326,19180,83796,12701,61817,102833,89754
req_001248,120000,1,2,2,21,1,1,0,0,-1,0,100881,113341,113608,116299,115853,110138,353,47611,52037,15550,55565,65214
req_001249,30000,2,1,1,27,-1,0,0,0,0,2,11188,8486,10802,9446,10264,8174,3851,4021,8728,4008,7298,839
req_001250,100000,1,1,1,24,0,-2,2,1,1,1,39065,0,45121,39649,37036,36001,9284,0,7789,3357,677,2990
req_001251,100000,2,2,2,29,-2,0,0,0,2,2,0,22930,19024,16551,20606,16707,0,22057,5976,11737,193,59
req_001252,60000,2,1,1,28,-1,-1,0,0,-1,-1,6534,6430,7611,7080,6058,5737,845,689,5472,4849,4653,2725
req_001253,100000,1,2,1,25,2,1,1,1,1,2,37473,40838,39199,29365,39921,29715,5261,6526,4845,626,14722,4817
req_001254,160000,2,2,2,28,0,-2,0,0,0,-1,25831,0,32332,29742,30854,28688,10526,0,27542,9400,15096,10200
req_001255,160000,1,3,2,29,-1,0,0,0,-2,1,48634,48245,55049,58761,0,42832,23118,36005,34322,29460,0,1319
req_001256,210000,2,2,1,23,-1,-2,-1,-1,-1,-1,52397,0,54769,63441,43767,44762,46455,0,13346,27173,23644,14862
req_001257,40000,2,3,2,28,0,2,1,-2,2,1,21150,16698,15157,0,19505,13430,10819,1145,461,0,2413,560
req_001258,100000,2,2,1,27,1,1,2,1,1,3,66906,54330,68959,73342,54354,61828,3198,7167,3037,8519,1856,223
req_001259,290000,1,1,1,24,-1,0,2,3,2,0,134911,182943,140415,103948,157015,106472,27788,141339,15422,2887,44087,60913
req_001260,60000,2,3,2,23,-2,1,1,2,2,2,0,2105,1775,1517,1911,1701,0,169,149,174,226,190
req_001261,100000,1,2,1,24,-1,0,0,0,-1,-1,16906,17341,21123,19101,17970,15882,10180,6452,9884,11044,10589,10903
req_001262,100000,2,3,2,29,1,1,1,-2,0,-2,36674,42056,37206,0,44633,0,2358,8030,13721,0,34087,0
req_001263,90000,2,1,2,24,0,2,0,0,0,0,27589,25525,21805,34639,22666,18629,8137,117,15750,29541,15892,8284
req_001264,380000,2,2,1,25,1,0,0,-2,0,0,92072,107464,76900,0,62520,87531,6949,66994,69445,0,22877,35750
req_001265,70000,1,3,2,22,0,0,0,1,0,0,11334,12637,13967,13448,11659,10484,10657,5339,8481,1829,5847,9591
req_001266,140000,1,2,2,25,-2,1,0,0,0,0,0,30761,37630,47375,35116,38405,0,1565,25231,14497,22492,27470
req_001267,270000,2,3,1,27,-1,-1,-1,-1,-1,-1,94202,78093,85230,82935,90764,74470,40314,22334,82853,58664,57149,16974
req_001268,40000,2,3,2,28,-2,2,3,2,2,0,0,11791,11916,12233,9741,10830,0,847,625,96,191,4649
req_001269,70000,2,2,1,21,-2,1,1,-2,-2,0,0,4757,5796,0,0,5176,0,1,378,0,0,2233
req_001270,80000,1,2,2,28,-2,0,0,-1,0,0,0,437,426,417,446,326,0,178,210,191,259,71
req_001271,70000,2,2,1,27,0,-2,-1,-1,-1,-2,18822,0,14531,22341,26007,0,14906,0,10776,11655,16985,0
req_001272,220000,1,1,2,24,0,-1,-2,-1,-1,-1,134627,120644,0,123159,105109,97998,48335,116535,0,65853,94744,68809
req_001273,110000,1,1,2,29,0,1,0,2,0,-2,21459,20039,20978,24668,22808,0,13184,94,14349,45,9610,0
req_001274,260000,2,2,2,28,0,0,-1,0,0,0,69780,71932,93848,85661,54735,73716,55327,50607,89629,78090,52114,70890
req_001275,140000,2,2,2,24,-1,-1,-1,-1,-1,-1,91393,96796,95392,97595,84188,90565,71061,68805,28761,92875,45589,58437
req_001276,200000,2,1,1,27,0,0,-2,-1,-1,-1,35399,51151,0,44201,45973,40337,30502,45645,0,16653,36256,31231
req_001277,240000,2,1,1,28,1,0,0,0,-1,-1,176110,185276,165205,212157,114376,162977,18286,24654,114638,99039,60944,132887
req_001278,180000,1,2,2,25,0,0,-1,-1,0,0,140668,154477,123138,117743,119368,102746,85070,39430,27675,64091,63272,80593
req_001279,130000,1,1,1,29,0,0,0,1,1,0,47801,51521,48431,42167,44331,35773,39867,41523,28670,4750,317,12230
req_001280,80000,1,1,2,24,-1,-1,-1,-1,0,-1,32961,36725,33449,29724,35261,27582,29660,19486,27085,26718,21723,22715
req_001281,70000,2,2,1,26,0,0,0,0,0,0,15090,16000,19986,17048,15567,17497,5028,6438,16984,8165,10293,1019
req_001282,280000,2,4,2,29,0,0,0,0,1,0,243206,201236,169868,176191,189570,151277,225466,146005,82397,96826,12593,89366
req_001283,50000,2,2,2,27,-1,0,0,0,0,0,16187,18365,18333,12539,17240,13883,14052,6531,12082,6687,14326,11702
req_001284,130000,1,2,2,29,1,3,2,3,2,0,92031,87370,92755,78748,68422,93579,321,1786,1289,5510,10085,78558
req_001285,90000,2,2,1,24,0,0,-1,0,0,0,66037,79840,66200,65476,64001,61933,43187,34277,62717,57820,20972,36652
req_001286,20000,1,1,2,28,-1,0,0,0,0,1,7061,8197,8357,6761,7097,8111,1278,3860,7603,5564,2483,1782
req_001287,90000,1,2,1,27,0,0,0,-1,0,-2,32098,33262,28214,28686,27705,0,14625,25245,24856,9418,21683,0
req_001288,130000,2,2,1,28,-1,-1,-1,-1,-1,-1,18269,20760,16959,19386,17472,18281,9715,15369,6391,18363,14541,16108
req_001289,300000,1,2,1,26,0,0,1,1,0,1,157487,167554,172040,152320,138526,182137,155067,107578,23423,3574,99969,40403
req_001290,50000,2,3,1,28,0,0,0,0,0,0,13180,14894,17876,20089,13780,14545,10107,4403,6316,16608,11360,7632
req_001291,50000,1,2,2,29,0,-2,0,0,1,2,3694,0,4536,3171,4530,3641,2134,0,1893,1464,187,5
req_001292,70000,1,2,2,29,0,0,0,0,-2,-1,23464,27980,23548,20372,0,28423,11971,6725,18443,19357,0,16683
req_001293,70000,2,1,1,29,0,-1,-1,-1,-1,0,29302,28994,23580,23949,23793,24897,27877,16232,11626,21836,22359,17026
req_001294,110000,2,2,2,26,1,-2,0,0,0,0,67365,0,55079,57535,73059,68364,8169,0,37951,44202,27752,60204
req_001295,150000,2,1,1,26,0,0,0,-1,-1,-1,90967,58487,72931,87049,65988,73343,85249,50057,48074,13725,18304,42636
req_001296,330000,2,1,2,28,0,0,0,0,-2,-1,165793,134055,129895,110182,0,138800,95059,127043,75369,16461,0,71386
req_001297,180000,1,2,1,23,0,-2,0,0,-1,0,64282,0,66338,59235,60085,66214,36053,0,56765,27383,51328,34082
req_001298,260000,2,2,1,26,1,-2,0,0,-1,-1,189145,0,242441,221289,161450,216231,25030,0,138386,61388,50117,131665
req_001299,120000,1,2,1,27,0,0,0,1,1,2,40937,38556,37144,30885,36775,31681,29092,3759,27954,2086,12,1083
req_001300,40000,1,1,1,27,-2,0,1,0,0,2,0,16276,18002,16951,20394,21990,0,7790,1048,12884,3979,1139
req_001301,100000,2,3,2,26,3,1,1,-2,0,-1,35897,41149,41986,0,42611,39496,1960,821,1264,0,20333,5741
req_001302,100000,2,2,1,26,0,0,-1,-1,-1,-1,15630,15875,12390,16024,15642,14992,12501,12944,1680,9761,12333,8536
req_001303,160000,2,2,2,29,3,2,1,0,0,0,78125,90064,103468,87754,73580,96374,6425,4388,8567,24575,66906,71799
req_001304,100000,2,1,1,26,0,0,0,-1,-1,-1,15108,17322,16254,12783,13725,12694,11881,8582,7103,10876,4613,8104
req_001305,50000,2,2,2,29,-2,1,1,1,2,2,0,31824,36367,31046,31015,24311,0,8926,8536,3572,1270,3262
req_001306,10000,2,2,1,29,-1,-1,0,0,-2,2,5893,5710,5089,5974,0,4200,3957,1759,4470,2356,0,617
req_001307,50000,2,1,2,28,0,0,-1,0,0,-1,24200,34042,26454,21693,29471,25949,7924,6613,17703,11920,7692,15682
req_001308,210000,2,2,1,29,0,0,0,-1,-1,0,96690,102232,101298,116055,94334,103390,9730,82897,41697,87248,33799,62559
req_001309,80000,2,1,1,27,0,0,-1,-1,-1,0,5964,8082,10061,9032,6137,7959,1260,2979,5234,6261,4931,3577
req_001310,60000,2,3,1,27,-1,-1,0,-1,-1,0,3326,2777,3349,4265,3880,4156,1550,2571,2741,2537,3399,794
req_001311,170000,2,1,2,25,-1,-2,-1,-1,-1,-1,107172,0,75469,76722,88435,79262,90717,0,65325,68699,19664,31868
req_001312,130000,2,4,2,26,1,-2,-2,0,0,0,38791,0,0,34005,30655,31457,3275,0,0,8735,21981,15750
req_001313,300000,2,1,2,26,0,0,-1,-1,-1,-2,93326,97384,86164,71524,99737,0,62712,75849,66886,27115,45516,0
req_001314,260000,2,1,1,25,-1,-2,-1,-1,-1,-1,187172,0,155428,122002,136815,124775,128926,0,136566,38325,46669,74141
req_001315,170000,2,1,3,23,0,0,0,0,0,0,55588,53139,44330,35905,37952,39485,42198,28777,26187,14450,18860,28235
req_001316,180000,1,2,1,28,0,0,0,0,0,-2,97160,100909,118476,108871,116121,0,12584,62932,69762,39479,114846,0
req_001317,80000,1,3,1,28,-2,2,1,2,2,1,0,28798,26247,24877,21676,24583,0,1373,3040,14,417,1859
req_001318,90000,2,1,2,28,-1,-1,-1,-1,-1,-1,48390,65535,59301,38145,40667,60858,28782,27859,56838,31876,7969,47080
req_001319,20000,2,1,1,27,-2,2,0,-2,0,2,0,3966,3825,0,4302,4656,0,7,2063,0,1362,1216
req_001320,170000,2,4,1,25,-1,0,0,-1,0,0,41372,28987,38925,42815,26059,32290,34440,19503,25867,6398,20193,24071
req_001321,270000,1,2,1,28,-1,-1,0,0,0,0,64049,83422,64975,57000,73411,65131,51591,80535,25807,34939,65818,37613
req_001322,110000,1,2,2,28,0,0,-1,-1,-2,-1,56846,75344,61341,75824,0,64898,5611,67538,20552,52019,0,51979
req_001323,30000,2,1,2,29,2,1,0,0,0,0,22339,20282,18282,19564,25503,20120,3196,2924,14593,13435,5190,16420
req_001324,130000,1,2,1,29,0,1,2,2,1,2,35406,28706,26075,26266,25192,25529,13168,4109,1603,1417,672,1981
req_001325,370000,2,2,2,26,0,0,0,0,0,0,125257,131013,117133,101712,92476,94881,87161,92393,27022,61754,62671,22778
req_001326,50000,1,3,1,29,0,0,-1,-1,0,0,13021,12567,13384,9660,13756,11930,11008,6621,7942,8065,5884,7719
req_001327,160000,2,1,2,29,0,-2,0,0,-1,0,12914,0,19919,13964,16992,13828,5706,0,10495,12105,14777,7058
req_001328,90000,1,3,2,29,0,0,1,2,1,0,9810,9156,9837,6438,10584,6917,6769,3614,595,1203,652,6716
req_001329,40000,2,1,2,25,1,0,0,-1,0,2,11368,13228,9204,11759,12803,12087,1359,12511,6230,8418,8566,156
req_001330,120000,2,2,2,27,0,0,0,0,0,0,28094,36305,28700,29613,41888,39612,5093,10783,18732,13135,21469,18697
req_001331,370000,1,2,2,29,0,0,0,-1,-1,-1,46088,45915,45810,42860,45837,50145,17906,34672,28649,34411,35380,21891
req_001332,120000,2,2,1,23,1,1,1,1,-2,0,113264,102370,106378,93438,0,118711,8332,6343,2231,14935,0,95218
req_001333,100000,2,2,2,24,-1,0,0,0,0,0,46695,39766,52820,63450,45609,50667,35174,23164,48416,35762,8493,37567
req_001334,200000,1,1,1,23,1,-2,0,2,0,2,78192,0,103162,66513,78559,66110,7426,0,44564,1730,32179,1349
req_001335,50000,1,1,1,22,-1,0,0,-2,-1,-1,2737,2833,3013,0,2689,2625,2095,1674,1777,0,820,1199
req_001336,90000,2,3,2,23,-2,0,0,0,0,0,0,27290,24680,30218,25803,23925,0,8680,17626,26628,12164,15360
req_001337,100000,2,2,2,27,0,-1,0,0,0,0,42865,43158,36916,42612,36219,41021,32482,42407,22653,36259,11188,17142
req_001338,80000,2,2,2,28,-2,1,2,1,1,0,0,52462,46626,41604,37595,43895,0,12353,12393,6247,17818,8477
req_001339,50000,1,1,1,29,1,0,2,1,1,0,24505,32505,31028,32088,28679,31972,5560,2752,3279,2808,861,14338
req_001340,50000,1,2,2,23,0,0,0,0,0,0,9801,11906,9376,8731,9174,8309,5663,10787,5786,5127,5962,5823
req_001341,70000,1,1,1,27,1,0,2,1,0,0,55539,63126,62217,54569,71722,52835,4404,41876,9117,1166,18434,38609
req_001342,20000,2,3,2,29,0,0,0,1,2,2,8793,6693,7923,8104,8127,7386,5470,3733,7250,2126,1001,1821
req_001343,110000,2,1,1,25,0,0,-2,0,-2,-1,27551,28638,0,30499,0,32971,23378,20896,0,16125,0,30396
req_001344,520000,2,1,2,27,0,-1,0,0,0,0,380006,284973,347130,294018,380200,317764,251690,217259,236680,150598,140330,110180
req_001345,190000,2,2,1,22,0,-2,-2,-2,0,0,87152,0,0,0,106864,92831,71483,0,0,0,67855,37145
req_001346,130000,1,2,2,28,-1,-1,-1,-1,0,0,33369,44134,43128,47365,44992,37369,30124,39859,27550,34691,18035,21227
req_001347,40000,1,3,2,25,0,0,0,0,0,0,20661,17571,18630,20424,22380,17753,14084,8337,5423,19619,14756,14945
req_001348,90000,1,1,1,27,0,0,-2,0,-2,-1,27034,28353,0,24722,0,26133,25632,22329,0,5658,0,12564
req_001349,180000,1,1,2,27,0,0,-2,0,-1,0,113014,126226,0,107710,136848,102147,40796,118116,0,90359,53359,80477
req_001350,50000,2,2,1,28,1,1,0,1,-2,1,25240,22375,16328,20861,0,25463,351,101,6472,409,0,2873
req_001351,80000,2,1,2,26,0,-2,0,-2,-2,0,2847,0,2661,0,0,2559,1468,0,1293,0,0,1069
req_001352,80000,2,1,2,29,-1,0,0,0,-2,-2,35463,47693,43552,29984,0,0,25821,45382,32689,16925,0,0
req_001353,50000,2,1,1,26,-1,-2,0,0,0,1,25528,0,28449,20709,22484,15559,12117,0,11986,19629,19742,896
req_001354,90000,2,3,1,28,2,2,2,-2,1,2,26677,21987,24436,0,29885,24928,9384,6294,3261,0,1595,267
req_001355,120000,2,2,2,26,0,-1,-2,0,-1,-1,43176,45642,0,43217,35543,36594,34858,14337,0,27745,30955,33826
req_001356,30000,2,2,1,25,-2,0,-1,0,0,0,0,14503,12476,16342,18361,19924,0,14281,5438,9244,10112,9195
req_001357,110000,1,2,1,29,0,0,0,0,-2,-2,3443,2552,3241,2279,0,0,1075,1938,2973,1126,0,0
req_001358,270000,2,2,1,26,2,1,0,0,0,-1,70506,77096,59792,61612,74324,66869,1409,4261,39412,45827,32893,42541
req_001359,140000,2,3,2,29,2,0,1,2,1,0,30892,35356,30992,27776,28680,28772,3022,30489,1867,1225,3254,22220
req_001360,230000,1,1,2,29,-1,0,0,0,1,0,211539,263122,202274,175719,188678,233804,170160,138078,131427,114623,26081,174555
req_001361,90000,1,2,1,24,3,1,1,1,1,0,29237,27211,25686,23754,38922,30545,1052,9515,5318,377,4068,20064
req_001362,210000,1,2,1,26,-1,-1,0,-1,-1,-2,75979,77586,90983,86624,78313,0,45635,37608,16290,47659,36011,0
req_001363,80000,2,2,1,27,1,0,0,0,-2,-1,27294,23634,23168,25021,0,24288,4412,20569,14364,17794,0,9413
req_001364,70000,1,3,1,29,2,3,2,2,1,-2,65544,49870,47571,41425,48654,0,792,2079,10190,6646,1609,0
req_001365,170000,2,2,2,26,-1,-1,-1,-2,-1,-1,8395,6288,6544,0,5761,6563,7492,5199,5517,0,2738,2252
req_001366,80000,1,2,1,29,-2,1,0,-2,1,0,0,33680,28897,0,33034,30603,0,2750,12691,0,670,18059
req_001367,50000,2,2,1,25,1,2,0,1,2,3,25271,21540,25703,17537,26293,21266,1557,1676,5601,2920,3990,5457
req_001368,180000,1,1,2,28,0,0,1,0,-1,-1,124637,107995,110487,125450,141003,143218,68828,19176,3745,111458,104223,69314
req_001369,50000,2,3,2,29,0,-1,-1,-1,-1,-1,8608,7288,8367,5957,6184,4640,7527,5064,4781,1747,2748,3326
req_001370,130000,2,1,2,27,0,0,0,-1,-1,-1,55539,50919,49431,63107,60268,45766,30218,24358,41211,47285,41044,31625
req_001371,220000,2,2,1,25,0,1,0,-2,-1,-1,99235,83694,102009,0,111393,103136,93456,4380,52138,0,36168,100384
req_001372,60000,1,2,2,26,1,-2,1,0,1,0,14352,0,12702,15742,10054,14851,321,0,239,14480,1439,9456
req_001373,370000,2,3,2,28,0,-1,0,-2,1,0,249492,232977,312026,0,262536,315993,187715,164158,88689,0,19338,224133
req_001374,70000,2,3,2,29,0,0,0,0,0,2,5341,6788,6987,5628,5171,4673,2770,3280,2263,2774,4050,803
req_001375,100000,1,3,1,28,-1,-1,0,-1,0,0,6238,5207,6383,5711,6512,5200,763,4085,1921,4533,4454,3145
req_001376,160000,2,2,2,29,0,0,0,0,0,0,87500,94332,112951,82399,66199,93577,62498,36458,53052,59666,55668,67080
req_001377,110000,2,2,2,27,0,0,-2,0,0,0,14862,17561,0,17522,17498,12813,9331,15239,0,14540,9808,2267
req_001378,110000,1,3,1,26,-1,0,0,0,0,0,37248,31973,29714,23621,32331,27810,26949,4922,21027,4807,11334,21207
req_001379,220000,1,3,2,24,-1,-1,0,-2,0,0,15115,15530,21083,0,14014,18854,13350,13312,11554,0,10531,8355
req_001380,80000,2,1,1,25,-1,0,-1,0,0,0,44734,56650,57800,33221,37500,48354,14830,38512,14631,20001,25866,34252
req_001381,60000,2,1,1,26,0,0,-1,-1,-1,-1,17399,17004,15796,13285,19670,17929,11613,11358,14193,11758,10728,12729
req_001382,30000,1,2,2,28,-1,-1,0,0,0,-1,8009,7488,6003,7352,6207,7427,4153,6237,4877,3965,5506,5465
req_001383,120000,2,2,3,21,3,3,1,0,0,-1,36892,46128,56397,44588,46590,44482,2509,2823,5244,16367,25871,15071
req_001384,110000,1,1,1,23,-1,-1,0,0,2,0,20369,29799,30676,25229,29272,25079,13938,9788,30300,20359,65,10344
req_001385,20000,2,2,1,29,0,0,-2,0,0,1,6633,5516,0,5759,7851,7862,3939,2336,0,4020,4789,384
req_001386,100000,2,2,2,25,0,-2,0,-1,-1,0,91478,0,63446,69056,64843,68421,63566,0,24096,56085,41279,67737
req_001387,90000,2,2,2,27,1,0,0,-2,1,1,14794,12631,15733,0,14420,15158,3217,6972,3268,0,1475,2000
req_001388,80000,1,3,2,29,2,2,0,0,0,0,35251,31588,25425,39065,24980,25445,5518,3532,4549,27771,15403,14858
req_001389,280000,1,3,2,25,0,-1,0,0,0,0,102370,121548,149366,161413,154006,131711,81448,61463,80930,46676,118970,89832
req_001390,250000,2,3,1,27,-1,-1,-1,-1,-1,-1,117884,125277,118519,163175,139157,156397,63357,75605,114740,23135,77348,56007
req_001391,80000,2,2,1,25,1,0,2,2,1,3,17254,17699,13712,14064,17955,14171,1317,7824,1608,977,446,4323
req_001392,200000,2,3,2,27,0,0,0,-2,-2,0,126632,118561,131379,0,0,83285,70810,98440,34152,0,0,66821
req_001393,580000,2,1,1,29,0,1,0,-1,-1,-1,26247,19797,24335,22732,29053,24636,19012,1602,19902,20212,14083,17594
req_001394,180000,1,1,1,26,1,0,-2,1,2,0,118283,110161,0,91353,141908,123356,9409,51172,0,1116,10708,57143
req_001395,50000,1,3,1,25,-2,-2,2,3,3,3,0,0,5923,4773,4521,4041,0,0,453,436,536,167
req_001396,150000,1,1,2,29,0,0,0,1,1,0,30853,35238,23154,33484,21517,23862,18417,13797,15742,7389,545,11022
req_001397,60000,2,2,1,27,-1,0,0,0,0,0,28918,29111,31217,28230,23754,27725,23288,19245,15272,26638,19716,12849
req_001398,60000,2,1,1,22,-1,0,0,1,0,0,32067,30711,40239,27283,37244,29033,21740,16930,31903,282,26832,16760
req_001399,100000,1,3,1,26,0,0,-1,-2,-1,0,32415,27293,23560,0,24493,22968,27078,22564,15951,0,18143,19509
req_001400,280000,2,2,2,23,0,0,-1,-2,0,0,43490,40659,34135,0,33387,30518,31754,28153,25803,0,11587,18937
req_001401,50000,2,1,2,29,0,0,0,-1,-1,-1,15316,14752,14505,11998,14100,15352,2178,13326,11906,11789,10957,13028
req_001402,60000,2,1,1,29,2,1,-2,1,0,0,46390,34426,0,36080,28660,42944,498,10426,0,930,9412,39811
req_001403,130000,1,1,2,28,0,0,2,2,1,1,14754,16490,14833,14713,13893,14885,10438,13979,768,591,1010,1829
req_001404,110000,2,2,2,27,2,3,1,1,2,2,28611,27614,22190,29215,25255,24832,4909,1139,2910,851,107,2492
req_001405,20000,2,2,2,26,1,2,1,2,1,1,12155,13476,11395,10193,13032,11034,104,181,2404,110,4004,2976
req_001406,110000,1,2,2,29,-1,-1,-1,0,0,1,28786,30981,36105,34594,35734,34192,24211,26837,28422,15220,23368,3225
req_001407,190000,1,1,1,28,0,0,0,-1,0,0,132379,134656,130816,101559,158155,114210,60234,108078,65366,86964,144336,46790
req_001408,120000,1,1,1,23,0,1,-2,1,1,2,47403,36437,0,35880,41006,42974,3876,4005,0,6127,27,1800
req_001409,200000,2,1,2,28,-1,0,0,0,0,0,65988,65441,62900,53516,55477,45581,41551,48780,28098,21618,40076,23763
req_001410,40000,2,1,2,28,0,0,-2,1,1,0,19599,19703,0,18227,20639,17829,8609,15201,0,639,126,8762
req_001411,40000,1,2,2,27,0,-1,-1,-1,-1,-2,1613,1664,1283,1466,1710,0,789,877,821,385,1249,0
req_001412,60000,2,1,1,28,0,-2,-1,-2,-1,0,17013,0,14845,0,14670,12033,13321,0,13523,0,8682,7927
req_001413,100000,2,3,1,29,1,0,0,0,0,0,9484,17237,18322,16520,17219,19156,1622,11679,15771,9289,11131,7708
req_001414,60000,1,3,2,26,-1,-1,-1,-1,0,-1,23584,33593,28670,26735,27820,21088,15865,18658,23873,21826,24692,4190
req_001415,80000,2,1,2,27,1,1,0,1,0,0,29612,31825,30726,31467,36293,24554,2386,2719,11994,7973,14812,18351
req_001416,110000,1,2,2,29,1,0,0,1,-2,0,55104,45679,47556,44536,0,31380,48,25552,35510,231,0,23558
req_001417,70000,1,2,1,25,-1,-2,0,0,0,0,20842,0,20962,21368,14660,17007,13580,0,10233,18327,3384,13393
req_001418,60000,2,1,1,23,0,0,-2,1,1,1,46866,42808,0,36672,37673,38220,44657,18879,0,5153,4381,1148
req_001419,20000,2,2,2,29,0,0,0,0,0,-1,2734,2202,1599,1835,2573,2146,1113,1831,1338,1667,2397,1684
req_001420,220000,2,2,1,26,1,-2,2,0,3,0,115547,0,93259,88531,70147,71319,38976,0,4982,59645,23333,53225
req_001421,100000,1,2,2,29,0,0,0,0,0,0,29520,26956,29622,32077,25817,26564,9046,21366,13026,25042,8764,20587
req_001422,40000,2,1,1,29,1,-2,0,-2,-1,-1,11007,0,7483,0,10801,8077,2277,0,7339,0,6352,4424
req_001423,270000,2,2,2,25,-2,0,-2,-1,-2,0,0,97124,0,68996,0,106722,0,91964,0,28358,0,59896
req_001424,120000,2,2,1,23,0,-1,0,0,0,2,32668,30616,28380,18559,35643,32137,27077,20203,11671,11667,23054,3850
req_001425,80000,2,2,1,25,0,0,-2,0,0,0,15460,19078,0,15488,13903,12500,4198,10820,0,14540,10576,6727
req_001426,70000,2,3,1,24,0,0,0,0,0,-1,43395,40755,33699,41681,25304,41309,29706,21108,20954,16352,21837,39552
req_001427,190000,2,2,2,26,1,1,1,1,0,0,95522,101565,97459,84847,79799,71456,2703,138,32813,331,25877,50196
req_001428,230000,2,1,2,28,0,0,0,0,0,0,61239,70461,59880,69287,69371,76571,35144,64622,47617,38750,57103,8979
req_001429,160000,1,3,1,26,0,1,1,1,0,0,76071,66894,101108,87485,56499,88469,52983,1551,14222,9792,38432,80845
req_001430,40000,1,1,1,28,0,0,0,0,0,0,15505,10717,12394,11919,11613,10171,14545,2932,12131,7596,6385,7638
req_001431,190000,1,1,1,28,0,0,-2,0,0,-1,18898,31540,0,24393,23361,21298,11831,20236,0,7458,19795,8571
req_001432,70000,1,2,1,25,0,0,1,1,1,0,24855,21664,26354,19966,18429,25545,13143,3909,3607,3585,3342,21471
req_001433,470000,1,2,2,27,0,0,0,0,0,0,136242,100760,131215,121836,100950,114698,71750,33748,75830,120057,85072,59433
req_001434,100000,1,2,1,26,0,-2,0,1,-2,2,18547,0,16331,14186,0,11366,16136,0,13569,834,0,681
req_001435,50000,1,2,2,27,1,0,0,0,0,-2,11546,15853,13856,15706,18077,0,830,10714,4113,4712,5004,0
req_001436,700000,2,1,1,24,0,0,1,0,0,0,122003,120920,96731,122283,97064,87327,81499,58975,1610,114669,60818,69293
req_001437,100000,1,2,2,29,0,-1,-1,0,0,1,2067,2738,3058,2130,2156,2161,1426,770,589,1561,543,74
req_001438,80000,2,1,1,28,0,1,1,1,-2,1,54823,46377,49626,50489,0,48038,51055,5450,2264,6398,0,9987
req_001439,40000,1,2,2,21,0,0,0,1,0,0,18917,16788,17541,17196,16984,15344,11182,10010,13294,3634,8608,7190
req_001440,100000,1,1,2,25,0,0,0,0,0,0,6265,5757,5637,3820,5145,5013,2913,2998,2141,1868,1664,2604
req_001441,50000,2,2,2,29,-1,0,-1,0,-1,-2,22013,28033,26567,26293,24077,0,10383,24563,12382,17918,21099,0
req_001442,90000,2,1,2,29,0,-2,0,-2,-1,0,65647,0,48536,0,58494,50442,38341,0,35977,0,45766,37009
req_001443,40000,2,2,2,29,-1,0,0,-2,1,2,11279,6496,11006,0,9711,7751,3322,6206,4763,0,431,1226
req_001444,120000,2,2,2,22,-1,-1,-1,0,0,-1,47738,60044,67064,58730,56348,64162,27402,39059,53845,55460,34151,51715
req_001445,130000,2,2,1,26,0,0,-1,0,-1,-2,7550,8223,8240,6891,5396,0,5320,2529,5207,3007,1735,0
req_001446,50000,1,2,1,23,0,-1,-1,-1,-1,-1,7917,11920,9760,11158,9401,9078,3460,8845,2629,3570,6437,7685
req_001447,60000,1,1,2,27,0,0,0,0,-1,0,5265,5049,5163,6212,4642,4506,1608,2912,4598,1693,3126,2151
req_001448,40000,1,3,1,29,0,0,0,-1,0,0,25545,24083,26646,21644,24604,30360,23438,18644,23159,17974,22467,9534
req_001449,190000,2,2,1,24,-1,-1,-1,-1,-1,0,63984,56036,66866,52680,62911,51644,37660,29315,62838,34977,35156,45816
req_001450,130000,2,1,1,29,0,0,0,0,-1,-1,37268,33432,44674,35211,37868,18857,17197,13675,13842,29832,20315,8469
req_001451,380000,1,2,2,24,0,0,0,0,1,0,93377,115937,99773,116659,103895,91919,25747,46512,80974,86932,11621,90497
req_001452,130000,2,4,1,23,0,0,-1,0,0,0,31569,27779,25684,28858,25288,29511,14414,21662,1051,8868,16508,6711
req_001453,70000,2,2,1,29,0,0,0,0,0,1,21997,27078,19719,12303,21236,20180,16208,9754,15073,7813,14975,1448
req_001454,50000,2,1,1,28,1,0,0,0,0,0,27990,26736,34734,33075,32809,25213,623,17077,33609,9248,25902,14519
req_001455,230000,2,2,2,23,0,0,1,2,2,1,56683,64968,76306,68521,64616,52788,44304,46664,5718,7130,4304,3618
req_001456,50000,2,2,2,24,-1,-1,-1,-1,0,-1,1437,1230,972,1140,1279,1154,1336,1145,919,590,663,386
req_001457,90000,2,3,1,24,1,0,0,0,0,-1,50071,58335,60552,51049,42542,49656,1388,35838,49892,35346,34671,18249
req_001458,80000,1,2,1,28,1,-2,0,0,-1,-1,23737,0,24619,25336,28997,27695,1304,0,14779,21243,8885,15274
req_001459,270000,1,1,1,27,0,0,0,0,0,2,38628,23502,20332,30564,29966,25209,32440,16115,8742,6200,6954,5319
req_001460,70000,1,3,2,29,0,0,1,1,2,3,24086,17464,22264,19654,14253,18338,22690,10853,4327,762,1966,5295
req_001461,90000,1,3,2,28,-1,0,0,-1,0,0,1076,1252,952,917,929,975,898,624,519,739,387,508
req_001462,80000,2,2,2,28,0,0,-1,-1,-1,-2,20343,21597,19580,13548,15801,0,12708,10958,9753,3984,10950,0
req_001463,90000,2,2,1,29,0,0,-1,0,0,-1,13889,12608,14736,16212,15873,14741,3624,2135,12753,7860,13546,13040
req_001464,20000,2,2,1,27,0,1,0,0,1,3,4642,4469,4157,2968,2863,3074,1609,20,2156,2242,34,313
req_001465,50000,2,2,1,26,2,1,1,1,0,1,16342,16035,17682,14677,15750,14844,2939,830,662,252,8636,282
req_001466,70000,1,3,2,27,0,0,0,-2,0,0,58548,42623,38342,0,39127,39582,40104,28739,27488,0,16218,32829
req_001467,50000,1,1,3,24,0,-1,-1,-1,-1,-1,36900,32730,24301,35115,29540,32289,17277,8714,8834,31617,18768,28748
req_001468,390000,2,2,2,28,0,0,0,0,0,-2,302747,218768,289477,291295,240620,0,252103,134733,251728,71959,106828,0
req_001469,70000,1,3,2,27,0,0,0,0,0,0,4704,5773,5469,4164,3586,4108,3306,3610,2591,3786,2289,3294
req_001470,60000,2,1,1,28,1,1,0,-1,0,0,34360,33737,32513,23979,34971,29139,4310,7103,31126,18390,33223,17428
req_001471,150000,2,1,1,26,0,0,0,0,0,0,5556,7013,9240,6172,5330,5381,1884,459,7484,2297,1654,3531
req_001472,110000,1,2,2,26,-2,0,0,0,0,0,0,27364,19611,19940,10961,21612,0,12893,15154,12655,10488,15290
req_001473,30000,1,2,1,29,0,0,0,-1,-1,0,5211,3625,4868,4414,3485,4271,1971,2514,3689,2078,1268,1827
req_001474,40000,2,1,1,25,1,3,-2,0,1,2,16032,16094,0,18613,16910,17462,1905,894,0,13712,1209,1180
req_001475,60000,2,2,1,29,0,0,0,0,0,0,34122,32708,35845,27592,29447,27258,24414,11731,30700,18822,28433,5817
req_001476,200000,1,2,1,23,2,1,0,0,1,-2,148921,142463,125969,145134,152035,0,7248,5156,75117,113473,17866,0
req_001477,110000,2,1,1,29,0,0,0,-1,-1,-1,73779,66097,91857,66070,66728,90705,58404,47962,78833,29716,41129,78978
req_001478,60000,2,2,1,24,0,-1,0,-1,-2,0,50174,35231,39147,40747,0,36313,20440,32909,8814,19203,0,15447
req_001479,50000,1,2,1,28,1,2,0,0,0,0,14181,11620,17564,15546,13979,19794,46,2363,9275,9423,12023,7388
req_001480,40000,2,1,2,26,0,0,0,0,0,0,15722,13950,10594,12318,11520,10938,5815,9571,8366,9252,9783,8750
req_001481,170000,1,2,1,22,0,-1,-2,-1,0,0,32075,24628,0,25278,22577,23948,21885,13759,0,18622,18497,17739
req_001482,140000,2,1,1,23,0,0,0,0,0,0,41314,38314,41399,46747,42000,37211,7249,26450,12686,35559,19300,34698
req_001483,120000,1,1,1,29,1,2,1,0,0,-2,31266,25803,30350,23200,28206,0,2266,1813,3033,13214,21802,0
req_001484,30000,1,1,2,25,-1,-1,-2,0,0,-2,13754,11809,0,11983,10433,0,13404,6689,0,6194,3754,0
req_001485,100000,2,3,1,24,3,2,0,0,0,0,23790,17615,24270,22372,24816,20775,2658,4937,18049,19113,9901,14586
req_001486,80000,1,4,1,26,0,0,-2,0,0,-2,16534,15435,0,15131,15480,0,11573,12236,0,8839,10884,0
req_001487,60000,2,2,2,25,1,1,0,0,0,0,22140,21518,24431,22123,13016,22451,3857,430,20887,13768,11599,3092
req_001488,80000,1,1,2,28,-1,-1,-1,-1,0,0,13676,19570,18285,16975,16070,17070,12136,2434,14574,11297,13781,9319
req_001489,100000,1,2,2,22,0,0,0,0,0,1,15834,15025,14924,15297,13226,19609,11442,10256,12235,13418,7220,629
req_001490,50000,2,2,1,22,0,0,1,1,1,0,10604,9673,12743,8602,10326,8570,1112,3715,455,941,1717,6253
req_001491,20000,1,1,2,26,0,0,1,0,0,-1,5499,4602,5577,4422,3906,4393,3311,2144,202,3712,1876,3502
req_001492,50000,1,1,1,27,0,0,0,0,0,0,17299,23623,25438,14954,21310,18967,14539,15324,14499,3707,19358,10873
req_001493,40000,2,3,2,26,0,-2,0,0,0,1,21207,0,17662,20589,15831,17666,9441,0,6333,15438,11572,15
req_001494,310000,1,2,2,23,0,0,0,-2,0,1,291003,188677,195989,0,190291,223997,238058,97136,174135,0,166034,15809
req_001495,150000,2,2,1,24,-1,-1,-1,-1,-1,-1,93305,94318,113193,77223,80272,102020,79861,56336,33952,52054,55543,85014
req_001496,40000,1,1,2,29,0,-1,-1,0,0,1,9123,7801,6929,8408,6545,8607,7151,2806,4794,3749,6186,925
req_001497,110000,2,1,2,26,2,0,-1,-1,-1,-2,80742,88056,63190,70759,66903,0,11305,77842,37981,46043,33070,0
req_001498,20000,2,1,1,29,0,0,0,0,0,0,4531,4324,3967,4585,4085,3565,3835,3185,3775,4283,702,2989
req_001499,190000,1,1,1,27,1,0,0,-1,-1,-1,138031,160108,150252,139919,128426,80918,19512,65769,73391,61700,89569,49888
req_001500,130000,2,2,1,25,1,0,0,0,0,0,36848,28877,31229,27816,27177,26999,223,12245,29508,8858,25244,11083
req_001501,230000,2,2,2,26,0,0,-1,-1,-1,-1,61465,66036,67151,55915,64427,57608,44225,36730,15731,22531,42575,31719
req_001502,90000,1,2,2,27,-1,-1,0,0,1,0,18157,17341,14188,15263,13902,11241,8340,17206,3472,8112,2965,5678
req_001503,210000,2,3,1,28,0,-1,-1,0,0,0,66812,75610,71534,64095,61684,58187,52858,16139,35440,37169,21202,41478
req_001504,20000,2,4,2,29,1,-2,0,0,0,-1,5620,0,4184,5573,5662,5461,1504,0,2611,4359,3958,3149
req_001505,100000,2,3,2,28,-2,0,0,-1,-1,-1,0,14738,13170,13852,11679,11923,0,10647,10541,12072,9336,8601
req_001506,160000,1,2,2,28,0,0,1,0,0,0,51410,52892,65776,64335,65577,46385,31408,49993,8886,41560,37094,16851
req_001507,70000,2,2,1,27,-1,0,0,-2,1,-2,46267,33837,47837,0,44048,0,32476,24900,31980,0,9441,0
req_001508,60000,2,1,2,28,-2,0,0,-1,0,0,0,3631,4395,4041,3664,4389,0,3368,2906,1957,2100,2890
req_001509,50000,2,2,1,29,0,-1,-1,-1,0,0,10407,8366,9964,9004,10140,8139,5807,7806,6193,4292,5365,1902
req_001510,20000,2,2,1,29,2,1,3,2,1,1,7578,7373,6231,6756,6607,7037,388,456,1058,414,328,716
req_001511,120000,2,1,1,27,0,0,0,-1,-1,0,3074,2497,1927,2947,2011,2259,1467,2217,1010,1103,1436,1955
req_001512,200000,1,1,2,27,0,-2,-2,-1,-1,-1,14945,0,0,15613,16119,14297,10617,0,0,7131,6290,12561
req_001513,70000,1,3,1,24,0,-1,0,-1,-1,-1,8681,9711,10854,11660,8293,9084,7481,7088,846,11297,5853,3184
req_001514,20000,2,1,1,23,1,1,1,5,-2,1,16236,10893,17262,12896,0,13641,5700,1807,813,395,0,2234
req_001515,80000,2,1,1,28,-1,-1,-1,0,-1,0,45844,56165,45539,37287,36651,41839,19631,51034,30958,7567,22285,31767
req_001516,160000,2,3,2,25,-2,0,0,1,0,0,0,40795,41094,46707,32788,42653,0,26268,32827,1353,13146,40778
req_001517,110000,2,1,1,25,0,0,2,1,0,0,19329,16346,22806,21405,16574,13308,8367,12113,3709,4020,10736,9145
req_001518,160000,2,1,2,27,0,-1,-1,0,0,0,23723,21451,22730,18872,20950,21932,15276,8545,13498,6312,20642,15992
req_001519,130000,1,2,1,29,0,-2,-2,0,0,0,31390,0,0,39632,50132,49334,24422,0,0,34569,33005,41354
req_001520,40000,1,2,1,27,2,0,0,0,1,-2,20770,19612,17591,17704,14488,0,1958,16174,14287,6671,348,0
req_001521,100000,2,2,2,27,1,0,0,-2,1,2,70959,82151,75390,0,86850,72218,36429,71381,22023,0,4764,3461
req_001522,80000,1,1,1,27,1,1,-2,1,0,0,56347,53031,0,42860,51365,40609,8215,231,0,1243,32288,32451
req_001523,50000,1,3,2,27,0,0,1,2,3,2,5190,6522,5954,6407,6023,4916,3864,3344,284,95,2490,203
req_001524,140000,2,2,2,28,0,1,-2,1,0,0,33035,36619,0,37279,35184,34669,26486,1823,0,877,25367,3074
req_001525,40000,2,2,3,26,-2,0,0,-2,0,0,0,4889,6227,0,4244,5019,0,3500,5163,0,3066,3578
req_001526,80000,1,2,1,24,2,1,0,0,-2,0,26216,28336,31995,34312,0,29079,1703,186,20190,24179,0,16624
req_001527,220000,1,1,1,25,0,0,0,-2,1,1,13669,14565,21574,0,15504,19053,10269,10780,8492,0,2624,454
req_001528,90000,1,1,2,28,-1,0,0,0,0,1,29848,25156,27581,31565,25757,20601,8133,16486,15297,12242,20194,4909
req_001529,200000,2,2,1,25,0,0,0,0,0,0,123397,127568,128807,103762,141707,104372,61666,87065,105378,36907,97820,40718
req_001530,90000,2,2,1,25,-1,-1,0,-1,0,-1,44290,49121,45478,46034,52247,51217,33918,31893,18896,44466,26390,9131
req_001531,180000,2,3,1,22,0,0,0,0,0,0,23178,27334,26301,26431,17436,25250,9751,24955,22448,10832,8293,23348
req_001532,100000,1,2,2,27,1,0,-2,1,1,0,51071,53030,0,55506,36059,44111,8124,18696,0,2277,267,25770
req_001533,70000,2,2,2,28,0,0,0,0,0,0,31543,33075,29769,26367,23289,27876,19074,4343,16930,20161,14762,19492
req_001534,90000,2,2,2,26,0,0,0,0,0,2,10239,15446,11820,10786,16628,10028,9963,11403,7212,9033,11991,188
req_001535,610000,2,1,1,24,0,-1,0,-1,-1,-1,92740,66527,55485,69239,69729,60219,65519,32920,42364,47712,49374,21304
req_001536,30000,1,2,1,24,-1,-1,-1,-1,0,0,7086,7101,6063,6595,6427,5611,5050,3413,4822,3944,5484,2116
req_001537,70000,2,2,2,23,0,0,0,0,0,-2,67606,46995,41491,46767,46819,0,37352,31498,28305,29669,17407,0
req_001538,280000,2,3,2,29,-1,0,0,0,-1,-1,9767,14434,11991,10634,11860,13675,6923,10617,7046,9501,7891,3100
req_001539,280000,1,1,1,27,0,0,0,1,0,0,119547,119238,151214,167769,123307,134198,62853,98656,115651,4881,87978,116133
req_001540,50000,1,1,1,25,0,1,0,0,0,0,13618,13437,13732,9190,10007,13208,7991,900,4734,3580,9263,4560
req_001541,140000,1,1,2,29,0,0,2,2,0,1,92594,72807,134978,89332,93652,93148,58179,45939,31938,29820,47742,3249
req_001542,220000,2,2,2,26,2,0,0,-1,-1,-1,114278,96538,104617,126574,87649,91025,4439,90290,47794,100357,58511,29877
req_001543,170000,1,2,2,29,-1,0,0,0,0,1,48627,47112,54461,46051,48756,51991,33057,22768,35891,24237,39999,2758
req_001544,220000,2,2,1,25,0,0,1,2,2,1,24370,23087,27855,18587,22952,19739,21264,14982,1959,2030,3915,647
req_001545,90000,1,3,1,27,1,0,1,-2,0,2,28732,25548,25914,0,32174,24863,783,14288,5111,0,15153,101
req_001546,60000,2,2,2,29,-1,-1,-2,-1,-1,-1,31159,22978,0,33457,22503,20559,6580,12735,0,27726,19653,18683
req_001547,50000,2,2,1,29,1,2,2,2,1,2,44452,35824,40086,41174,25932,34022,4889,1937,5878,1113,1488,4196
req_001548,50000,2,1,1,24,0,-2,0,0,-1,0,12661,0,8866,9613,10622,9598,10795,0,5211,7967,5110,4472
req_001549,30000,2,3,2,29,1,0,-1,-1,-1,0,12224,14989,14474,13664,12851,12560,1852,13470,8406,2845,6820,9956
req_001550,60000,2,1,2,26,0,0,0,0,-2,0,23413,23422,24747,26329,0,22948,9381,8671,18971,6292,0,15320
req_001551,190000,2,1,2,28,-1,0,-1,-1,-1,-2,40587,35530,39131,30804,36836,0,28723,14095,23364,8661,31875,0
req_001552,80000,1,3,1,25,1,2,0,1,0,-1,19734,16727,19027,23575,17692,13135,989,641,6003,837,4223,3840
req_001553,30000,1,1,2,24,0,1,1,0,0,1,21271,29749,25210,27966,22639,19434,8460,2704,2822,17272,17536,380
req_001554,50000,2,2,2,28,0,0,1,2,3,3,9555,13281,9487,10232,8881,9988,4898,9767,115,930,1073,56
req_001555,30000,1,1,2,28,-2,0,0,0,0,-2,0,8981,8808,10781,8579,0,0,4310,6246,6692,8479,0
req_001556,100000,1,1,2,28,1,0,0,-1,-1,-1,34679,35802,36312,36033,33600,30506,3324,28766,28037,18305,25719,19946
req_001557,100000,2,1,2,27,2,2,-2,1,0,0,32332,38265,0,34867,34852,36710,1713,733,0,174,21069,24380
req_001558,150000,2,1,2,29,3,1,0,0,1,1,102882,93246,74194,93515,83385,81312,16591,17569,62095,64028,25301,2779
req_001559,80000,1,2,2,29,-2,-1,-1,-1,0,0,0,51732,38012,56752,52134,45130,0,24477,18231,44937,11103,35678
req_001560,60000,1,1,2,27,0,0,0,0,0,0,16335,16456,17112,16988,13698,13764,7245,8251,10183,14149,8860,12137
req_001561,70000,1,1,2,26,1,1,1,1,-2,0,49321,48411,38092,30823,0,48897,4087,651,738,2135,0,37069
req_001562,50000,2,1,1,24,0,0,0,-1,-1,0,15543,18551,14873,19940,19073,14554,14264,10107,11413,11867,12855,11727
req_001563,90000,1,2,2,29,0,1,1,0,1,0,28654,32389,27049,20882,28040,23971,11207,6023,3871,15975,2305,21307
req_001564,30000,2,3,1,29,1,2,3,3,-2,2,11442,15377,11278,11415,0,9087,2467,18,1585,1335,0,2551
req_001565,70000,2,2,1,28,-1,-1,-1,0,0,0,17481,18530,22044,16755,19511,13582,17216,17690,10714,7536,13875,10540
req_001566,230000,1,1,1,28,-2,0,0,0,0,-1,0,104812,94587,101610,112147,99988,0,86127,79238,74524,52988,87095
req_001567,80000,2,2,1,26,0,-2,0,0,0,0,53066,0,63308,59005,46840,46906,45810,0,48653,51784,43860,30749
req_001568,120000,2,2,2,28,0,0,-2,0,1,1,23888,34713,0,35824,31486,33970,21383,11066,0,23934,2388,2312
req_001569,60000,2,2,2,23,0,0,0,0,0,1,7679,5695,7687,8052,7429,6372,2776,5022,6447,6562,5306,358
req_001570,50000,2,1,2,26,-1,0,0,0,0,0,2051,2795,2828,1800,2400,2157,1136,1728,1937,1411,2013,434
req_001571,120000,2,1,2,29,0,0,1,0,0,0,49048,63063,58615,44894,53867,51686,15552,36268,15030,23423,27756,36907
req_001572,140000,2,2,2,25,0,-2,0,0,0,0,106049,0,75448,82943,118255,90369,47391,0,17838,70633,89527,76977
req_001573,30000,2,1,2,26,0,0,-1,-1,-1,-1,13045,11047,12770,14944,14928,15453,12244,4789,9574,2855,8617,12955
req_001574,70000,1,3,2,29,-1,-1,-1,-2,-1,1,3124,2546,2912,0,2614,2713,1689,1926,1859,0,1453,34
req_001575,30000,1,2,2,29,2,6,3,2,-2,1,20284,16772,20872,19041,0,20323,440,52,1632,4073,0,752
req_001576,50000,2,2,1,29,1,0,0,-2,-2,-1,11663,9500,12061,0,0,9049,665,9131,5765,0,0,8540
req_001577,140000,1,2,3,29,2,1,1,0,0,1,83569,71228,61170,60915,72670,73290,18248,13725,8322,60019,58976,8094
req_001578,60000,1,2,1,24,0,1,0,1,1,1,11230,11787,12938,12582,13322,13081,3305,411,12646,1569,372,186
req_001579,80000,2,1,1,26,0,0,0,-1,-1,-1,20216,25001,28452,20595,21314,16276,12480,13027,25083,14044,19554,10900
req_001580,40000,2,2,1,25,-2,-2,0,-2,-2,0,0,0,8118,0,0,10572,0,0,6608,0,0,6456
req_001581,60000,2,2,1,24,0,0,0,0,1,1,32954,27100,38202,22132,33242,31755,12677,23327,23394,14603,2761,11044
req_001582,60000,1,2,1,28,1,0,0,-2,0,1,32414,35293,38464,0,30367,30833,761,16557,37697,0,17682,2007
req_001583,100000,2,2,1,29,1,0,-1,0,0,0,62944,60131,46427,50626,51109,54596,5442,27719,40105,26979,48560,23764
req_001584,70000,2,2,2,26,0,-1,0,-1,-1,-1,16791,16248,14609,18588,15953,16091,14837,7510,5452,18533,10732,15249
req_001585,50000,2,1,3,29,0,0,0,0,0,0,8850,11685,9164,8530,6564,9945,5071,9327,7681,4398,4995,8436
req_001586,190000,2,1,1,29,0,0,-1,0,-1,-1,64117,49973,56578,49240,48894,58013,55188,39582,36812,19755,41897,12982
req_001587,90000,2,2,2,28,0,0,-1,-1,-1,-1,9938,7820,6712,8016,6386,6527,5839,2104,4081,4555,2458,5132
req_001588,130000,1,1,2,26,-2,0,0,-2,0,1,0,50359,41591,0,48834,63903,0,29779,24695,0,39814,5827
req_001589,90000,1,2,1,24,0,1,0,2,3,1,29848,26586,26975,33399,24792,29862,13309,1110,18835,1458,32,125
req_001590,70000,2,2,2,23,0,-1,-1,-1,0,0,16930,14603,11372,12812,9324,9082,12180,12124,5520,12573,5860,2369
req_001591,100000,2,1,1,23,0,0,-1,-1,-1,-1,9852,10222,10971,10394,11075,12620,5498,4874,3519,10015,10652,12003
req_001592,50000,1,2,2,23,0,-1,-1,-1,-1,-1,8291,9437,9044,9533,7966,8346,7137,7789,4412,4705,2789,6960
req_001593,180000,2,2,2,25,0,-2,1,2,0,0,25013,0,23655,23174,23267,23390,12035,0,1887,829,20144,19534
req_001594,120000,1,1,2,24,2,2,2,0,1,1,25331,19058,24324,18217,21226,16839,529,346,2752,15196,3956,619
req_001595,150000,2,2,1,28,0,0,-1,-1,-1,0,35126,27920,32065,31344,32856,34946,30595,23260,25781,19772,23952,21246
req_001596,190000,2,1,1,26,-1,-1,0,0,0,0,144976,109337,108556,109561,109725,116043,110814,68972,105802,98636,49321,109703
req_001597,40000,1,2,2,29,1,2,1,0,0,0,21539,20594,22791,25921,20778,15988,1889,97,1695,5897,17501,14717
req_001598,40000,2,2,1,26,0,-2,-1,0,0,0,22924,0,16214,15825,12952,15017,16725,0,11349,8136,9895,10641
req_001599,220000,2,2,1,26,0,0,0,0,0,0,65531,66896,61050,73162,61699,55581,50898,56359,52868,52881,39786,44291
req_001600,110000,2,2,2,29,0,0,-1,0,0,-1,13951,17140,15595,16447,16625,19763,2734,15148,9234,13688,13009,18061
req_001601,50000,2,1,2,27,2,1,0,0,-2,0,17341,17442,23287,19739,0,17963,855,5898,7850,15035,0,13651
req_001602,40000,1,1,2,29,0,0,-1,0,0,0,19644,14506,17065,20823,16512,14203,3821,10645,11565,9555,5083,3395
req_001603,110000,2,2,2,29,0,0,1,0,0,-1,16747,12893,17946,10900,12538,13944,14249,2294,285,7553,5805,8798
req_001604,80000,1,2,2,27,-1,0,0,-2,-2,0,57351,72554,53452,0,0,53722,55228,36513,21929,0,0,24454
req_001605,120000,2,2,1,29,-1,-2,0,1,1,1,30102,0,36178,36139,30392,25332,28215,0,23662,8,2911,588
req_001606,170000,1,2,1,26,-1,0,0,0,-2,-1,101954,107903,78610,86516,0,102900,36268,96111,36666,80301,0,72698
req_001607,60000,2,2,2,24,0,-2,-1,0,1,1,6676,0,5121,5731,7400,4688,5154,0,3974,3215,2639,528
req_001608,60000,1,1,2,26,2,0,0,0,0,-2,35543,30496,37127,26840,30989,0,3595,23447,20254,19750,24008,0
req_001609,100000,1,2,2,28,0,0,0,-1,-2,-1,32450,46441,31758,39829,0,46248,27060,31026,21967,21705,0,28273
req_001610,110000,1,1,2,28,0,2,1,1,-2,1,35930,29919,35955,33025,0,27121,23635,2944,2382,1089,0,434
req_001611,310000,2,3,2,29,0,0,0,-1,-1,-1,133638,105917,145006,153352,124819,112282,61523,87598,111815,72694,90858,77242
req_001612,90000,2,2,2,25,0,0,-1,-1,-1,-1,4325,3971,3367,3993,4145,3559,3434,1766,885,3054,3150,3139
req_001613,30000,2,3,2,29,1,2,1,0,0,0,18164,16258,17009,17696,16517,15829,277,737,3656,14116,3348,6019
req_001614,230000,2,1,2,28,1,0,-2,0,-2,2,44443,43425,0,39829,0,39571,6403,32464,0,35893,0,2757
req_001615,150000,2,1,2,26,-1,0,0,0,-1,0,9300,8882,10942,11652,9970,9160,6911,5768,7231,11084,8554,1554
req_001616,20000,1,1,1,27,0,-2,0,0,0,0,7519,0,4060,4801,8087,7317,6349,0,3976,2789,3929,6919
req_001617,30000,2,2,2,26,1,-2,0,0,0,0,22048,0,26167,17464,16353,15751,422,0,14469,8064,12449,12387
req_001618,260000,2,2,2,27,2,1,0,1,0,-1,110199,97649,124488,109983,90720,119295,7470,24346,67479,4926,57712,96473
req_001619,150000,1,2,1,23,0,-1,0,-1,0,0,62355,88925,70459,75802,74870,73226,35646,78236,42944,62737,53826,27881
req_001620,110000,1,3,1,27,0,1,0,0,-2,-2,21518,22869,24426,18617,0,0,13835,2131,13858,4119,0,0
req_001621,70000,1,2,2,29,0,-2,-1,-2,-1,0,16257,0,12257,0,13590,15750,9776,0,7552,0,10184,11162
req_001622,70000,1,3,1,24,-1,0,0,-2,1,2,1651,2018,1671,0,1631,1962,441,1223,1001,0,33,10
req_001623,50000,2,3,1,24,-1,0,0,-1,0,0,23336,24497,24480,25555,24356,14567,15834,16780,18455,22229,15942,7290
req_001624,80000,2,2,1,26,0,0,0,-1,-1,-1,43489,38490,35802,39040,37470,41991,36113,11180,10520,7242,13644,13854
req_001625,60000,2,2,2,23,2,2,1,1,2,2,10934,14317,13112,11278,11313,11698,717,374,50,2534,2445,2261
req_001626,150000,1,1,2,27,0,0,0,-1,-1,-1,65416,56221,56138,40103,49381,61625,27369,45312,42545,27314,32827,34166
req_001627,70000,1,3,2,29,2,2,2,0,2,1,25313,25578,21033,21679,25506,22806,1763,689,1560,18339,1461,177
req_001628,140000,2,2,1,28,-1,-1,-1,-1,-1,-1,46631,53510,53981,54119,60184,59004,35649,40064,16241,36347,55562,33795
req_001629,250000,2,2,1,28,0,0,1,1,2,1,102262,87384,84946,78541,82646,65377,89341,59704,23300,12627,22861,34
req_001630,70000,2,1,2,26,1,-2,0,1,1,0,25913,0,26568,25203,22266,25564,2601,0,17968,3913,170,20531
req_001631,130000,2,1,2,27,0,-1,-1,0,-1,-1,11193,13396,12505,15207,14185,11406,8965,4659,10869,12701,8772,7406
req_001632,20000,2,2,1,24,0,0,-1,0,-1,-1,1655,1532,1299,1273,1191,1204,1253,1208,494,831,701,759
req_001633,220000,2,1,2,28,0,0,0,0,0,-1,86479,92084,108517,134591,126989,113936,78886,43831,31753,84785,98728,61750
req_001634,60000,2,3,2,28,0,-1,0,-2,-1,-2,21960,38805,26387,0,30712,0,16645,7766,16051,0,26002,0
req_001635,100000,2,1,2,26,0,0,0,0,0,0,6922,6945,6301,7146,6661,6924,4911,5488,3515,5570,3071,5392
req_001636,210000,1,1,1,29,0,0,1,2,1,0,34336,20429,25311,32627,28441,33305,12639,8793,1073,2138,2528,21086
req_001637,70000,2,1,2,28,1,0,-2,-1,-2,0,36856,35392,0,27376,0,33003,1597,16069,0,25960,0,25584
req_001638,40000,2,1,2,29,0,0,0,0,0,0,14920,14252,12956,11843,9664,11123,10970,1635,3538,10115,2313,5937
req_001639,120000,1,2,3,25,0,1,1,1,2,-2,17184,16629,24141,17486,17180,0,13664,4319,319,979,386,0
req_001640,120000,2,1,1,22,0,-1,-2,0,-1,0,33089,35288,0,42478,37651,41752,23166,34620,0,25270,29650,12169
req_001641,40000,1,1,1,29,-1,-1,0,0,0,-2,8534,7450,9971,9992,8633,0,2599,2922,6749,4486,3191,0
req_001642,140000,1,2,1,22,2,0,1,0,-2,0,94847,120569,117061,110177,0,102494,10735,77447,13514,84221,0,58100
req_001643,40000,2,1,1,27,0,0,-1,-1,-1,-2,13739,14040,14801,16926,12912,0,7303,12714,8641,15282,2043,0
req_001644,40000,2,3,2,26,2,1,0,0,-2,-2,19797,18411,17444,16662,0,0,1072,769,2686,13617,0,0
req_001645,100000,1,3,1,23,0,0,0,0,2,2,58373,49395,59337,61758,43482,53879,31941,37638,7950,45620,2417,1129
req_001646,80000,2,1,2,29,1,2,0,0,0,0,25186,43292,37959,38210,45092,33973,2180,8400,22689,26888,4372,4251
req_001647,60000,1,1,2,22,-2,1,0,0,0,0,0,5802,9418,5822,6838,5824,0,35,7580,4269,5486,2059
req_001648,310000,2,2,2,26,1,-2,0,-2,-2,-1,101631,0,162497,0,0,141344,222,0,134791,0,0,70081
req_001649,70000,2,2,2,28,-1,-2,0,0,1,-2,45066,0,51674,46702,39637,0,23811,0,7035,17290,197,0
req_001650,40000,1,2,1,25,0,-1,0,2,2,0,10564,12994,13726,11960,9399,9418,8441,9039,12507,1517,42,2396
req_001651,80000,2,1,2,28,-2,1,0,0,1,1,0,62707,57287,44067,57081,38989,0,24819,42515,32100,10045,2901
req_001652,110000,1,4,1,28,-1,-1,-1,-1,-2,-2,70872,44255,60660,60560,0,0,58490,26151,55864,36332,0,0
req_001653,70000,2,1,1,27,-1,-2,-1,-1,0,-1,41659,0,41380,32675,24556,28453,28401,0,25186,17461,15430,24266
req_001654,60000,2,2,1,25,0,0,-2,2,1,-2,8307,7040,0,6602,7568,0,447,2739,0,1937,55,0
req_001655,100000,1,2,2,25,-1,-1,0,-2,0,0,3506,3597,2935,0,3132,2491,2909,2106,636,0,2218,1350
req_001656,110000,1,3,1,28,-1,0,0,0,1,1,14810,11808,13040,19574,11937,8429,10889,8238,6384,2707,1716,309
req_001657,50000,2,2,2,28,1,0,0,0,-2,-2,34078,34782,37488,28262,0,0,4129,9968,23978,16895,0,0
req_001658,210000,1,2,2,27,0,-2,0,0,0,-2,57086,0,62054,61061,65405,0,20784,0,54957,51884,51212,0
req_001659,40000,2,2,1,26,-1,-1,0,0,0,0,8698,8168,7946,7509,8505,9024,2843,8027,3222,6961,5196,3592
req_001660,90000,1,2,2,28,1,0,0,-2,0,2,57096,60447,44122,0,39294,60826,21922,27074,13302,0,11147,2378
req_001661,50000,2,1,2,27,1,0,0,0,-1,-1,11114,9316,9090,9994,8577,10193,517,6278,7544,8211,4312,4273
req_001662,110000,2,2,2,29,0,0,0,0,0,0,43574,58612,54916,55854,43962,44847,31133,55961,22430,27648,11911,38549
req_001663,310000,2,3,1,27,0,0,0,-1,-1,-1,151958,148077,146854,131018,127372,146216,95190,55821,106720,83361,96632,79524
req_001664,70000,2,1,1,22,0,0,-1,-1,0,1,33365,30699,30448,44789,38688,31757,28564,5983,9464,44262,32637,3979
req_001665,170000,2,1,2,29,0,0,-2,0,-2,0,34806,36074,0,32382,0,23529,27290,24588,0,22710,0,9822
req_001666,50000,2,3,2,25,1,1,0,1,0,1,7228,6425,8444,5745,5319,7291,763,438,1919,812,3413,319
req_001667,50000,1,1,2,23,0,-1,-1,-1,-1,-1,16735,15277,14698,15975,13104,14380,16630,12147,6757,15819,9796,7591
req_001668,60000,1,2,1,29,1,0,0,0,-1,-1,18116,14702,14441,17743,14679,12190,3223,13424,11339,11564,10337,9780
req_001669,140000,1,1,2,27,2,1,1,2,2,0,33840,40186,35775,44497,35638,40477,12963,2215,5329,1009,4950,33220
req_001670,30000,1,1,2,26,1,-2,1,0,1,1,22690,0,20542,18591,24250,20928,1052,0,2220,9953,6519,3898
req_001671,70000,2,1,2,26,-1,0,0,0,-2,0,1964,2107,1811,1800,0,2061,753,1347,1639,1244,0,550
req_001672,200000,1,1,2,26,0,-2,0,0,0,-1,19600,0,31047,30941,27976,25934,10241,0,28661,10801,6671,7745
req_001673,90000,2,2,3,28,1,0,1,1,0,2,42801,57290,38389,39521,41081,37160,8127,42126,1048,5068,25250,11752
req_001674,100000,2,2,1,27,0,0,1,1,1,1,19510,16685,16803,17452,17035,18845,16604,10021,1589,3866,891,71
req_001675,130000,1,1,2,29,0,0,0,-1,2,2,31022,23005,24773,26328,16687,25141,23921,14710,4748,15722,3143,2725
req_001676,160000,2,4,1,29,0,0,-2,0,0,0,107083,110266,0,115018,108895,88304,49933,104444,0,63879,54936,54052
req_001677,20000,1,2,1,22,1,1,1,1,0,0,11353,10327,11127,7295,10859,8033,550,2416,1726,378,10543,3402
req_001678,90000,2,1,2,29,-2,0,0,0,0,-1,0,28841,26521,26458,24147,20936,0,10041,25377,18327,22016,5404
req_001679,280000,2,1,1,27,0,-1,0,-2,-1,-1,12938,17868,14456,0,16633,14195,3381,7465,6090,0,7996,8556
req_001680,180000,1,1,1,21,-1,-1,0,-2,0,0,36573,42595,44716,0,44399,40930,2952,8620,11402,0,29239,19828
req_001681,290000,1,1,2,24,0,1,0,-1,0,0,87115,69514,83959,68328,95889,87842,43836,1972,78757,60362,22564,64337
req_001682,70000,1,2,2,29,0,0,-1,-1,0,-1,33101,27929,26842,23256,28896,25377,31773,18798,22973,10660,9287,14996
req_001683,160000,1,1,2,27,-1,-1,0,0,0,0,37868,28635,28760,28520,27937,30234,28307,5459,11029,12713,5621,25866
req_001684,50000,1,2,2,26,1,1,1,3,3,1,21901,29253,31358,30277,29435,29074,3358,2971,3004,107,1166,3112
req_001685,140000,2,2,1,28,0,-2,-1,-1,0,-1,27695,0,33241,18209,36323,46797,16427,0,27807,6400,25053,27246
req_001686,80000,1,2,1,27,0,1,1,0,1,0,3151,2083,3228,3715,3858,3336,935,66,276,2026,774,1672
req_001687,130000,2,1,1,26,0,0,-2,0,0,0,7373,7410,0,6047,6102,5275,4349,4503,0,3492,5241,4907
req_001688,260000,1,1,2,28,-1,-1,-1,-1,-1,-1,125101,121433,89569,107646,100717,95274,84602,101013,86258,83422,91148,84461
req_001689,70000,2,2,1,27,-1,0,0,0,0,1,24636,19899,21460,25817,17602,20985,19994,4533,11014,18899,8237,254
req_001690,60000,2,3,2,25,0,1,1,1,2,2,24920,26996,33732,30845,22592,22146,15117,966,2650,69,524,3617
req_001691,140000,2,3,1,29,-1,0,0,0,0,1,62569,52916,57279,55919,42854,53452,45750,17224,29992,52197,20368,1690
req_001692,180000,2,3,1,26,0,0,0,1,-2,-2,113252,85672,88813,95613,0,0,89878,67209,46304,1449,0,0
req_001693,20000,1,2,2,26,0,-2,0,1,2,2,1215,0,1144,1073,988,1061,1101,0,660,216,17,66
req_001694,150000,2,2,2,29,0,0,-1,-1,-1,-2,28666,33948,27322,29983,23462,0,15351,19852,11513,23169,6285,0
req_001695,250000,2,1,2,25,-1,0,0,0,-2,0,50342,67019,65775,64042,0,41138,28218,23998,23857,9095,0,36972
req_001696,160000,1,2,2,22,-1,-1,-1,-1,-1,-1,32562,46764,43419,39068,37861,44909,23300,45050,25191,6257,35844,32403
req_001697,130000,2,2,1,25,2,1,1,1,0,0,20847,23607,21202,27043,22257,22372,1816,3094,9827,1525,20143,11437
req_001698,90000,2,2,2,27,0,-1,1,1,0,-2,29114,40266,30794,36521,29158,0,17156,10684,3726,1932,24663,0
req_001699,140000,1,2,1,23,1,1,0,0,-2,-1,38082,27585,26012,27046,0,37660,5692,2405,15829,23071,0,26636
req_001700,20000,2,1,2,24,-1,0,-1,-2,-1,-1,6029,6102,7542,0,4290,6505,4251,4896,2875,0,2833,4818
req_001701,70000,2,2,2,29,-1,0,-1,0,-1,-1,17774,25525,23490,19614,21628,19460,9503,9138,15332,9850,20962,12087
req_001702,30000,1,2,2,28,0,1,0,1,1,0,5486,5817,4610,5481,5999,4712,1689,342,2269,328,300,1202
req_001703,100000,2,1,1,26,-1,-2,0,0,0,-2,13328,0,9850,8413,15548,0,2520,0,8402,2378,13205,0
req_001704,60000,1,2,3,24,-1,0,-2,0,0,0,3550,2986,0,2986,2179,2569,2402,1917,0,2457,1165,1778
req_001705,90000,1,3,2,29,-2,1,2,2,3,1,0,44693,41849,48886,39417,49744,0,941,9820,1304,1822,3094
req_001706,120000,2,2,2,24,-1,-1,0,-1,-1,0,44494,58696,53108,53638,50722,58415,29156,30578,44786,41577,20241,43002
req_001707,80000,2,1,2,28,0,0,0,0,-1,-1,16639,14616,17079,12673,13005,15098,14781,12259,11508,9678,9591,4900
req_001708,30000,1,1,2,24,0,1,3,5,6,6,9272,9636,11161,8591,7637,8656,2250,53,1686,1590,10,90
req_001709,120000,2,2,2,28,1,1,-2,0,-2,0,40582,43524,0,41896,0,34025,1241,934,0,27869,0,26744
req_001710,100000,1,1,2,26,0,0,-2,0,0,0,37509,47769,0,36648,31375,41673,26727,15288,0,26837,16721,35363
req_001711,50000,1,2,2,27,1,1,0,1,2,2,25244,24497,25145,22295,20122,23756,688,730,8017,1330,1408,35
req_001712,190000,2,3,1,28,-1,0,-1,-2,0,0,25704,23186,20321,0,29133,24328,19738,22026,16203,0,21340,18023
req_001713,180000,2,2,2,22,-2,-1,-1,-2,-1,-2,0,91875,85466,0,81060,0,0,73632,57868,0,23392,0
req_001714,40000,2,1,1,26,0,0,-2,-1,0,0,22386,20054,0,18092,20645,20815,7966,18526,0,13480,19705,12399
req_001715,160000,1,2,2,24,2,1,1,1,-2,0,52652,60893,65247,58691,0,50697,9355,5745,9599,12462,0,15929
req_001716,300000,2,2,2,28,-2,1,-2,-1,-1,0,0,210391,0,230838,190898,170861,0,7103,0,64507,170407,44612
req_001717,50000,2,2,1,27,0,0,0,0,0,1,16261,14247,12520,13719,12930,11425,6310,11024,10450,12918,12220,504
req_001718,30000,2,2,2,26,-2,0,0,0,0,1,0,9027,8334,5924,6943,6887,0,8370,5807,2424,1780,12
req_001719,210000,1,1,2,24,0,1,0,0,1,1,41338,36396,37599,35249,34999,37055,23916,3498,20796,20419,1502,3889
req_001720,80000,2,1,2,26,-1,-1,-1,0,-2,1,12790,20130,19228,20605,0,14665,10378,8764,18013,16174,0,1528
req_001721,150000,2,2,2,25,1,1,-2,0,0,0,37687,39523,0,32692,30361,36753,274,6416,0,30818,23867,14317
req_001722,110000,2,2,1,27,0,0,1,1,-1,-1,37768,33023,35399,30988,34978,41200,21973,7943,6320,6106,33616,21485
req_001723,60000,2,2,2,27,-1,0,0,0,0,0,30370,22819,28390,18036,19456,24738,18352,7623,20091,10124,15632,12916
req_001724,60000,2,1,1,24,0,0,-1,-1,-1,-1,44726,39032,47287,39399,57851,42478,36445,19738,36852,11338,33394,25426
req_001725,50000,1,1,1,28,-2,-2,0,0,0,1,0,0,19710,22237,20068,19507,0,0,15716,12571,14188,648
req_001726,110000,2,2,2,24,0,0,0,0,0,0,34457,34376,35147,38273,36771,30502,31568,28541,15441,20252,24205,28241
req_001727,90000,1,2,1,24,0,0,-2,1,2,2,11932,10547,0,7923,14427,9295,6497,6311,0,377,187,700
req_001728,40000,1,2,2,27,-2,1,0,0,1,2,0,10868,10104,9636,7911,9260,0,2299,6301,7518,59,157
req_001729,70000,2,2,2,28,-1,-1,0,-1,0,1,26354,21986,19508,22790,18231,22279,15992,19332,15530,10450,8030,1756
req_001730,90000,2,1,2,29,-2,-1,0,0,0,0,0,38762,37160,39112,42734,27223,0,15955,7298,20174,12196,6604
req_001731,100000,2,2,2,24,2,1,1,1,0,-1,56289,45963,44493,43850,40748,37890,8058,3594,143,1198,19185,31984
req_001732,180000,1,1,1,27,-1,0,-1,0,0,-2,62502,59621,53980,63693,55270,0,24762,52759,48688,36587,40390,0
req_001733,190000,1,1,2,26,-1,0,0,0,-1,-1,56740,73466,61782,69084,69711,72231,15341,19317,41662,40675,21603,43508
req_001734,390000,2,1,2,29,0,-1,0,0,0,-1,200547,180765,153431,136798,149786,149514,197739,118043,118060,78903,110462,50159
req_001735,50000,2,1,2,25,0,0,0,1,0,0,34647,38737,37848,41211,36789,41635,18648,21393,19930,2685,24985,28026
req_001736,100000,2,1,1,25,0,0,-1,-1,-1,-1,40256,34526,35227,29117,31665,36857,18450,9069,28499,16940,2653,26251
req_001737,40000,2,1,1,27,1,1,1,1,0,1,20971,23005,21730,17913,14120,20204,108,529,810,2593,8152,3942
req_001738,70000,1,2,1,25,0,1,1,1,-2,0,8160,7873,7954,6568,0,5780,6621,336,362,903,0,3327
req_001739,70000,2,1,1,24,0,0,0,0,0,0,13267,9117,12815,12064,13814,12042,9686,4665,6351,5541,10588,8806
req_001740,130000,1,2,2,25,0,0,0,-1,0,0,51680,83248,76441,74356,66021,63906,33197,74544,45207,22209,45689,39736
req_001741,70000,1,2,1,26,1,1,0,0,-2,0,33508,30111,30635,33447,0,31245,262,580,21110,14702,0,22108
req_001742,40000,1,1,2,29,0,0,-1,0,0,0,12129,9672,11970,12545,8031,12960,10945,4177,11688,9275,4241,3003
req_001743,350000,2,2,1,27,0,0,0,0,0,1,70819,57766,57483,53771,47840,40249,55758,31072,34176,46658,20863,2320
req_001744,90000,1,2,1,24,2,2,2,0,0,0,15408,13590,13207,15814,17064,14944,4761,4922,8,11460,14288,14162
req_001745,200000,2,2,2,22,0,-2,0,1,1,1,78508,0,75248,68464,60214,53448,66324,0,13873,826,4425,1858
req_001746,210000,2,1,1,25,2,0,1,0,-1,0,128671,114013,136325,112027,118525,109401,7301,49573,4642,88880,23269,59524
req_001747,60000,2,1,1,29,-2,1,-2,0,0,0,0,15540,0,16368,12095,10651,0,416,0,4803,6197,3813
req_001748,70000,2,2,1,22,0,0,0,0,0,-2,10784,12961,11297,11116,10550,0,6857,5916,10110,8193,2264,0
req_001749,170000,2,1,2,29,1,1,1,0,0,0,130848,111735,124003,123840,132019,88089,7858,2120,36298,23374,76641,63742
req_001750,20000,2,2,1,22,1,0,0,-1,-2,0,5765,6498,7276,6750,0,5928,79,3775,2169,4661,0,4265
req_001751,100000,1,2,2,27,0,0,0,0,1,0,9194,8521,9326,6634,9825,7984,6504,1210,7967,1760,974,5884
req_001752,120000,2,2,1,26,0,0,-1,-1,-1,-1,32987,40077,36851,33088,37793,40316,18583,31779,29907,27313,34564,25667
req_001753,80000,1,2,3,24,-2,-1,-1,-1,-1,-1,0,5021,6316,6398,5558,5074,0,3251,4123,4915,792,3866
req_001754,40000,1,1,1,28,-1,0,0,0,-2,-2,10541,11201,14126,10332,0,0,1650,7786,13756,2359,0,0
req_001755,170000,1,1,1,23,-2,-2,0,0,0,0,0,0,101946,94904,104448,83384,0,0,58818,61810,61589,29942
req_001756,80000,1,1,1,22,0,0,0,0,-2,0,21783,14605,17779,14816,0,16796,4923,14212,13774,9532,0,14311
req_001757,80000,1,2,1,28,0,0,0,0,-2,1,5282,6519,7608,6821,0,5292,2931,3005,7223,3452,0,443
req_001758,150000,1,1,2,26,0,0,0,-1,-1,-1,49604,63158,50837,51145,55498,51580,36906,25405,42683,44334,26551,28261
req_001759,40000,2,2,2,28,1,1,1,-1,-1,-1,15976,15784,12025,9763,12596,12895,1769,2334,366,3743,6483,6985
req_001760,90000,2,2,2,26,1,1,0,1,1,-2,34553,33919,37189,27794,32429,0,8071,4478,18509,2636,6489,0
req_001761,80000,1,1,2,26,-1,0,-2,0,0,0,46091,52544,0,54883,25303,47695,33872,40575,0,13572,9459,7851
req_001762,80000,1,2,2,24,-2,0,-1,0,1,2,0,3094,2522,3862,3493,3963,0,784,1974,1561,528,129
req_001763,60000,2,2,1,29,1,1,0,0,-1,-1,25698,28653,35025,27900,32119,27976,2154,742,15671,27582,27644,18129
req_001764,80000,1,1,2,29,0,-2,-1,0,-1,-1,25652,0,22550,28351,25552,25721,13180,0,20000,17407,21382,6606
req_001765,50000,2,1,3,25,-1,-1,0,1,0,2,19623,18308,19328,24217,17057,22404,8051,14099,4081,2777,12936,2800
req_001766,80000,1,3,2,26,0,0,0,0,0,0,22334,16580,19315,20712,22517,18295,6774,7618,8692,17367,14037,16454
req_001767,120000,1,3,2,23,0,0,-2,-2,-1,-1,10513,8454,0,0,7688,10209,5707,6499,0,0,6519,2758
req_001768,220000,2,1,2,23,-2,2,1,0,0,-1,0,84538,90148,70089,114206,81321,0,10089,10883,32535,57285,30496
req_001769,120000,1,1,2,27,0,0,0,0,0,0,20263,35926,32719,21836,21309,19056,11598,18703,21910,18232,5778,17188
req_001770,240000,1,1,1,22,1,2,0,1,0,-1,171227,226246,175695,148368,154137,151431,12300,14519,42264,12338,101792,132215
req_001771,120000,2,1,2,29,0,-2,0,0,0,0,57527,0,74278,65107,61754,56123,52798,0,40100,24518,23540,38762
req_001772,110000,2,2,2,27,-2,6,1,0,1,0,0,9950,7606,9261,9275,7447,0,1001,1058,4913,2181,7073
req_001773,30000,2,1,2,29,0,0,0,-1,-1,-1,10677,11695,12554,10813,11991,13967,6268,10029,5382,4831,6727,4033
req_001774,90000,2,2,1,25,0,0,0,-1,-1,0,13824,15646,16028,17307,17799,13660,1954,13518,13799,10042,10043,11404
req_001775,40000,2,1,1,25,2,1,0,0,0,1,7574,9487,7150,10675,9286,6760,886,1786,2009,8988,3924,163
req_001776,80000,2,2,1,25,-1,-1,-1,-2,-1,0,35071,38593,36246,0,29926,45619,19312,22870,31436,0,5947,21891
req_001777,190000,1,1,2,28,0,-1,-1,0,0,0,40641,43405,34455,47070,31023,33503,16387,19262,30295,38532,17546,30735
req_001778,240000,1,2,2,25,0,-2,0,1,0,0,21753,0,25206,21652,22685,19820,19365,0,21702,1440,10283,16358
req_001779,110000,1,2,1,29,0,0,-2,-2,0,0,13346,10386,0,0,9623,13474,6555,7546,0,0,8024,7102
req_001780,70000,1,2,1,29,0,0,1,0,-1,-1,10128,10510,9554,11843,8233,9281,9014,6937,236,8765,1736,6396
req_001781,90000,2,1,1,22,0,0,1,2,1,0,50989,63626,58749,44147,48032,55050,32973,38289,563,4631,2616,28732
req_001782,220000,1,2,2,28,1,1,-1,0,0,2,74806,49308,57120,50852,54518,54586,1477,1553,46042,45499,14029,9582
req_001783,90000,2,3,2,25,0,1,1,0,-2,0,13296,14287,12099,17535,0,9267,5875,3859,2771,5805,0,9168
req_001784,30000,2,3,1,29,0,1,-2,0,0,0,9096,11129,0,10342,10866,11042,6685,128,0,4423,10384,9894
req_001785,30000,2,1,2,24,1,1,-2,0,0,0,12054,12262,0,12955,14070,10548,632,2930,0,1527,10113,10309
req_001786,80000,2,3,2,28,-1,0,0,0,0,0,12614,15696,18394,10387,10638,14108,11557,14061,12740,7837,4866,5578
req_001787,60000,1,1,1,24,0,0,0,0,0,-2,45217,46858,46479,31051,37151,0,41256,16702,11441,27828,23468,0
req_001788,100000,2,1,2,29,0,0,-2,-1,-1,-1,41238,48726,0,43380,36398,32422,27949,46035,0,7575,10377,18018
req_001789,240000,2,3,2,29,-1,-1,0,0,-1,-1,165956,187126,156779,176883,131362,155206,145854,167237,76633,119321,99211,67141
req_001790,20000,1,2,1,28,0,-1,-1,0,-2,-2,6096,6521,6843,6431,0,0,4805,1011,5235,2514,0,0
req_001791,40000,1,2,2,24,-2,0,1,-2,2,-2,0,6287,6648,0,5695,0,0,4231,2727,0,439,0
req_001792,130000,1,3,2,29,0,-2,-1,0,-1,0,12969,0,10999,10793,10689,7643,3219,0,5473,8799,6054,3285
req_001793,40000,2,3,1,27,-2,2,3,1,0,0,0,19535,21290,13382,13306,14857,0,4182,872,4811,11556,7645
req_001794,60000,2,2,2,25,0,0,0,0,2,2,14839,16741,17219,14495,15011,19501,6617,12962,14531,12584,277,650
req_001795,60000,2,2,1,26,1,0,-1,-1,-1,0,16470,36099,30236,25142,22876,27115,1413,28420,22751,20481,11648,24606
req_001796,110000,2,3,2,24,0,-1,-1,0,-1,-1,69220,58361,62363,57398,54906,53833,45342,23205,42616,21933,47696,47777
req_001797,90000,2,1,1,27,0,0,0,-1,-2,0,43639,46627,37453,40497,0,43828,29819,18155,14321,4802,0,26877
req_001798,200000,2,1,1,26,0,-1,-1,-1,-1,-1,90130,69451,96576,78361,78136,84752,33708,42184,62447,6549,61105,36674
req_001799,40000,2,2,1,24,-1,-1,-2,-1,-1,-1,18123,19741,0,18226,15882,14877,4161,11254,0,9620,11504,13975
req_001800,90000,2,1,2,29,-1,0,0,0,0,-1,10055,17876,14652,15611,15273,15540,2824,6593,10944,9637,10915,9117
req_001801,110000,1,1,1,29,-2,0,0,0,0,0,0,20164,21286,24108,20702,18309,0,17118,12743,23173,11118,4029
req_001802,110000,2,3,2,29,-1,0,1,1,2,0,49014,50381,47288,46819,58745,46400,29242,22249,7351,893,3250,34038
req_001803,130000,2,3,2,27,1,-2,0,1,1,2,24920,0,30860,23497,26033,28151,4027,0,22831,2871,2414,4195
req_001804,30000,2,1,1,28,-1,0,0,0,0,-2,20490,17088,18422,16474,19547,0,13808,8149,9031,9064,10875,0
req_001805,110000,2,2,2,22,-1,0,0,2,0,0,40169,35496,30938,31855,41162,37161,20271,11463,5496,6591,27837,26962
req_001806,110000,2,2,2,28,-1,-1,0,-1,0,0,41011,48360,37996,36413,37300,32817,14705,10857,3150,6754,33835,25762
req_001807,170000,1,1,2,25,-2,0,2,-2,1,5,0,51804,78567,0,68986,61913,0,35612,21114,0,2630,10141
req_001808,110000,2,2,1,28,0,1,0,0,0,0,45745,58304,59403,63597,60977,41662,24368,4479,23324,53091,43647,33997
req_001809,190000,2,2,2,21,2,1,1,2,2,-2,44971,48655,45727,36040,44886,0,2897,7010,227,44,7548,0
req_001810,200000,2,1,2,27,0,0,0,0,0,-1,91419,167034,120931,116117,117891,125230,21735,73419,99174,105999,109491,115771
req_001811,60000,2,1,2,28,0,0,0,-2,0,1,21253,26944,26049,0,29340,25110,20297,21324,13675,0,15209,911
req_001812,60000,2,2,1,27,-1,0,-2,0,0,1,5267,4141,0,4136,4879,3341,4445,3081,0,1056,3780,852
req_001813,50000,1,1,1,28,-2,0,-1,0,0,0,0,10278,11604,10704,11561,12003,0,5192,10200,9512,8609,11032
req_001814,30000,2,2,2,24,2,2,1,2,0,-1,26948,19200,24468,20886,24923,21878,6418,374,83,1003,19336,4604
req_001815,40000,2,1,2,26,-1,-1,0,0,-2,2,3074,2892,1916,2778,0,2792,2629,2070,1114,1259,0,290
req_001816,70000,2,1,2,26,1,1,2,1,1,1,43309,31167,35357,31335,33621,32477,4875,9641,6198,3512,3382,4168
req_001817,340000,2,2,2,27,0,1,0,2,1,1,13983,13015,14044,11901,11967,9199,12689,221,6914,28,303,628
req_001818,70000,1,2,1,25,2,0,1,0,1,0,17776,15692,13193,17124,18070,17141,998,3269,1147,11982,867,16340
req_001819,210000,2,1,2,27,-2,0,-2,-1,-1,-1,0,102311,0,75604,81035,89560,0,55813,0,72856,63139,86087
req_001820,90000,2,1,2,26,0,0,0,0,2,0,7333,6894,6399,4743,5825,6163,1701,3444,2712,3617,421,4180
req_001821,540000,2,2,2,29,0,-2,0,-1,-1,-1,399560,0,358844,363790,339086,226757,240717,0,242703,280065,157095,98356
req_001822,90000,2,1,2,28,0,0,0,0,0,-1,11418,13915,11958,12300,13979,13635,9485,4690,7286,8817,13194,10793
req_001823,80000,2,1,1,27,0,0,0,0,-1,0,21116,19906,20466,17456,20970,21704,16866,11287,11852,3815,9131,14934
req_001824,80000,2,1,1,25,0,1,0,0,0,0,26692,24355,34262,36026,29639,27594,16708,1622,32246,21136,11772,18952
req_001825,140000,2,2,2,29,0,-1,0,-1,-1,-1,25847,24589,23767,26264,25864,26156,14040,17545,20096,20612,18096,21387
req_001826,40000,1,2,1,26,0,1,0,0,-1,0,22961,18544,18470,17116,14117,18842,13649,1781,12878,13882,11570,17765
req_001827,60000,1,3,1,28,-1,0,0,0,1,1,1764,1326,1781,1577,1622,1953,1707,1097,835,1111,11,170
req_001828,50000,1,2,2,22,0,0,0,1,1,0,10560,12080,10341,8255,9651,9578,4179,10215,6614,914,132,5534
req_001829,70000,1,1,1,25,0,0,-1,-1,-1,-1,23249,25907,29304,28441,27877,25529,17514,23930,11847,20061,12139,22055
req_001830,140000,2,1,2,28,0,-1,-1,-1,-1,0,41628,55476,57835,36094,43948,39240,24647,31189,41827,16699,14622,23575
req_001831,100000,2,2,2,28,0,0,0,0,2,2,31712,26625,32873,31650,28999,28670,15319,7929,24074,24719,3218,4446
req_001832,70000,2,2,2,27,0,0,-1,-1,-1,-2,11983,11670,8879,12161,8795,0,6304,9302,6114,3639,3457,0
req_001833,20000,1,2,1,26,2,0,0,-1,-1,0,10945,9371,8615,8538,9961,8907,1097,1021,6255,7794,8104,3155
req_001834,160000,1,3,2,24,1,-1,0,0,0,0,36303,40398,42347,38551,46531,36462,155,29196,12510,32314,19497,21131
req_001835,30000,1,2,2,29,0,-2,2,2,2,1,17591,0,16036,17817,15430,15941,8481,0,497,10793,2568,1858
req_001836,40000,2,2,1,28,0,-1,-1,0,0,0,12717,12306,10363,13295,14242,11022,11879,6659,5681,7686,10662,9317
req_001837,130000,2,3,2,28,0,0,0,1,0,0,15504,13169,12375,10568,12800,11928,8903,10722,11483,195,8083,5509
req_001838,70000,1,2,2,22,0,0,-1,-1,-1,-1,33074,29023,32640,20373,28754,21614,8762,19005,16022,10896,18706,18284
req_001839,90000,1,2,1,28,0,0,0,0,-2,-1,51415,57792,49357,51410,0,41680,49741,30757,41903,26442,0,26063
req_001840,210000,1,3,2,29,1,2,2,2,0,0,111619,135883,111545,110586,117317,104503,18266,17718,13048,9337,52990,56047
req_001841,40000,1,1,1,27,1,0,0,0,0,1,4599,4903,4945,5861,6071,6126,530,4179,3866,1626,1695,342
req_001842,110000,2,3,2,26,-1,-1,0,0,2,0,16257,16154,18527,14922,15343,18251,11866,1605,8827,8682,601,11455
req_001843,60000,2,1,1,25,-2,-1,-1,0,0,-2,0,18082,14040,14309,18041,0,0,17578,9901,13893,13505,0
req_001844,310000,2,1,2,26,-1,-1,-1,-1,-2,-2,31123,37828,27894,31012,0,0,4949,31778,16175,6977,0,0
req_001845,140000,2,1,2,25,-1,-1,-1,0,1,0,47841,39384,54789,33523,50976,46974,9682,28432,40056,14854,10066,31957
req_001846,80000,1,1,1,24,0,0,0,-2,1,0,28821,20974,28365,0,32332,29145,8722,7897,24161,0,3070,20647
req_001847,210000,2,1,1,28,0,-2,1,0,-1,-1,80221,0,78400,68047,66006,61139,70022,0,32853,58642,46898,28098
req_001848,50000,2,2,1,27,0,0,0,0,0,0,13525,14168,13303,10588,12507,11960,8812,7706,5466,6666,10819,8526
req_001849,120000,2,3,1,25,-2,1,0,0,1,0,0,23473,22413,16347,12795,18972,0,3026,18387,11064,2118,10561
req_001850,40000,2,1,2,27,0,0,-1,0,0,1,11758,8851,13426,11382,12801,10380,7482,5610,7223,3944,251,474
req_001851,50000,2,2,1,25,1,0,0,0,0,1,37405,29595,35704,44463,38415,27274,1406,20139,25186,28620,27515,1322
req_001852,70000,2,1,2,26,0,0,0,1,0,-1,3220,3472,4172,4075,3723,4479,1249,537,3820,959,1111,3948
req_001853,30000,2,2,1,25,0,0,0,2,1,-2,4741,4168,4069,4394,5400,0,2930,3900,3217,414,874,0
req_001854,50000,2,2,2,28,0,-2,0,-2,-1,0,21508,0,15210,0,19170,16729,16295,0,14763,0,8958,4371
req_001855,50000,1,1,1,24,1,0,1,2,0,0,36710,44025,38417,43862,46284,45219,4675,18559,7657,3048,24165,30663
req_001856,40000,2,1,1,28,1,-2,-1,-1,0,-2,29294,0,22496,25416,20736,0,8463,0,9209,22490,10894,0
req_001857,120000,1,2,1,26,0,-1,-1,0,0,-1,41873,41605,51562,27123,48431,38109,15509,7080,34355,19575,34867,29232
req_001858,70000,2,3,1,27,0,0,0,-2,0,0,41105,26032,27566,0,24848,33725,16916,19354,14796,0,22630,18878
req_001859,20000,2,1,1,29,0,0,0,-2,-2,0,4317,3884,4773,0,0,3750,2595,2439,4034,0,0,2222
req_001860,60000,1,1,1,29,-1,-1,0,0,-1,-1,42146,42508,42797,46804,39847,26050,1319,19297,16352,36310,22391,22133
req_001861,190000,1,2,1,25,-1,0,-2,0,0,1,153821,147397,0,113783,123586,143567,66121,76004,0,100774,111672,7580
req_001862,190000,2,3,2,29,0,0,1,1,0,0,15718,12248,14783,16280,12968,14496,14830,4242,1444,1334,7868,3423
req_001863,110000,1,4,2,26,-2,-1,-1,0,-1,0,0,16934,18167,17414,16544,17477,0,5764,11744,11130,15135,15134
req_001864,30000,2,2,2,23,0,0,0,1,0,1,1640,1652,1586,1661,1796,1670,1399,1447,994,266,1104,65
req_001865,100000,2,2,2,29,0,0,0,0,0,0,39179,46290,49313,36721,39012,36429,18543,39700,43769,33403,19191,27770
req_001866,140000,1,2,2,28,0,0,0,0,0,0,32102,33083,35967,26221,24412,36889,29640,14926,26603,24474,17523,23812
req_001867,200000,2,3,2,29,0,0,0,0,0,-2,73259,93063,79162,77671,71800,0,33274,85993,69731,77366,50747,0
req_001868,280000,2,1,1,28,-1,-1,-1,-2,-1,0,28919,31347,23301,0,28329,22192,22535,21671,14025,0,19311,13666
req_001869,30000,2,2,1,29,0,0,-1,-2,-1,0,15688,15882,19688,0,16625,16832,13337,10488,18892,0,11109,2359
req_001870,170000,2,1,1,29,2,-2,-2,-1,0,-1,75317,0,0,82117,85626,93109,20325,0,0,69804,55556,70700
req_001871,20000,2,1,2,26,0,0,-2,0,0,0,6294,6619,0,5222,8583,6828,4241,1656,0,4385,2955,2971
req_001872,110000,1,2,1,29,-2,-1,-1,0,0,0,0,12565,13535,11357,13453,15999,0,7827,8906,3675,13354,14676
req_001873,50000,2,3,1,29,0,0,1,0,0,-1,1201,1288,1165,985,829,1090,749,1134,43,712,158,635
req_001874,60000,1,2,1,28,0,-1,-1,0,1,0,22027,24980,24452,22162,22972,22067,17329,17154,17885,16007,296,6979
req_001875,360000,2,1,1,26,-2,0,0,0,0,-1,0,63845,80050,61392,42293,57849,0,25624,65845,57306,36598,57430
req_001876,100000,2,2,2,28,0,1,1,1,1,0,8133,7864,5573,7440,6645,5669,5477,947,519,973,587,1128
req_001877,90000,2,2,1,27,0,0,0,-2,1,-2,38734,45741,59539,0,51343,0,21447,23926,58631,0,12824,0
req_001878,60000,2,3,1,29,-2,-1,-1,-1,-1,0,0,22335,23031,20903,24993,22946,0,7788,7845,9287,19845,7042
req_001879,40000,2,1,1,24,-1,0,0,-1,-2,-2,11343,9550,11808,9598,0,0,6400,7284,10780,1748,0,0
req_001880,210000,2,2,2,24,0,0,0,0,0,1,136847,119641,128332,164045,114837,91594,92763,79204,112347,154914,47933,16777
req_001881,70000,1,2,1,28,0,0,0,1,1,0,14552,15026,13759,14852,14518,10457,9748,8781,4173,804,433,6924
req_001882,330000,2,1,2,27,0,0,-1,-1,0,-2,23855,16218,19346,18886,23403,0,9159,6507,13464,14701,18635,0
req_001883,90000,2,2,2,28,0,-1,-1,-1,-1,-1,40461,67765,57074,58932,52899,64768,26521,21520,17617,42178,19672,17264
req_001884,290000,2,2,1,29,-1,0,-1,0,1,-2,81475,81359,105173,141544,82017,0,42760,37146,94862,9614,13229,0
req_001885,180000,2,1,1,28,0,-1,-1,-1,-1,-1,90798,111744,100836,85224,100756,81966,54088,65013,77054,74520,81643,79648
req_001886,170000,1,2,1,24,2,2,1,-1,-1,-1,119297,116468,109826,144624,106833,134900,22327,1587,10127,118681,101248,23245
req_001887,60000,1,2,2,24,0,-2,-2,0,0,0,14456,0,0,14665,14545,16511,5856,0,0,12445,6933,9219
req_001888,100000,1,2,2,29,0,0,0,0,0,-2,24928,23550,22075,15936,21761,0,15939,12414,12976,5632,11328,0
req_001889,70000,2,1,1,27,1,0,0,1,0,0,18405,18374,14850,14584,16643,17415,139,6406,13914,3762,9530,12324
req_001890,50000,2,2,1,28,-2,0,1,0,0,0,0,4628,4878,3487,4194,4039,0,2629,177,2168,2236,2983
req_001891,80000,2,2,2,28,1,1,1,2,2,2,58828,48381,46483,53702,47267,33773,3180,12012,2172,1361,2458,1990
req_001892,60000,1,2,1,27,0,1,1,0,0,-1,19080,17758,18255,23793,25157,18986,1799,396,100,14509,17184,6920
req_001893,50000,2,2,1,28,0,0,-1,-1,-1,0,19487,20156,17734,15304,18563,16627,7111,8986,13943,10734,14771,10267
req_001894,20000,2,2,1,27,-1,-1,-1,0,0,1,9176,6738,7655,8863,8218,8127,6974,2762,2206,8061,4536,12
req_001895,40000,2,1,1,26,-1,0,-2,2,2,2,19718,15006,0,17449,12618,15806,16801,11591,0,2439,736,1817
req_001896,190000,1,2,1,22,2,2,1,1,0,0,58079,68521,55290,61336,80023,55632,2918,17164,3109,378,62667,33948
req_001897,180000,2,2,2,28,-1,0,-1,-1,-2,-1,86927,96546,100605,60149,0,101224,72804,77739,21560,21050,0,73629
req_001898,80000,2,1,2,28,0,0,0,1,0,0,22987,22843,26696,17318,22199,28379,16688,18395,24851,959,16466,24643
req_001899,50000,1,3,2,26,-2,-1,0,0,0,0,0,10351,9175,6460,9264,8591,0,4128,4977,1090,2843,5052
req_001900,40000,1,2,1,29,0,0,1,1,2,-2,21280,20514,18105,16230,21167,0,12698,10375,804,832,421,0
req_001901,110000,2,2,1,28,0,0,-2,1,0,0,84119,63722,0,94685,74833,76531,52820,33257,0,8310,53526,57941
req_001902,100000,1,2,2,26,-2,0,0,0,-1,-1,0,9882,8801,10035,8276,7777,0,9284,2509,7449,7132,6759
req_001903,70000,2,2,2,24,-1,1,0,0,-1,-1,17658,11708,13218,16911,13711,13760,3698,288,3903,12851,11933,5493
req_001904,60000,2,3,2,27,0,0,-2,0,0,0,18095,15733,0,20223,16915,16399,16711,3773,0,13780,6283,6510
req_001905,40000,2,3,2,29,0,0,0,1,2,-2,5373,7285,3405,5123,5559,0,2212,4803,2812,424,30,0
req_001906,110000,2,2,2,28,1,0,0,0,0,0,49830,60505,56088,62459,46048,53193,286,32978,22005,33267,26035,13220
req_001907,230000,1,1,1,25,-1,-1,0,0,0,0,98295,103934,101023,88550,94970,127838,59058,58663,83796,66569,32993,39393
req_001908,30000,2,2,1,28,0,0,0,0,0,1,14768,11371,16389,13182,16183,10681,4997,4903,5613,12739,8343,890
req_001909,220000,2,1,1,25,0,-2,0,0,-1,-1,43977,0,34373,33509,25411,28650,27883,0,10557,29336,19386,9092
req_001910,140000,2,2,2,26,0,0,0,-1,0,0,78158,60267,64037,67434,55930,57388,22372,39587,33147,56058,22159,51092
req_001911,60000,2,2,2,25,0,0,0,0,1,-2,10650,11559,11258,10828,13423,0,8113,4048,7987,9235,2383,0
req_001912,100000,2,2,2,28,0,-1,1,1,0,0,36237,42665,40578,42513,32980,46924,33771,28301,406,5423,7603,32118
req_001913,150000,2,1,2,23,-1,-1,0,0,0,1,63598,48560,62288,52834,72372,64200,48877,26047,46045,32790,62442,45
req_001914,70000,1,2,2,28,0,0,0,0,0,0,25374,26020,21238,30125,29222,25832,19992,10557,20569,24047,27039,8671
req_001915,90000,2,3,2,29,1,-2,0,0,1,1,45848,0,41771,39728,32315,47153,2548,0,23078,22442,304,1932
req_001916,90000,2,2,2,23,0,1,1,2,1,0,43782,32433,46203,42605,34470,33037,30388,1935,7042,4101,319,28481
req_001917,130000,2,2,1,24,0,0,0,0,-2,-2,53713,49688,55880,43285,0,0,28990,45878,37720,37236,0,0
req_001918,50000,2,2,2,29,0,0,-1,0,0,1,19712,22415,22038,20068,18209,22721,13995,15243,19215,17879,13992,1466
req_001919,80000,2,1,3,24,0,0,-1,-1,0,0,35710,48419,40020,45263,37275,33391,24912,15441,28915,26921,31733,19551
req_001920,100000,1,3,1,23,-1,-1,-1,-2,-1,-1,55188,49170,70019,0,68529,82285,28172,23499,13895,0,58447,38322
req_001921,180000,2,2,1,22,0,-1,-1,0,-1,0,109821,100358,107793,97874,123080,87558,55911,67414,92914,54718,88758,75627
req_001922,270000,1,1,1,28,0,-1,-1,-1,-1,-1,70457,53410,77084,59428,61543,57882,34145,33008,55569,39179,11686,29600
req_001923,30000,1,2,1,29,0,1,2,2,2,-2,11443,10482,10473,8520,9338,0,5066,403,158,3467,823,0
req_001924,30000,1,2,1,26,1,1,1,0,-2,0,16661,12077,17194,10900,0,10529,1012,1236,908,10110,0,6990
req_001925,80000,2,3,1,27,0,1,1,0,0,0,41060,46386,39560,42667,38617,51435,27219,312,4473,27044,18176,37126
req_001926,70000,2,2,1,29,0,0,0,0,0,0,8259,6854,6563,6825,5842,7505,6902,4229,4679,3963,5155,6888
req_001927,140000,1,3,2,28,-1,-1,-1,-1,-1,0,116642,111888,112363,118268,160894,85667,76206,21080,55294,83685,119516,74833
req_001928,20000,1,1,2,29,-1,0,0,0,0,-2,1042,958,885,712,615,0,269,317,820,170,267,0
req_001929,30000,1,1,1,26,1,1,1,2,0,0,8577,9109,10652,10975,7562,9037,349,71,1861,116,4746,6266
req_001930,310000,1,1,2,29,0,-1,-1,-1,-1,-1,70491,89071,70953,75210,72685,89501,56452,34056,37874,40541,63249,25713
req_001931,50000,2,1,2,28,0,-2,0,0,0,0,4261,0,4284,5886,4613,4138,3622,0,3822,4184,1101,1879
req_001932,20000,2,3,2,23,0,0,0,-1,-1,-1,4059,6116,7568,4391,5313,5897,1447,1376,3451,2351,1937,375
req_001933,110000,2,2,3,25,1,1,-2,0,1,0,65929,75328,0,70599,56824,56053,10311,1240,0,21923,3887,25820
req_001934,110000,1,1,1,26,-2,-2,1,2,0,0,0,0,26539,19392,23267,18060,0,0,19,1578,21758,13739
req_001935,70000,2,2,1,24,-1,-1,0,0,-1,-1,1293,1352,1475,1348,1279,1028,993,748,1232,1196,1025,796
req_001936,100000,2,1,1,25,0,0,0,-1,-1,-1,32361,33617,25257,32341,21543,24971,32133,31402,7308,19864,10746,17849
req_001937,120000,2,2,1,25,-1,-1,-1,-1,-1,0,42027,46337,41600,47617,39632,33785,11758,19813,24968,26135,31263,15784
req_001938,370000,2,3,1,29,0,-1,-1,-1,-2,-1,102301,91409,99294,92474,0,84360,33124,66176,59881,12355,0,64040
req_001939,40000,2,2,1,25,0,0,1,1,1,0,6599,6235,8028,6515,6188,6391,5553,2201,358,1798,420,5154
req_001940,130000,2,2,1,26,0,-1,-1,-1,-1,-1,8618,9779,9429,7864,9636,8451,4746,3330,8400,3873,6473,3957
req_001941,40000,2,1,2,28,-1,0,0,0,0,-1,16535,17607,20076,22934,19207,20493,8094,4477,13516,20224,16488,9726
req_001942,120000,1,2,1,29,-2,0,0,-2,0,-1,0,88777,50384,0,85161,68493,0,28571,41000,0,83963,27643
req_001943,180000,1,1,2,24,-2,-1,0,-1,0,1,0,69030,75474,80535,69313,70800,0,8136,69175,52794,66953,3142
req_001944,110000,2,3,1,24,0,0,0,1,0,0,57070,58280,63073,47925,53989,43857,37494,31374,42889,15520,41222,35858
req_001945,150000,1,1,1,27,1,1,0,0,0,-1,102443,100640,75489,75313,82171,74685,7940,3709,60258,44379,5318,29208
req_001946,60000,2,1,1,22,0,2,3,0,2,1,10072,9544,10615,10743,9610,10129,5453,1443,1984,4936,1359,759
req_001947,40000,2,1,2,25,0,0,3,1,0,-1,26746,20985,22568,24558,21277,19686,17721,18604,1238,2700,11953,8833
req_001948,40000,2,3,1,23,0,1,1,2,1,1,12853,13238,12599,14338,11556,13869,10281,2894,2147,1788,762,1472
req_001949,30000,2,1,2,28,-1,-1,0,0,1,0,18692,17418,15203,15849,19487,16453,10410,16369,10529,11357,1198,15151
req_001950,70000,2,4,1,22,0,0,0,0,-1,0,22828,17126,22892,19509,16277,20640,16921,14190,12325,11912,5851,6395
req_001951,60000,1,1,2,28,-1,-1,0,-2,-1,0,6644,4452,7619,0,4930,4949,2870,3933,4271,0,2899,4620
req_001952,100000,1,1,2,27,0,0,0,0,0,-1,27496,23773,25169,25649,19435,22401,26446,22200,19923,4124,18809,18691
req_001953,50000,1,2,2,23,1,2,1,2,1,2,29596,30861,15146,29700,31833,19326,3906,106,998,1185,5316,4076
req_001954,90000,2,1,1,23,-2,-1,-1,-1,-1,-1,0,30855,26232,30130,25370,28187,0,13410,24241,28795,16620,27973
req_001955,760000,1,1,2,26,2,1,0,0,-1,-1,157438,236240,304990,206179,170872,211758,848,6615,259235,42062,97135,168094
req_001956,60000,2,1,2,21,0,-2,0,-1,-2,-1,9536,0,11763,11243,0,17020,5963,0,8511,8880,0,5549
req_001957,150000,2,2,2,29,0,0,0,0,0,0,22056,31840,31799,30417,27987,23854,14746,27252,20101,14149,7531,5885
req_001958,190000,2,1,2,23,-1,-2,0,-1,-1,-2,20295,0,24632,19283,17900,0,18972,0,14171,17142,4738,0
req_001959,30000,1,2,2,29,0,0,0,0,0,0,17361,18668,23796,15936,20025,14055,10509,2927,10218,9722,18110,10059
req_001960,90000,1,2,1,29,0,0,0,-1,-1,-1,22670,20477,17705,19192,18369,19796,15102,15809,14472,11114,8600,6319
req_001961,50000,1,1,1,25,0,0,-2,-2,1,1,22187,16844,0,0,17405,15831,20705,13286,0,0,596,263
req_001962,50000,1,1,2,22,0,-1,0,0,0,0,30445,39270,30965,23881,31276,30401,12159,13913,3159,15568,25418,13531
req_001963,260000,1,1,1,23,-1,-2,-2,-1,-1,-1,67180,0,0,58100,57438,56097,52763,0,0,10756,41816,15377
req_001964,50000,2,3,2,25,2,1,0,0,0,0,14387,19133,15306,17013,15497,10099,228,83,15059,16398,13303,8431
req_001965,40000,1,2,2,28,-1,-2,0,-2,0,1,15584,0,16494,0,17901,17485,10864,0,11049,0,16130,4046
req_001966,130000,2,2,2,29,0,0,0,1,1,1,14250,14460,14494,17550,11552,12130,9718,9568,11007,719,1104,267
req_001967,240000,1,1,2,27,-1,-1,-2,-2,-1,-1,27146,34611,0,0,30940,36360,24356,8151,0,0,22299,24880
req_001968,80000,2,2,1,25,1,0,0,-1,-1,-1,22909,24965,34253,30507,27363,19411,3142,9772,15242,11726,20603,17279
req_001969,60000,1,2,2,26,3,1,1,-2,1,-2,19117,17001,14682,0,17201,0,1390,1197,2840,0,2362,0
req_001970,80000,1,2,1,26,1,1,0,0,1,2,38900,38174,38642,39411,36749,31287,7613,5570,23677,34425,1582,3075
req_001971,40000,2,2,1,27,3,1,0,2,2,3,23610,19459,26874,24069,21519,17119,4418,1360,18172,1323,284,2133
req_001972,80000,1,2,2,29,1,2,1,0,0,-2,57563,48510,59457,46544,33998,0,4892,1077,17163,39956,18959,0
req_001973,190000,2,1,1,29,-2,0,0,0,1,1,0,71669,97715,89031,77671,75694,0,11620,63602,73315,1831,10032
req_001974,110000,2,1,2,28,0,0,0,1,1,0,3910,3386,3065,3444,3280,3222,2661,780,577,665,231,1251
req_001975,150000,2,1,1,28,2,1,0,0,-1,-2,59100,47657,48516,43312,58483,0,10451,3128,38057,22274,5898,0
req_001976,270000,2,1,2,28,0,0,-1,-1,-1,-2,99546,111409,109529,131472,119424,0,53167,38750,67509,71525,62563,0
req_001977,240000,2,2,1,27,0,-1,-1,-1,0,-2,128208,126478,102197,106326,142425,0,112045,113789,67932,97828,108613,0
req_001978,90000,1,2,2,24,1,1,2,1,1,2,25889,33578,23653,27595,28420,31526,9582,4008,3612,7663,89,2219
req_001979,70000,2,1,2,27,-1,0,0,0,0,-2,13463,14437,10171,13256,10559,0,7847,12030,4522,11828,3789,0
req_001980,40000,2,3,1,26,1,1,0,0,0,-2,23464,16226,23450,18902,19820,0,1435,719,21037,11220,18130,0
req_001981,70000,1,1,1,24,0,1,1,2,1,7,39378,33894,46570,44520,43572,37962,30051,4358,5920,4377,10304,706
req_001982,200000,2,2,1,26,0,1,1,2,2,1,96346,95851,90769,100033,74123,84150,68651,3023,1132,4947,1890,4715
req_001983,110000,1,2,1,26,0,0,0,-2,1,1,53925,56957,62263,0,59209,51511,33331,51440,30050,0,5187,5201
req_001984,30000,2,2,1,28,0,0,1,-2,1,1,4545,4958,5338,0,5513,5154,3675,3274,573,0,1506,428
req_001985,40000,1,1,2,29,0,-2,-2,0,-1,0,14377,0,0,13176,12876,13320,6253,0,0,2135,11119,10648
req_001986,120000,1,1,2,24,0,0,0,-1,0,-1,15976,15866,19102,17059,16271,15294,8136,5463,12538,12702,13240,9128
req_001987,170000,2,1,1,24,0,0,-1,-1,0,0,13525,8308,14080,14950,11449,12325,6908,5241,2193,4262,6632,6585
req_001988,140000,2,1,1,26,-1,-1,-1,-1,-2,-1,6529,6602,7202,6078,0,5441,3767,5784,5557,3356,0,4383
req_001989,140000,2,2,2,27,0,0,-1,-1,-1,-1,16324,16310,19685,16061,17892,16210,14704,10036,11068,7576,5738,10052
req_001990,130000,1,2,1,28,-2,-1,-1,-1,-1,0,0,132491,102766,103269,130864,76550,0,26851,100541,94112,103653,54871
req_001991,20000,1,1,2,28,0,0,0,1,2,1,5795,4898,5958,4638,4536,5530,2324,2538,890,242,391,822
req_001992,160000,2,2,2,27,0,-1,-1,-1,-1,-1,22275,23566,24399,19076,24230,21576,17937,18640,22759,17937,17499,16889
req_001993,150000,2,2,2,28,0,0,0,1,0,0,62904,59881,68115,68946,53679,58160,44342,57948,54094,2079,48394,45451
req_001994,150000,2,2,2,26,0,-1,0,0,-1,0,76249,67703,82256,75756,60135,72156,35510,40398,28256,72284,36201,15179
req_001995,110000,1,2,2,27,0,-2,1,1,1,1,19046,0,18672,15296,17167,16503,9390,0,329,964,699,576
req_001996,380000,2,1,2,23,2,1,1,0,0,-1,113528,75754,91162,59665,86895,86363,5627,4214,4036,44837,61729,34282
req_001997,100000,2,1,1,25,0,0,-1,-1,-1,-1,3054,3385,3397,2540,3311,2948,2271,2939,3355,1829,2441,2595
req_001998,150000,2,1,1,29,0,-2,-1,-1,0,0,63212,0,49960,47466,50928,46843,61604,0,36915,24597,37724,24321
req_001999,60000,2,2,1,27,-1,0,0,0,-1,-1,10967,13227,13626,12892,11135,12888,7565,5985,6375,12444,6996,4356
req_002000,60000,2,3,1,27,-1,0,0,1,-2,0,12227,12616,14440,12175,0,10825,6792,10151,7132,1813,0,4794
req_002001,100000,1,1,1,26,-2,0,0,-2,0,0,0,14609,13439,0,13720,14653,0,5397,8665,0,11539,9221
req_002002,120000,1,2,2,25,0,-1,-2,-2,0,0,5416,5911,0,0,5070,5103,1585,2525,0,0,3910,1330
req_002003,240000,2,3,2,26,-1,-1,-1,0,0,0,57258,53427,56298,61846,47721,57573,51105,22976,43118,45289,21268,13733
req_002004,70000,1,4,1,24,2,1,-2,0,0,0,18362,18946,0,16869,12457,19451,2202,59,0,14316,7099,9148
req_002005,240000,2,2,1,24,0,0,0,0,0,0,171819,192722,172829,131855,145032,139079,54286,102237,44233,96124,94377,83580
req_002006,60000,2,2,1,27,0,0,0,1,0,0,11307,12588,10729,10949,9636,8376,6450,11790,9620,709,6382,4090
req_002007,340000,2,2,2,25,1,0,0,-1,0,1,160466,228610,210417,192539,168065,211048,36082,190642,140761,164844,117024,27753
req_002008,40000,1,2,1,24,0,0,-2,-1,-1,0,22515,20480,0,20077,17428,18446,19545,17319,0,7712,8300,8078
req_002009,300000,1,3,2,29,2,-2,0,-2,0,0,71667,0,92645,0,75387,70651,16681,0,90837,0,73022,49014
req_002010,140000,2,2,1,24,0,0,-1,-1,-2,-1,54084,56314,51679,29431,0,49729,35348,42149,23943,20863,0,46487
req_002011,190000,2,2,1,23,-1,0,-2,0,0,-1,99482,114148,0,83669,80685,99398,74944,80308,0,40312,40025,55416
req_002012,100000,1,1,1,25,0,0,0,0,-1,0,16853,13697,11233,13714,15172,12734,12241,12641,2104,11526,7642,11049
req_002013,40000,1,1,1,28,0,0,1,1,0,0,3504,3405,2972,3067,4162,3082,2523,1701,446,261,2742,1105
req_002014,170000,2,1,2,28,-1,0,-1,-1,-1,-1,69964,71780,94457,75168,55920,64188,43256,40191,70290,31001,35677,36194
req_002015,140000,2,2,2,25,0,0,0,-1,0,0,57654,44514,50312,46838,50981,42951,23981,20146,42240,35458,33572,23814
req_002016,180000,1,2,2,25,0,-1,-2,-1,-1,-1,25090,21422,0,18618,23934,22907,12251,15653,0,10648,17171,19447
req_002017,60000,1,2,1,28,0,-1,0,0,0,0,14324,15304,12683,15175,15052,12361,7355,11297,7106,9965,4327,7834
req_002018,20000,2,1,2,24,0,-1,-1,0,0,0,16934,15290,23031,13681,15106,14448,14051,5726,9755,6467,7150,6711
req_002019,140000,2,3,2,28,0,0,0,1,3,2,15698,18084,17169,16068,17368,16838,1447,15310,15952,552,3749,509
req_002020,70000,2,2,2,22,-2,-1,-1,0,-1,0,0,23025,25025,19584,15484,21398,0,18539,10333,15733,10313,16249
req_002021,40000,2,1,1,29,-1,0,0,0,1,0,6594,4616,6816,5010,4522,5461,6336,4097,3515,2093,25,4315
req_002022,180000,2,1,2,24,1,1,0,1,-2,0,79990,98873,88141,102606,0,75695,1094,54,23740,5435,0,56593
req_002023,70000,1,2,1,24,1,1,0,0,0,0,20935,26088,21527,26114,30706,26770,789,704,13824,11069,20868,19828
req_002024,200000,1,1,1,29,-2,1,1,1,0,0,0,87367,87123,75112,78242,96223,0,4569,2923,1567,73218,64280
req_002025,80000,1,2,1,27,0,0,0,-1,0,0,10462,10459,11230,10262,8925,8599,8665,8027,5041,5491,6043,6698
req_002026,220000,2,1,2,23,-1,-1,0,-1,-1,0,118033,91720,95630,111317,94089,107591,106540,44415,91788,43260,46690,101198
req_002027,50000,2,1,1,26,0,0,0,0,0,0,29014,37152,30485,19409,28995,27622,25837,28561,11683,2896,23285,15467
req_002028,40000,2,2,3,27,0,0,-2,0,0,-1,31841,28124,0,33174,35120,29295,16051,26131,0,31565,11692,5232
req_002029,60000,1,3,2,26,-1,-1,-1,0,0,0,28661,26456,32534,34038,27453,23970,19027,14871,11134,24050,25909,20289
req_002030,160000,2,3,1,25,1,0,0,0,0,0,36169,34629,35955,38116,31222,36215,1636,15612,6638,20502,27768,28258
req_002031,50000,2,2,2,28,1,0,0,2,0,0,14440,19682,21240,16559,17533,15725,625,9645,19884,1772,14397,13334
req_002032,30000,2,3,2,27,2,-2,0,0,1,3,10050,0,9251,8935,9188,7051,2722,0,7937,3905,430,907
req_002033,120000,2,1,2,29,1,1,1,1,0,1,48327,45251,63918,55522,52866,53516,6618,720,9739,12267,46802,1520
req_002034,180000,2,2,2,24,0,-2,-1,-1,-1,-1,95392,0,99135,95631,97068,102271,56193,0,86721,59992,68073,57482
req_002035,50000,1,2,2,26,1,0,0,1,3,2,37324,30016,32436,30163,32374,30161,1565,27335,24540,3625,310,80
req_002036,60000,2,1,1,29,0,0,-2,0,0,0,34825,29835,0,28177,24136,22504,17661,26150,0,26965,16223,6763
req_002037,100000,1,1,1,28,0,0,-2,-1,-1,0,13741,10351,0,9080,10909,8412,12311,4564,0,6444,5755,4884
req_002038,200000,2,3,1,25,2,0,-1,-1,-1,-1,27879,28108,23922,22666,29187,26115,8199,21534,14117,18334,26982,22861
req_002039,190000,2,1,2,26,0,1,2,-2,2,0,60105,56243,40683,0,47206,49939,45289,3010,3623,0,5933,21306
req_002040,80000,2,3,2,21,0,0,0,0,0,-1,18285,15177,17062,19412,15129,16619,9946,13726,10759,13329,7669,14759
req_002041,60000,1,1,2,24,-1,-1,-1,0,0,0,10314,8300,7457,8537,9269,9920,8974,7871,5205,7454,7837,9236
req_002042,80000,1,2,1,28,1,0,0,0,-1,-2,28926,27663,34763,28240,29732,0,1332,22398,7950,6748,23248,0
req_002043,30000,1,1,2,25,1,1,1,-2,7,7,13758,13394,14522,0,12298,12243,207,4139,488,0,395,326
req_002044,350000,1,3,1,28,1,2,0,0,0,-2,44209,60566,43258,48220,52174,0,4469,12582,26346,40656,28192,0
req_002045,100000,1,2,2,27,1,1,1,0,-1,-2,42753,56095,57853,56435,50589,0,3886,13943,5181,33920,38768,0
req_002046,240000,1,2,2,25,0,0,0,0,0,0,49855,61202,53876,52970,50645,46233,30386,48311,44205,36671,11306,5662
req_002047,50000,2,2,2,28,0,0,0,0,0,0,1630,1759,1470,1403,1675,1543,1381,1212,359,763,503,981
req_002048,170000,2,1,2,28,1,-2,0,0,0,0,104850,0,77034,75877,93719,94249,2941,0,13476,62676,75105,17086
req_002049,90000,2,2,2,29,-1,0,-1,-1,-1,-1,42593,44428,41959,47662,41758,42386,21583,25798,32107,20594,26060,31604
req_002050,110000,2,1,2,29,0,-2,-1,-2,-1,-1,24338,0,28082,0,24178,25136,15709,0,14388,0,19554,18333
req_002051,30000,1,2,1,29,2,5,6,5,4,7,9438,9403,8780,5944,7882,7631,824,1281,570,1746,1792,531
req_002052,110000,2,2,2,25,-1,0,-1,-1,-1,-1,27482,32422,31516,29294,30478,34659,12946,23202,21733,22574,27353,7260
req_002053,270000,1,2,2,29,0,0,-2,0,1,1,113510,103443,0,147693,149116,180555,92202,59266,0,67536,30665,43331
req_002054,50000,2,2,1,26,-2,-1,-1,-1,0,-1,0,11272,9422,9985,8056,9989,0,10212,7768,4109,3628,4162
req_002055,140000,2,2,1,29,0,-1,-1,-1,0,-2,43648,36984,26252,35444,27980,0,38850,13485,19710,10076,16556,0
req_002056,120000,2,2,2,24,0,0,0,1,0,-1,88604,68262,71811,87921,83932,75733,68629,25915,53655,12582,17361,71950
req_002057,140000,2,1,1,23,1,1,2,1,0,0,63365,50991,74322,52605,61246,56925,912,1770,23283,3273,21283,44494
req_002058,70000,2,1,1,26,-1,-1,0,0,0,-1,10128,12084,12312,14077,10799,10615,9623,6893,3561,12729,4788,7216
req_002059,60000,1,1,1,26,-2,-2,0,0,0,1,0,0,15088,12242,14569,14100,0,0,5732,8293,10525,352
req_002060,300000,2,3,2,27,-1,-1,-2,-1,-2,-1,82643,86972,0,110770,0,102249,48771,55050,0,51431,0,73269
req_002061,190000,1,2,2,29,-2,0,-1,0,0,0,0,41479,44453,50210,45509,38762,0,20916,14676,37490,19320,18195
req_002062,40000,1,2,1,28,-2,0,-1,-2,2,6,0,20497,19352,0,25209,21799,0,11656,15427,0,3139,4664
req_002063,260000,2,1,2,26,0,-1,-1,-1,-1,-1,10887,13094,12617,14658,10369,11367,7647,9661,3759,6524,10088,10576
req_002064,30000,2,2,2,27,0,0,0,0,0,-2,20452,17526,20209,17880,17803,0,15386,9681,5965,5342,12314,0
req_002065,150000,2,2,3,27,-1,-1,-1,-2,0,0,35012,22721,31398,0,32572,22748,18355,16573,21729,0,8859,15304
req_002066,200000,1,2,2,25,-1,-1,-1,-1,-1,-1,12549,21073,14522,16214,16082,16400,11285,15974,9858,12811,10218,9339
req_002067,50000,1,2,2,29,-1,0,-1,-1,0,1,2864,2938,2078,2626,3155,3036,1118,1156,1754,2024,2226,244
req_002068,100000,2,3,2,26,0,0,-1,-1,-1,0,3115,3412,2948,2754,2879,2460,2788,1713,1520,2545,2286,1603
req_002069,40000,2,3,2,29,0,0,-1,-1,-1,-1,18738,16247,15859,19887,11735,17201,8472,12986,12804,17961,4955,4937
req_002070,150000,1,2,2,28,-1,0,0,1,0,0,73767,68863,81312,67051,55515,59803,39968,16292,57485,18587,41321,54948
req_002071,290000,2,2,1,26,-2,0,-1,0,1,0,0,35278,36729,40728,48737,29796,0,34178,21750,24144,5284,18254
req_002072,210000,2,1,2,28,0,0,0,0,-2,-1,47733,54809,52873,40645,0,37618,43798,22756,47654,26325,0,16606
req_002073,20000,1,2,2,25,-1,1,2,2,1,0,10692,8191,9637,9541,8290,9403,4573,430,1453,1002,86,4030
req_002074,80000,2,1,1,26,0,0,3,2,0,0,2818,3082,2349,2768,3340,2516,2264,1874,120,662,2229,1409
req_002075,70000,1,2,2,29,1,0,0,0,2,3,25918,27408,26615,32701,32714,30848,2335,13874,6910,22308,12963,1036
req_002076,70000,2,2,1,28,0,0,-1,-1,-1,-1,28354,35857,31058,29504,27379,29100,23950,20178,29067,10677,24005,6228
req_002077,170000,2,2,2,26,1,0,0,0,0,-1,80852,53996,76010,82472,64132,80288,1635,37255,20786,51986,55911,41267
req_002078,80000,2,2,1,24,0,0,0,0,0,-2,25977,30415,29556,27415,26158,0,21161,17751,12290,16591,19790,0
req_002079,200000,2,2,2,22,0,0,0,-2,0,0,6901,9382,9278,0,9704,8624,5547,4822,5717,0,5473,8223
req_002080,240000,2,1,1,29,-1,0,0,0,2,3,73774,76687,81695,72705,92034,74651,57535,44116,67834,63417,9546,557
req_002081,90000,1,1,2,28,-2,0,0,0,0,0,0,53597,38258,47507,35375,34498,0,26770,19925,5262,10458,27196
req_002082,440000,2,2,2,29,-1,0,0,-2,-1,-1,98170,97800,86313,0,92132,91678,45803,22327,52478,0,58758,72340
req_002083,140000,2,2,1,28,1,0,0,0,0,-2,71218,90162,72265,75406,86787,0,7444,75449,54737,24376,70835,0
req_002084,130000,2,2,2,24,0,0,0,0,0,-1,52007,64470,65496,56051,63887,53550,32758,23680,22898,33709,46915,15734
req_002085,110000,1,1,2,29,0,0,0,0,0,0,35981,57866,54642,43447,53687,40620,15451,9530,36618,33516,31453,21852
req_002086,190000,2,2,1,25,-1,-1,0,0,0,0,135367,127192,159947,122823,154227,105019,108051,55673,140824,110469,48537,52483
req_002087,60000,2,3,1,28,1,1,1,0,0,0,19341,19700,10261,15308,21407,18291,1511,1371,198,7645,7562,11608
req_002088,70000,2,1,1,28,1,0,1,1,1,1,38861,43794,41602,44827,41548,39850,1167,14110,2802,2013,635,13401
req_002089,50000,2,2,2,25,1,-2,-2,2,0,2,14493,0,0,14805,15242,14118,1848,0,0,418,12693,3248
req_002090,60000,1,2,2,28,1,1,2,1,0,0,13029,10729,10975,11476,10027,13709,4491,2215,2352,1643,8435,7873
req_002091,20000,2,2,2,24,-1,0,0,0,0,0,2639,2518,2662,2363,2480,2489,1516,2043,2422,2269,1627,2085
req_002092,210000,1,3,2,28,0,-1,0,0,0,-1,23606,23901,20840,27106,28985,26742,7903,15722,16808,21968,25623,22167
req_002093,50000,1,1,1,24,0,0,0,0,0,-1,5838,7457,5298,6143,5524,5529,621,2384,3646,3956,564,3767
req_002094,210000,2,2,1,28,0,0,-1,0,0,0,60983,56624,61130,66883,59915,52893,23139,43847,26640,19081,52531,17811
req_002095,30000,2,1,1,29,1,0,0,0,0,0,10331,12102,12182,9463,9432,7455,1368,4549,6338,5042,6089,6348
req_002096,70000,2,1,2,28,-1,-1,0,0,0,0,32815,46068,38863,38539,36247,31305,28858,25262,31562,28640,22474,8808
req_002097,180000,2,1,1,28,1,1,0,0,0,-2,143254,127307,77537,115247,96937,0,287,2711,56113,108979,96249,0
req_002098,60000,1,2,2,25,0,1,0,-1,0,1,17571,15483,17176,15932,13446,14858,9562,1956,6900,14575,7080,1935
req_002099,250000,1,1,1,24,-1,-2,0,0,0,0,124882,0,128085,104061,126787,102125,89561,0,79548,41472,79071,66024
req_002100,50000,2,3,1,29,-1,-1,-1,-1,-1,-1,13632,9898,10595,11616,9992,10642,9489,4960,10031,4874,4530,10167
req_002101,800000,2,1,2,28,0,0,0,0,0,0,589152,517455,428689,434314,581153,566477,386086,160930,223537,387521,400843,100212
req_002102,100000,2,2,2,23,-2,0,-1,0,-2,-1,0,39263,31008,30425,0,26337,0,3332,29923,24043,0,14896
req_002103,60000,1,1,1,26,1,3,3,-2,0,2,30431,22423,25125,0,19139,23484,5226,1792,2504,0,9483,2654
req_002104,20000,1,3,1,29,0,-2,0,0,0,0,15521,0,11332,9951,9153,13829,13066,0,9153,5667,7432,5121
req_002105,170000,2,1,1,26,1,1,-1,0,0,0,83928,101269,72296,68592,72129,77574,13296,1804,15681,24119,59758,36555
req_002106,60000,1,2,1,28,-1,-2,0,1,1,2,10595,0,10749,13167,8612,9602,5694,0,7863,2848,578,4801
req_002107,140000,2,2,2,29,1,1,-2,0,0,0,23602,32506,0,32505,31213,28488,55,2106,0,13082,8442,9719
req_002108,160000,2,1,2,27,-1,-1,-1,-1,-1,-1,54290,61511,43647,53716,40030,37432,49094,61290,22741,37323,33640,12482
req_002109,70000,2,1,1,28,0,0,-2,0,0,0,21770,31253,0,21978,21017,21118,12475,25675,0,8670,12220,4016
req_002110,50000,1,2,3,26,-1,0,1,0,0,0,11992,14744,12717,15425,12792,12437,7564,13971,1134,14124,10125,5679
req_002111,110000,2,2,1,24,0,-1,0,0,0,2,43460,50093,38305,56874,43055,40291,26319,33038,36694,37319,14904,708
req_002112,10000,1,4,2,25,1,1,-2,2,0,2,6248,5565,0,6843,5575,6261,1716,1378,0,1505,3791,1100
req_002113,170000,1,1,1,27,-2,0,-1,0,0,0,0,53662,46346,40025,41401,45488,0,38132,12073,8553,18158,40724
req_002114,380000,2,1,1,23,0,0,0,0,0,0,63668,69046,66761,74559,53022,59704,52631,52576,35907,48444,32525,36413
req_002115,260000,2,1,1,22,2,0,0,-1,-1,0,119079,138537,108197,124884,90932,132841,990,55066,47467,99241,33307,50735
req_002116,100000,2,2,3,28,0,0,0,0,0,-2,7761,7220,6063,6323,6594,0,5931,4623,2692,3505,3416,0
req_002117,530000,2,3,1,27,0,0,0,-2,0,1,29191,24113,16897,0,23404,21455,20353,12296,11184,0,22000,1215
req_002118,200000,2,3,1,27,0,0,-1,-1,-1,-2,38615,49760,35757,30948,34202,0,27957,38134,16977,20107,28442,0
req_002119,90000,2,1,1,29,2,1,0,1,1,0,50134,55140,48569,47620,49672,44460,743,304,36739,1246,2475,39901
req_002120,180000,2,2,2,21,1,1,0,0,0,1,148593,122212,95161,101994,109086,122192,8677,38155,84005,49052,54312,422
req_002121,30000,2,2,2,27,0,0,0,-2,0,0,3032,3327,2364,0,2265,2532,1575,1812,1820,0,1265,1508
req_002122,130000,2,3,1,26,0,0,-1,-1,-1,-1,13351,15640,12740,12169,15864,10257,12428,11393,6709,6683,6892,5106
req_002123,70000,2,1,1,27,0,-2,0,0,0,0,7316,0,10619,8894,8630,8062,3335,0,7218,5735,6284,4392
req_002124,30000,2,2,2,24,0,0,0,1,-2,1,12913,13044,12564,18363,0,13181,5523,8552,2413,3145,0,7350
req_002125,170000,2,1,1,26,0,1,0,1,3,1,15132,9306,12715,12143,10752,9788,11591,137,5988,4249,2082,853
req_002126,80000,1,3,1,27,1,1,1,2,0,0,86968,78525,63831,71697,64447,65495,7394,21989,1069,7161,46856,56768
req_002127,120000,2,1,1,28,1,-2,1,1,1,0,82363,0,77269,99118,103791,79976,13816,0,3534,12586,16659,61559
req_002128,90000,2,1,2,28,2,0,1,1,-2,0,32217,31547,28958,28658,0,33448,2959,9804,6469,1296,0,26239
req_002129,150000,2,3,2,29,0,0,0,0,0,0,25993,30724,31054,29624,28518,28627,17161,27777,20997,28387,17209,20714
req_002130,140000,2,1,2,24,0,-2,2,-2,2,1,74767,0,60563,0,64414,64706,35951,0,15429,0,1743,17351
req_002131,100000,2,2,1,29,0,0,0,-2,0,0,22685,18168,17933,0,23451,22094,17809,6672,12294,0,21772,10588
req_002132,80000,1,2,1,24,0,-1,0,0,-2,1,18609,30951,24868,23403,0,18108,13683,4465,19269,4388,0,776
req_002133,190000,2,3,1,27,0,0,1,1,1,0,40700,52203,57252,45336,41185,34864,35139,41300,12657,6788,8467,7549
req_002134,120000,2,2,2,26,0,-1,-1,-1,-1,-1,52111,41905,59270,46664,52082,55259,33335,37628,23923,38786,48403,29879
req_002135,140000,1,1,1,25,-2,-1,-1,0,0,0,0,42879,46569,40748,51917,43762,0,26512,14472,30749,19601,17979
req_002136,210000,2,1,2,29,-1,-1,-1,-1,-1,-1,53616,37707,45197,51444,43751,41125,34700,24390,24293,28922,12485,25366
req_002137,160000,2,2,2,27,0,0,0,0,-1,-1,85960,81182,74202,62776,64796,59996,27259,48834,50301,33438,40127,50971
req_002138,90000,2,1,2,29,0,1,0,-1,-1,-2,18399,20277,25147,20387,24970,0,14534,1873,24497,7005,20106,0
req_002139,70000,1,1,2,28,0,1,0,1,0,0,23703,21250,26281,21174,20019,20071,21042,5394,9024,815,7999,18410
req_002140,160000,2,2,2,25,0,0,0,0,0,0,3958,4545,3085,4410,4045,4139,2368,1277,2886,1160,3490,2506
req_002141,40000,1,3,1,23,-1,-1,0,0,2,3,7079,7157,6195,9001,6789,6658,6962,3544,4734,1595,1934,1723
req_002142,160000,2,2,2,27,-1,-2,0,1,-2,0,40918,0,39934,43321,0,51407,19452,0,38370,6855,0,23474
req_002143,130000,2,4,1,26,-1,-1,0,0,-2,0,64306,72920,53755,71591,0,50117,46805,57257,28341,65275,0,17672
req_002144,170000,2,1,1,28,0,-2,-1,-1,-2,0,10529,0,8279,8865,0,8222,9329,0,2298,3127,0,1626
req_002145,80000,1,2,1,26,0,0,-2,0,1,2,9116,7531,0,8230,7301,7744,8622,7056,0,5275,446,428
req_002146,100000,2,3,1,25,0,-1,-1,0,0,0,23149,26040,25037,18892,24114,28477,14117,5534,13372,9980,19562,23126
req_002147,70000,2,1,1,27,-1,-1,0,0,0,1,36466,33874,31179,36846,34569,37145,34571,25786,29275,2798,26134,1193
req_002148,90000,1,3,2,26,0,-1,0,0,0,0,22410,19134,18458,20615,19390,17780,15660,3158,2605,9045,12813,15632
req_002149,100000,1,2,2,22,0,0,0,0,1,-2,47102,43352,28885,44048,31933,0,6291,25359,10140,12714,2194,0
req_002150,200000,2,3,1,24,0,-2,0,0,-1,0,85810,0,60072,68051,69470,53340,79728,0,47753,31413,61029,36604
req_002151,150000,2,1,1,25,0,-2,-1,-2,0,0,108941,0,90334,0,95658,95268,105962,0,78123,0,72428,60159
req_002152,130000,2,1,2,29,-1,-1,-1,-1,-1,-1,117244,108068,97023,129262,87451,87122,25883,29051,87632,93340,23206,61390
req_002153,240000,1,3,2,25,-2,0,-2,-2,-1,0,0,116815,0,0,135676,125983,0,66472,0,0,95216,64675
req_002154,250000,2,2,2,27,0,0,0,0,0,-1,30320,35432,31188,30787,31504,25490,16076,12173,23673,26130,7928,23225
req_002155,90000,1,1,1,26,-2,0,0,0,1,0,0,68507,66087,61200,84122,59773,0,34137,20170,19683,17557,53600
req_002156,50000,2,2,2,23,0,-1,0,0,-2,0,24658,33773,27453,22056,0,20474,14694,20071,13136,16875,0,10698
req_002157,120000,2,1,2,23,0,0,-2,0,-2,0,46876,33958,0,33225,0,36225,37931,20069,0,28912,0,28853
req_002158,160000,1,1,1,28,1,1,-2,-2,0,0,117944,108310,0,0,88261,106105,22912,3579,0,0,36624,45725
req_002159,130000,2,1,2,26,1,0,0,0,-2,-2,104038,108935,89438,94394,0,0,2122,29361,27047,91218,0,0
req_002160,60000,1,2,2,24,3,3,1,0,-1,-1,37793,32309,31635,40304,38366,40568,5193,978,2061,17020,23559,30548
req_002161,40000,1,1,2,28,-1,-2,0,0,0,1,6516,0,6103,6171,5880,7066,5405,0,2848,4003,3784,456
req_002162,60000,2,2,1,25,0,0,0,-1,-1,0,23119,23949,22740,22496,22616,24946,17386,8428,19930,15984,18468,4675
req_002163,100000,1,2,2,24,0,0,-1,0,0,0,41181,40539,32502,37345,34735,29922,22234,34605,15270,28658,21666,15971
req_002164,290000,1,1,1,26,0,0,1,0,0,0,107521,128436,94315,92844,68371,96502,95664,125612,10994,9885,66671,63502
req_002165,120000,1,3,1,26,-2,0,0,-2,0,0,0,16628,14280,0,15720,20437,0,6133,7230,0,3763,16640
req_002166,100000,2,3,2,29,0,0,-2,-1,0,0,56959,72266,0,74257,68709,70853,49370,54808,0,24721,33817,41452
req_002167,70000,2,1,2,28,-1,-1,-1,-2,-1,-1,20018,20266,19739,0,21882,19846,7219,14165,17938,0,19279,5667
req_002168,160000,2,3,2,28,-1,-2,0,0,-1,-1,69041,0,51897,52316,50615,49366,17053,0,26705,29011,41808,37282
req_002169,50000,2,2,2,29,-2,0,1,0,-2,-1,0,10334,13092,10135,0,11365,0,1228,5147,1708,0,8262
req_002170,50000,1,4,1,26,-1,-1,0,-1,-2,-1,1673,2261,2029,2036,0,1785,949,639,1189,677,0,1472
req_002171,110000,2,1,2,27,0,0,0,1,1,0,18930,16772,11354,18437,17052,12956,11506,8057,5178,1972,257,7375
req_002172,140000,2,2,1,26,0,0,1,0,0,0,88544,105014,120323,68962,125202,103541,17743,59241,11237,37706,98876,20601
req_002173,190000,1,2,2,25,-1,0,-2,-2,0,-2,75606,88920,0,0,93404,0,31113,55127,0,0,19780,0
req_002174,220000,1,1,2,23,-2,-2,0,-1,0,-1,0,0,44198,48750,44169,34829,0,0,41861,41674,32569,28239
req_002175,90000,1,1,1,25,1,0,0,-1,-1,0,13062,14164,12343,12972,9073,10075,1340,6467,8440,10142,4543,7753
req_002176,70000,1,2,1,26,-2,0,0,0,0,1,0,4530,4046,3561,4081,3463,0,3191,927,3305,3043,776
req_002177,50000,1,2,1,25,-2,0,0,0,0,0,0,38672,37095,26709,29560,30355,0,28586,2073,24069,18900,9083
req_002178,80000,2,3,1,23,-1,0,-1,-1,-1,0,19884,24950,20990,11913,17944,18423,14204,18025,20339,3064,13989,5898
req_002179,250000,1,1,2,25,-1,-1,0,0,0,-2,49034,46422,44325,54207,55814,0,43493,31593,33203,26761,39559,0
req_002180,30000,1,2,1,29,-2,0,0,1,2,3,0,7886,5551,5868,4701,4720,0,6049,4898,273,229,245
req_002181,140000,2,1,2,26,0,0,1,-2,1,-2,77852,63141,84324,0,53039,0,60271,36168,20306,0,9581,0
req_002182,30000,1,3,2,23,1,3,3,2,0,0,10344,16030,9548,9376,9063,14565,1685,3656,1302,2013,6207,12546
req_002183,110000,1,1,1,28,0,-1,0,-2,-1,-1,22610,21894,22394,0,20082,18419,15333,6862,18878,0,11703,8364
req_002184,100000,2,2,1,24,0,0,1,0,-2,0,30724,36160,31690,33757,0,32907,28360,31565,131,23500,0,29252
req_002185,30000,2,1,2,25,-1,1,0,0,0,0,14146,17187,13175,13019,15200,15732,8226,1926,11659,6497,12868,6334
req_002186,120000,2,1,1,25,-2,0,-2,-1,-1,-1,0,21849,0,18796,17848,18009,0,10741,0,12652,9983,17228
req_002187,110000,2,2,2,27,0,0,-2,-2,0,0,8181,10451,0,0,7714,8934,6266,3895,0,0,5735,8320
req_002188,70000,2,2,2,29,-1,-1,-1,-2,-1,-1,3243,4721,4769,0,4796,3786,366,2054,3853,0,2268,925
req_002189,30000,2,3,1,26,2,1,1,0,1,2,15508,14409,11321,11324,14759,12299,248,2541,1423,9481,561,48
req_002190,20000,1,3,1,25,-1,0,0,2,3,-2,1785,1384,1583,1349,1606,0,1168,1162,1451,98,80,0
req_002191,70000,2,2,2,29,1,1,0,1,1,2,12562,12466,15595,15556,15781,16303,215,1300,10665,4871,4959,629
req_002192,250000,2,2,2,24,-1,0,-2,0,0,1,36696,32548,0,30489,23246,35031,35344,22685,0,22418,17605,496
req_002193,50000,1,2,2,27,2,2,0,1,0,2,38167,40344,42278,37270,29978,33564,5794,8019,34963,761,11363,933
req_002194,160000,2,3,1,28,0,1,0,0,0,0,65033,53507,62567,52612,30734,53265,44507,2508,38900,49010,25261,26865
req_002195,130000,2,1,1,26,0,-2,0,0,0,-1,43948,0,34375,34259,33329,36557,33000,0,23647,24297,26805,30576
req_002196,170000,1,2,1,25,0,0,0,1,0,0,50476,58607,58033,49522,35349,55400,48433,37819,11616,12862,18892,36954
req_002197,40000,1,1,1,27,0,2,2,2,2,2,17964,15315,16358,19714,16850,20074,8230,2152,910,2567,5320,569
req_002198,60000,2,2,2,26,1,0,0,0,0,-2,17146,16259,16359,15283,19025,0,1457,10000,10210,7543,8492,0
req_002199,90000,1,1,1,28,0,-1,0,0,1,0,8448,6392,6049,6270,6354,5056,4069,1099,3953,4528,143,1157
req_002200,150000,1,1,2,27,1,0,-1,0,-2,1,63529,78846,69537,62249,0,61124,3212,57308,68564,45841,0,6926
req_002201,190000,2,1,2,26,0,1,1,0,-1,-1,61561,80694,85607,91828,65891,82279,29432,12271,3173,76111,44996,55558
req_002202,50000,2,2,1,27,0,0,0,0,0,0,25894,19975,21754,25321,22867,17650,11023,6150,15184,17257,12307,11990
req_002203,50000,2,2,2,27,1,0,-1,-1,-1,-1,20945,23582,22144,22535,21748,19790,1647,14164,15282,14771,19664,16200
req_002204,80000,1,1,1,27,2,1,0,0,2,2,53068,49231,63753,51797,58587,51673,196,2629,56675,37651,3199,4762
req_002205,60000,2,1,2,29,0,-2,1,0,0,-2,22118,0,22177,27150,23956,0,20333,0,631,26199,22341,0
req_002206,40000,2,2,2,25,0,0,0,0,0,0,18207,21334,15602,19972,14914,14165,9939,20433,9432,13066,12543,6649
req_002207,130000,2,1,3,24,1,1,1,2,-2,-1,55803,48580,49402,41141,0,42224,9243,1551,8434,932,0,35316
req_002208,120000,1,2,1,29,0,1,1,-2,1,0,15260,20396,15950,0,14781,12303,7039,3625,2543,0,255,8837
req_002209,180000,2,2,1,28,1,0,0,0,0,-1,40658,34740,43887,45304,37204,41908,4900,27817,34981,17368,26104,35498
req_002210,260000,1,1,1,29,0,0,0,-1,-1,0,129755,118336,234558,159185,171306,164942,15475,37511,204198,145297,125340,132428
req_002211,40000,2,2,3,23,-1,-1,-2,-1,-1,-1,10335,10472,0,8871,6199,10240,3346,6699,0,5365,3414,4657
req_002212,60000,1,1,1,23,0,-2,0,0,0,0,5373,0,5020,4892,3257,4296,530,0,2763,3535,2027,3581
req_002213,100000,2,1,2,29,0,1,1,0,0,1,56768,40063,37838,48614,38951,35992,36163,2910,13075,29928,19803,3573
req_002214,50000,1,2,1,29,-2,0,-1,-2,-2,-1,0,12374,12399,0,0,13039,0,10330,7519,0,0,8123
req_002215,130000,2,1,1,22,0,0,0,-1,0,0,44285,56030,52878,56355,59340,49278,30786,42660,48591,24133,31692,46369
req_002216,100000,2,2,1,24,0,0,0,0,1,1,14716,14880,18440,18892,16195,17239,1980,10254,8679,10406,930,5525
req_002217,130000,2,2,2,25,-2,1,0,2,-2,1,0,32558,32374,38952,0,35566,0,2040,15796,707,0,1974
req_002218,290000,2,1,2,28,2,-2,1,0,0,-2,71392,0,42536,42903,39439,0,11421,0,1036,15526,29653,0
req_002219,70000,1,2,1,29,-1,0,1,2,0,1,17937,15278,12789,15405,15187,10607,14423,13527,1711,1193,5579,4184
req_002220,260000,2,1,2,29,0,-1,-2,-1,-1,-1,134787,116188,0,114419,110780,92119,56868,103897,0,94901,104475,77281
req_002221,20000,1,3,1,28,2,0,0,0,0,1,12349,8120,7783,9763,7475,7143,1413,5894,2137,8644,1729,172
req_002222,10000,1,2,1,26,-2,3,0,1,1,1,0,1774,1439,1795,1736,1221,0,532,640,10,401,132
req_002223,130000,1,1,1,24,0,0,-1,0,0,0,64046,72489,54125,55305,55152,49752,46952,25631,31315,39866,17303,33880
req_002224,140000,2,2,1,26,1,0,1,0,-2,2,40111,41115,42697,33585,0,38158,2103,31484,5600,9695,0,588
req_002225,50000,2,1,2,27,0,-1,-1,-1,-1,-1,5526,4571,5216,4734,4251,4193,3790,2789,2882,3359,1304,2228
req_002226,50000,1,3,1,29,0,1,1,1,1,0,23846,21813,23717,22436,25209,22286,9346,3182,2404,289,849,20938
req_002227,110000,2,1,2,27,-2,-1,-1,-1,-1,-2,0,8205,8937,7339,7854,0,0,7291,6905,4221,765,0
req_002228,30000,1,1,1,29,2,1,0,1,0,1,12240,10436,14543,15648,9959,9821,694,1322,6620,2303,6096,1982
req_002229,310000,2,2,2,24,3,0,2,1,0,0,190898,196091,209121,224076,127908,193896,14442,111712,44330,32040,115450,121784
req_002230,120000,2,1,1,26,-2,-1,-1,0,0,0,0,17364,19075,21927,19123,19775,0,5969,10940,12151,16262,3123
req_002231,40000,2,4,1,29,-1,-1,-1,0,-2,-1,1550,1082,1150,894,0,1314,1380,204,521,786,0,616
req_002232,100000,1,1,2,27,-1,-2,0,0,0,0,19115,0,19643,20778,19668,17574,5121,0,10813,17714,13303,9443
req_002233,90000,2,2,2,25,0,-1,-1,-1,-1,-1,25831,26745,17356,19199,19629,15581,16201,21237,13256,9446,9552,5682
req_002234,50000,1,2,1,26,0,0,0,0,1,-2,14441,13188,14413,9524,14898,0,13602,10550,12720,5259,1639,0
req_002235,40000,1,3,2,29,0,-2,0,0,-2,1,3302,0,2675,2864,0,2577,1066,0,327,967,0,99
req_002236,120000,2,2,2,27,0,0,2,1,1,0,75133,123652,88778,63882,77388,58810,48101,84556,416,8044,9297,53481
req_002237,130000,2,2,1,26,0,-2,-1,-1,-1,-1,53611,0,46167,50675,43024,48447,41626,0,30973,22990,15481,16645
req_002238,50000,2,1,1,27,0,0,1,0,1,1,24876,23260,21945,25529,16829,23422,10497,14393,5199,16191,1813,3034
req_002239,30000,2,3,1,29,0,0,0,1,1,1,21784,18515,22651,17540,21779,15741,7449,6641,2046,1557,1116,10
req_002240,100000,1,2,1,22,-2,1,1,1,0,0,0,10346,10449,11659,8541,11223,0,511,922,632,7915,5643
req_002241,300000,2,1,2,26,1,0,-2,0,1,0,60449,49345,0,48735,51067,47829,12322,40831,0,45483,4911,33147
req_002242,50000,1,2,2,25,-1,0,0,0,-2,0,7352,8021,6227,6695,0,7012,4152,3425,185,3549,0,4268
req_002243,120000,1,2,2,29,2,2,3,2,2,2,16908,20591,20740,21853,22878,17806,817,994,588,3575,3280,4116
req_002244,40000,1,1,2,28,-2,0,0,1,2,1,0,8269,7038,8453,5484,8460,0,3855,4824,1822,130,161
req_002245,160000,1,1,2,23,-1,0,0,1,0,0,95648,73558,84443,77556,87471,73027,76356,54913,22963,15874,3635,17634
req_002246,140000,1,2,2,27,-1,-2,-1,-1,0,-2,75802,0,91706,64751,72416,0,65250,0,58242,20541,46501,0
req_002247,70000,2,2,1,27,1,1,-2,0,0,0,17828,16383,0,17600,14912,17275,1797,438,0,15229,10320,5410
req_002248,70000,1,2,1,25,0,2,2,1,1,0,8645,10803,10681,10766,9318,9677,2442,769,1391,1651,1531,5382
req_002249,50000,2,1,2,25,2,1,0,0,-2,-1,19238,16561,16801,15923,0,17644,6283,6911,10729,9315,0,4961
req_002250,130000,2,2,2,27,0,0,0,0,0,0,40908,35961,41269,31477,38044,31826,29054,13335,27625,20320,33107,14078
req_002251,80000,1,3,1,29,-1,-1,0,0,0,0,34299,34767,23796,30587,30990,27951,10998,4654,9391,13432,17624,19423
req_002252,130000,1,1,3,24,-1,-1,-1,-2,-1,-1,59205,68192,74552,0,40024,55877,31963,65667,65816,0,25747,22981
req_002253,30000,1,2,1,26,-2,1,0,-2,1,-2,0,11470,9568,0,8119,0,0,3324,5699,0,1038,0
req_002254,250000,2,2,2,29,0,0,0,0,0,0,133084,114688,104395,113609,116301,97087,83822,80610,94594,63135,79819,71424
req_002255,220000,2,1,1,26,0,1,2,2,0,-1,79503,118908,98866,78529,81787,87391,64989,5653,1118,2884,75065,49831
req_002256,100000,1,2,2,25,0,0,-2,0,1,2,54204,53130,0,55033,54495,51848,34351,35027,0,51288,3252,1569
req_002257,120000,1,2,2,29,0,0,0,-1,-1,-1,66208,62275,45341,51760,40475,58893,40655,37353,36110,34173,36173,10196
req_002258,90000,1,1,1,28,-1,-2,-1,-1,0,-1,21054,0,13014,19267,16691,18241,10220,0,7696,17017,13397,10310
req_002259,110000,1,2,1,26,0,0,0,0,0,0,34567,35498,36932,28498,27237,23603,28999,20603,16713,23441,22085,13948
req_002260,60000,1,2,1,25,1,1,2,1,-2,1,11281,16757,17426,18096,0,15059,5133,468,1181,487,0,537
req_002261,80000,1,2,1,25,0,1,0,0,0,0,17600,13227,17472,14553,13713,15216,12271,35,11351,5833,12979,7035
req_002262,170000,2,2,1,22,0,0,2,1,0,-2,74343,41164,58519,54028,59264,0,29917,13386,8297,15594,44679,0
req_002263,380000,2,3,2,29,0,0,0,0,0,0,239511,299748,237355,233338,279944,228945,103924,137393,125210,164075,125901,199959
req_002264,70000,2,2,1,24,0,0,0,0,-1,-1,51496,35986,44488,46068,40568,44526,3323,21213,24575,13473,14055,39236
req_002265,150000,2,1,1,26,-2,-1,-1,-1,-1,-1,0,11815,7148,9997,7713,10466,0,10081,5189,6592,5040,5687
req_002266,160000,2,3,1,24,0,0,1,0,0,0,16445,13510,17465,14668,11435,15006,1958,11388,501,14441,9779,9948
req_002267,130000,2,1,2,29,0,1,0,0,-1,-1,43138,43833,35440,42118,39996,41072,20913,6028,31120,26354,36350,8624
req_002268,240000,2,2,1,25,0,0,-1,-1,-1,-1,182285,208256,185662,139080,142809,157490,144004,73300,106657,96296,63274,129478
req_002269,180000,2,1,2,25,0,-1,-1,-1,-1,-2,105677,84141,62917,83785,83074,0,86659,10406,47598,60157,70876,0
req_002270,150000,1,2,2,24,1,0,0,1,1,1,102845,83991,112095,86819,87854,67150,6203,48450,101746,6598,7221,5020
req_002271,160000,1,3,1,28,1,1,0,-2,0,0,103406,114846,80786,0,116780,120845,16614,11316,37643,0,47775,46215
req_002272,100000,2,1,2,27,0,-1,0,0,0,0,55661,42152,62914,48758,41444,52790,52416,33415,39072,22269,26652,51642
req_002273,80000,2,1,1,28,0,-1,0,1,0,0,32636,29067,37564,31232,28261,31076,29662,15967,37068,568,14938,27637
req_002274,80000,2,2,2,29,0,0,0,0,0,-2,36693,30251,33754,29113,31746,0,19439,21641,26401,22009,26660,0
req_002275,40000,2,1,1,27,0,-2,2,0,1,0,19266,0,15875,16364,15083,11601,9769,0,1352,6409,418,5714
req_002276,50000,2,3,1,27,-2,-2,-2,0,0,0,0,0,0,40785,44404,38971,0,0,0,9852,17846,18591
req_002277,150000,2,4,2,28,1,0,0,-2,-1,0,66314,71259,92708,0,90080,66430,3815,68547,78887,0,34474,59166
req_002278,40000,2,2,1,23,2,1,1,0,0,0,25632,18661,22001,26209,28304,30546,4263,9066,4441,16569,25005,26875
req_002279,120000,1,2,2,27,0,0,-2,0,0,-1,11389,9812,0,7780,9323,6566,7533,5113,0,4856,8861,2479
req_002280,160000,2,1,2,28,-1,0,-1,0,-2,0,33967,33485,32514,32889,0,31016,9966,14818,23849,19889,0,16594
req_002281,100000,1,1,2,24,-1,0,0,-1,0,0,76908,78084,61448,79107,63831,62713,34232,30842,53278,58977,46665,60335
req_002282,50000,2,2,2,26,-1,-1,-1,-1,0,0,36070,36004,46406,46985,40749,31145,25896,21368,30544,35514,38915,13741
req_002283,180000,2,2,2,29,-2,-2,0,0,0,0,0,0,43127,35289,46005,39617,0,0,20487,23278,13322,28592
req_002284,210000,2,2,1,22,-1,-2,-1,-2,0,0,58300,0,68673,0,78223,69038,24122,0,47547,0,41824,42431
req_002285,160000,2,2,2,27,-1,-1,-1,0,0,-1,23754,35220,29689,27592,30160,34596,15609,28671,16639,10120,11272,30192
req_002286,160000,1,1,1,27,0,0,0,0,1,0,83767,78953,68883,75633,85400,64648,36402,34378,54063,44181,11293,47871
req_002287,210000,2,3,2,26,-1,-1,-1,0,0,0,36627,41292,46437,40827,38657,46126,25302,27351,35497,37147,26190,40710
req_002288,30000,2,2,1,24,0,0,2,2,7,2,12058,13265,12612,13234,11329,11659,4258,9271,14,1199,638,15
req_002289,230000,1,2,2,23,-1,-1,-1,0,0,-1,36037,47796,43451,40465,36208,44584,16625,29219,29058,20699,24352,21453
req_002290,30000,2,2,2,28,1,0,0,0,0,1,13739,14300,13876,14304,16169,13708,1103,12844,9489,5617,1342,689
req_002291,320000,2,1,1,26,0,0,0,1,1,1,116045,100240,94335,119383,106158,85183,93251,82227,89457,3682,1199,8896
req_002292,260000,2,2,1,25,0,0,0,0,0,2,18235,15531,15697,15759,14567,18095,15544,6105,12258,11778,6099,207
req_002293,130000,1,2,1,29,0,0,-1,-1,-1,-1,24600,28781,26640,31588,31243,26562,17665,937,9607,18827,27420,14952
req_002294,60000,2,3,1,29,0,0,0,0,-1,-1,23136,21895,22420,19316,15411,20481,9086,19512,14438,15941,12448,4775
req_002295,100000,2,1,1,29,-1,-1,-1,-1,-1,-1,18928,13419,16866,14490,13281,14410,12760,12307,4356,9501,11255,10643
req_002296,80000,2,2,1,24,0,0,0,0,0,0,43386,47128,51472,37855,36463,45930,19182,37491,32997,32121,18366,16481
req_002297,70000,1,1,2,28,0,0,0,0,1,1,14061,14236,15379,13070,13531,12309,2725,5438,4556,11086,9,1661
req_002298,40000,1,2,2,27,-1,-1,0,0,0,0,21105,18150,15332,17221,18979,16774,12896,5788,15117,16721,10352,8072
req_002299,200000,1,2,1,23,0,0,-2,-1,0,-1,53941,36730,0,46786,44703,45982,29342,18235,0,12802,29210,39168
req_002300,50000,2,2,2,28,2,2,2,0,1,1,29020,34273,32130,22691,32428,33319,3703,6557,4670,21318,6305,2227
req_002301,110000,2,3,2,27,-1,0,0,-2,0,0,26955,34890,27867,0,28143,21326,9032,25699,14761,0,17659,14012
req_002302,170000,1,2,1,29,0,1,0,0,0,1,19023,16367,18459,16506,13311,17302,16055,1660,12380,11001,3667,559
req_002303,30000,2,2,1,27,0,0,-2,1,-2,-1,11456,8957,0,9221,0,8880,7253,5077,0,429,0,4224
req_002304,60000,1,2,1,23,0,0,1,4,-2,3,3396,2111,2868,2458,0,2711,1543,1559,538,220,0,141
req_002305,140000,2,4,2,27,0,-2,0,0,0,-1,76154,0,89665,78675,61734,76354,45578,0,70431,44925,38248,37507
req_002306,180000,1,2,1,28,-2,-1,0,-2,0,0,0,46491,39028,0,46098,33753,0,25572,32512,0,42345,27695
req_002307,330000,2,1,1,28,-1,-1,-1,0,-1,0,5664,7602,6771,7386,6991,6508,4173,6198,4017,6569,4817,4267
req_002308,160000,1,1,2,27,0,0,0,0,0,-1,48499,59751,40328,41358,43696,40898,39682,41332,34982,14862,23135,29107
req_002309,130000,2,1,2,28,0,-1,-2,0,0,-1,88573,87338,0,67244,115940,89964,68294,71746,0,48014,96271,54142
req_002310,60000,1,1,2,24,1,1,1,0,-1,0,19914,12826,17714,12393,16949,12445,2706,288,42,1583,14478,6916
req_002311,120000,2,2,2,26,1,1,1,1,0,1,42053,32980,33929,43870,30738,32169,2686,1315,2797,6110,17553,2415
req_002312,90000,2,1,1,29,0,-2,0,-1,-1,-1,31610,0,34684,29171,33684,28843,29916,0,25112,20227,18041,21622
req_002313,400000,1,2,2,26,-1,-1,-1,-1,-1,-1,23330,16535,25532,20271,24145,15811,7297,13717,20097,12740,17106,10082
req_002314,150000,2,2,2,24,0,0,0,0,0,0,85769,83210,77302,64013,71598,84608,74069,46328,42075,51392,35165,31032
req_002315,80000,2,3,1,27,2,0,1,1,0,0,23804,17557,17616,19371,16479,13697,2927,13858,598,2946,8638,1188
req_002316,170000,1,2,1,23,-1,0,0,0,1,0,56832,73618,74870,50729,63418,59481,25430,27152,62824,12288,10194,36634
req_002317,100000,1,2,2,28,0,0,-2,0,2,2,44528,39905,0,60293,44129,46483,40255,34352,0,21135,8808,663
req_002318,70000,2,2,1,24,0,0,0,1,0,2,33811,34872,33938,30696,30264,26911,30272,8559,31668,5513,27648,1038
req_002319,180000,1,1,1,27,0,0,-1,0,0,-1,66282,56742,79592,72537,75610,72682,22431,48582,51989,66277,69605,56270
req_002320,80000,1,2,1,24,0,0,0,0,-2,1,40904,33589,31423,29656,0,23975,10778,21343,29989,12631,0,5084
req_002321,120000,2,2,1,29,0,0,0,0,0,0,55185,27358,49230,44077,46513,42502,39828,18377,34540,22737,33114,28611
req_002322,80000,2,2,1,25,0,0,-2,0,0,1,30415,29144,0,34315,31111,30622,17224,8333,0,22701,21501,83
req_002323,40000,2,2,1,29,0,0,0,0,-2,0,2357,1807,1998,2213,0,1631,2156,1003,1632,401,0,826
req_002324,30000,1,2,2,24,0,-2,0,0,0,0,16930,0,19695,12979,14447,12653,15640,0,12053,4387,10568,6096
req_002325,30000,2,3,1,25,1,0,0,-2,0,-1,8978,12468,15430,0,13530,12565,1910,4455,7691,0,7453,3309
req_002326,140000,2,1,2,27,0,0,0,-1,-1,0,43409,49069,53567,50259,58294,55222,39945,46413,25014,4396,51964,34357
req_002327,70000,2,2,1,29,2,1,1,2,1,2,19721,21428,18843,18621,15681,18675,1702,961,437,762,3932,3820
req_002328,60000,1,1,2,29,0,0,0,-1,0,0,33893,47327,44713,42442,47136,49107,29126,42059,33682,37615,34213,22871
req_002329,100000,2,1,1,25,-1,-1,-1,-1,-1,0,24452,26960,24211,26938,25254,23572,11080,21075,15391,12581,13454,16641
req_002330,90000,2,1,1,26,0,1,0,1,0,-2,48443,44963,51673,44129,43661,0,21525,7458,46814,5900,30529,0
req_002331,80000,1,2,1,28,-1,-1,0,0,0,0,3437,3236,4219,3938,3580,4464,2860,1689,1129,2868,994,2044
req_002332,220000,1,1,1,26,0,-1,-1,-1,-1,-1,206281,197795,201541,201492,186916,182245,147265,126590,94925,67221,50292,49429
req_002333,150000,1,1,2,27,-1,-1,0,-1,-1,0,36391,31326,29729,41042,35432,33477,36251,29487,14441,31586,33365,24454
req_002334,50000,1,2,2,29,0,-1,0,-1,-1,0,22074,16786,20306,17708,25107,21641,11336,10725,9115,13471,15899,18754
req_002335,60000,2,3,2,25,0,0,0,0,-1,0,20363,15331,14986,19352,17237,15781,17061,10888,10461,4049,4784,15172
req_002336,10000,2,1,1,26,1,0,0,0,0,0,4258,5240,4383,5081,4142,3980,16,3174,3890,3493,623,2693
req_002337,60000,2,2,1,22,2,1,0,0,0,0,35098,41457,34108,35119,29070,29103,8173,4863,28582,28617,16787,17643
req_002338,100000,2,2,1,26,1,0,1,1,0,0,19522,20464,24191,21249,28240,23238,2524,17507,2001,920,14545,16075
req_002339,100000,1,1,2,24,-1,0,1,0,0,1,25719,27936,25205,24696,18043,24537,24056,14651,1407,22526,6275,498
req_002340,40000,1,2,1,23,0,0,-2,1,1,7,24991,36277,0,26627,34267,30920,15415,30522,0,9598,5384,2431
req_002341,20000,1,3,1,28,0,0,1,2,1,4,2876,2442,2644,3322,3370,1835,2322,1772,431,944,99,294
req_002342,170000,1,1,1,27,0,1,0,-2,0,0,56635,74556,65484,0,51981,48234,49101,1842,47144,0,42015,40200
req_002343,30000,1,1,2,22,0,0,1,2,2,0,16274,20055,18156,16517,18401,13241,10560,9600,3649,2267,46,10046
req_002344,80000,1,2,1,28,-1,-1,-1,-1,-2,-1,13493,9956,13752,10266,0,12934,5458,5024,7832,8191,0,11630
req_002345,100000,2,1,1,27,-1,-1,0,-1,-1,-1,30583,26774,24048,41123,31462,32299,12333,19158,5598,38630,29821,11712
req_002346,40000,2,2,3,23,0,2,1,-2,1,1,7190,8654,8718,0,7486,10269,2896,155,360,0,1018,960
req_002347,50000,2,1,3,25,2,2,0,2,-2,1,20732,20754,16004,7669,0,15213,456,2073,14912,819,0,197
req_002348,70000,2,1,1,28,0,0,0,0,-1,-1,11553,13139,10463,12781,9053,9079,10219,10366,7666,8508,6420,8050
req_002349,30000,2,2,1,28,0,0,-2,0,0,0,9634,12478,0,8647,6415,9049,7661,9107,0,3644,3158,5750
req_002350,100000,2,2,1,26,0,-1,-1,-1,-1,-1,9821,7887,9622,9969,10474,9241,6108,5274,7425,7297,6768,6097
req_002351,120000,2,2,2,22,0,0,0,0,0,0,20295,18440,22010,16341,16115,19724,10340,5142,9296,14698,10011,17739
req_002352,190000,2,2,2,29,3,2,-2,1,-2,0,39821,34502,0,36467,0,30243,6239,1513,0,3621,0,12162
req_002353,50000,2,2,1,27,-1,0,0,0,-2,0,12825,12625,16314,12849,0,11625,10086,6771,10390,12305,0,9912
req_002354,230000,1,1,2,26,-1,-1,-1,-1,-2,-1,90300,98914,96547,81826,0,82040,23000,81462,84062,67223,0,34610
req_002355,50000,2,2,1,26,0,0,1,2,2,2,16518,21305,15651,17141,18195,13670,11208,3499,2227,5617,1424,3449
req_002356,80000,1,2,2,25,1,0,0,-2,1,1,47351,55850,50396,0,49491,41624,2356,26118,22098,0,7552,5301
req_002357,60000,1,3,2,24,-2,0,-1,-1,0,0,0,26016,24365,24594,20673,20087,0,21494,18587,8187,11312,7319
req_002358,80000,1,1,3,25,0,0,0,0,1,1,19925,13886,13771,14437,14236,14291,5433,9094,6012,12488,853,828
req_002359,120000,2,1,2,23,-1,-1,0,-1,-1,-1,22702,24468,25533,23336,26997,26824,13643,13522,12098,11799,7183,18734
req_002360,60000,1,1,2,27,0,0,0,-1,0,0,35075,31478,31919,28893,25971,28618,18530,26523,25557,9694,20333,20491
req_002361,110000,2,2,2,29,0,0,0,0,-1,0,18470,20915,22440,14602,19234,15692,11458,8935,21182,13817,1243,2892
req_002362,20000,2,3,2,23,0,0,-1,-1,0,0,12096,11807,14549,11233,7078,8900,11220,8473,9414,8324,5336,4315
req_002363,130000,2,1,1,25,0,0,-2,0,0,-1,98029,101274,0,95181,100108,98605,58401,58328,0,63134,81939,77787
req_002364,140000,2,3,2,28,0,0,0,0,0,0,38131,31775,33019,28279,33445,26725,29608,17192,22946,23338,17235,6607
req_002365,130000,2,1,1,29,-1,-1,-1,-1,-1,0,24601,24115,26473,23425,22414,22429,15951,8658,18165,16976,9320,19764
req_002366,290000,2,2,2,27,-1,-1,-1,-1,-1,-1,123879,115859,114200,97676,77130,106732,96388,43574,47390,68619,59663,80103
req_002367,150000,2,1,2,29,0,0,-1,-1,0,-2,77714,83401,81607,71754,85634,0,33558,41358,56939,47975,34590,0
req_002368,60000,2,2,2,27,0,-1,-1,-1,0,-1,34618,24222,32732,30989,30764,30718,25152,14268,16939,6641,5263,11302
req_002369,60000,2,2,2,29,2,1,0,0,1,0,33566,26892,24684,27230,28581,18688,5505,1714,14923,20274,2630,18533
req_002370,100000,1,2,2,26,-2,-2,0,-1,0,-1,0,0,31917,25575,30798,26769,0,0,11415,20099,11281,23303
req_002371,130000,2,1,2,26,1,-2,1,0,-2,0,47034,0,49818,45752,0,45420,8653,0,1969,34213,0,38717
req_002372,470000,2,1,2,29,1,0,0,0,-1,-1,91225,67316,74822,94966,86939,90639,2359,21383,54547,56799,38425,19472
req_002373,110000,1,2,2,29,-2,-1,-1,0,-1,-1,0,46983,38312,30482,34913,34076,0,44338,36215,25066,14544,26716
req_002374,220000,1,1,2,26,0,0,2,0,-2,0,67619,68860,64212,65213,0,46445,65001,44575,6177,19317,0,32797
req_002375,210000,2,1,1,27,0,1,0,-2,0,0,41267,41173,53604,0,32251,44611,31581,10254,26999,0,19259,15964
req_002376,220000,2,3,2,25,0,-1,-1,-1,-1,-1,48893,46342,38533,40696,63051,41507,46191,14810,19724,32253,44453,13300
req_002377,170000,1,1,2,23,0,0,0,0,0,0,57060,98468,71307,87637,74876,78978,34262,60883,51596,45158,58537,75792
req_002378,210000,1,2,1,25,0,0,0,0,0,0,38700,26003,32829,39832,39250,30564,25773,16144,31294,25119,10513,538
req_002379,80000,2,3,1,28,2,1,0,0,0,1,12881,10617,10238,10840,12086,9087,64,1212,3588,4797,10375,184
req_002380,50000,2,2,3,28,0,0,0,0,0,0,18014,17898,15103,22395,16648,15513,10320,16675,12747,15449,12711,14071
req_002381,70000,1,2,1,28,1,1,2,2,1,0,23875,34690,29439,22998,17213,24583,33,2048,260,9396,1061,9014
req_002382,70000,2,2,2,26,2,2,1,0,1,0,74570,61674,51666,51566,58159,58437,3725,13405,1062,36654,596,14692
req_002383,370000,2,2,1,26,0,1,2,1,0,1,80752,103634,69976,69273,71392,62254,28988,9596,9385,6522,53670,6483
req_002384,380000,1,2,2,29,0,0,0,0,1,0,227167,253751,259369,258702,150703,249902,174814,67016,202821,250402,4384,223800
req_002385,50000,1,3,1,23,0,0,0,0,0,-1,30568,30925,27507,29526,26447,22078,29178,11635,3926,21940,21174,8473
req_002386,530000,2,1,1,24,0,0,0,0,-2,0,455490,348624,488928,386953,0,296278,187376,88816,354853,252198,0,205127
req_002387,80000,2,1,2,25,-1,-1,-1,0,-1,0,8276,10951,10008,9668,9792,9146,4153,7288,3619,6527,7305,7309
req_002388,50000,1,2,1,26,1,2,1,-2,2,3,16895,20555,14882,0,17625,22542,72,2128,2233,0,9,2063
req_002389,100000,1,2,1,26,-1,0,0,-2,0,0,28020,30323,27814,0,26528,16472,7985,21064,17310,0,15448,14488
req_002390,110000,2,2,1,28,2,1,0,-2,1,0,77297,63503,73797,0,39609,58068,6564,3490,69181,0,4673,32073
req_002391,40000,1,2,2,28,0,0,0,0,-2,0,28299,16405,29203,26486,0,19185,10603,15974,17965,14681,0,11682
req_002392,150000,2,2,1,29,-1,-1,0,0,0,1,41538,37392,37515,36440,27638,29103,12656,26230,32121,22083,16810,560
req_002393,70000,2,2,1,25,0,0,0,-1,-1,-1,16598,17343,11831,10801,11764,13554,7941,6911,11308,5154,8057,9956
req_002394,80000,2,2,1,28,0,0,-2,0,-1,0,58955,54867,0,53467,42632,41527,46569,54377,0,14564,37173,33249
req_002395,140000,2,2,1,26,1,-2,0,0,0,2,54894,0,39035,57210,62644,54572,1219,0,26563,39843,45597,1454
req_002396,110000,2,1,2,25,0,0,0,0,0,-1,24682,23542,16162,21194,26432,23450,7903,11432,11273,10549,24674,20276
req_002397,40000,2,2,1,28,0,-1,0,2,2,3,13445,12654,13392,11228,10560,9399,7787,6524,9041,3763,25,156
req_002398,50000,1,3,1,26,-1,-1,0,0,0,0,6884,9387,7459,6166,6935,8117,3889,6184,3170,5404,4028,7446
req_002399,90000,2,1,1,27,1,1,0,0,0,0,37452,28774,32468,24291,27830,31880,1217,4429,26105,9955,13666,14899
req_002400,170000,2,2,1,25,0,2,1,3,2,1,35060,30391,39217,36482,31339,30774,19465,159,2309,5652,2345,664
req_002401,140000,1,1,2,28,0,-1,0,0,0,-2,14372,14351,8655,12072,13719,0,9752,5687,2466,11342,9633,0
req_002402,50000,1,2,1,29,1,2,0,0,0,1,23035,18783,23212,24487,23471,25361,3594,519,9580,9377,21845,396
req_002403,80000,1,1,1,27,0,0,0,0,-1,-2,41567,39872,33130,24303,38433,0,31931,12942,20363,13835,28620,0
req_002404,60000,1,3,2,23,0,0,1,0,0,0,35085,36283,30202,37314,24421,26011,4248,30093,257,23634,15236,22060
req_002405,200000,2,2,1,27,1,-2,0,0,0,0,73908,0,64674,71302,59794,84308,4747,0,43552,23151,23885,36192
req_002406,190000,1,2,2,23,0,0,0,1,0,1,14289,14524,11589,11254,11917,11298,7336,10845,6390,140,10424,16
req_002407,370000,1,1,2,21,-1,-1,-1,-1,-1,-1,64096,64585,61722,58674,59150,63578,52709,34228,54203,31656,6941,54188
req_002408,300000,1,2,1,24,2,0,1,1,0,0,196312,120405,160556,182737,144127,142061,5465,62232,30184,12210,98812,126723
req_002409,60000,1,1,2,28,1,-2,0,0,-1,-1,42484,0,38386,42397,37518,36257,11630,0,16033,36513,25675,17835
req_002410,40000,2,2,2,25,0,0,1,3,2,4,3760,3528,3466,3889,3115,2830,2089,1273,127,779,925,291
req_002411,40000,2,2,2,25,0,0,1,0,-2,1,16426,14992,13899,13279,0,13331,9810,14220,2097,8777,0,566
req_002412,50000,1,1,2,29,-1,-1,-1,0,0,0,12439,16342,11626,11547,13309,16512,7107,11270,5716,6163,9238,11308
req_002413,150000,2,2,2,29,-1,0,0,0,0,-1,89719,80834,92077,65954,75358,82875,87422,49212,52589,46939,64251,42039
req_002414,160000,1,4,2,24,0,-2,0,-2,-2,0,21401,0,25954,0,0,23214,17794,0,16901,0,0,17585
req_002415,80000,2,2,2,27,2,-2,0,-2,0,0,19595,0,17542,0,14437,10623,783,0,3715,0,13318,8579
req_002416,90000,2,2,2,26,1,0,0,0,0,-1,30147,25427,27757,33157,26465,24358,443,7953,26589,24142,18202,17158
req_002417,60000,1,3,2,29,0,-2,0,0,1,1,5566,0,6684,6017,8110,5007,4095,0,5760,465,157,305
req_002418,330000,1,1,1,24,0,0,0,0,0,0,9517,9025,7447,8700,6245,4864,5340,3927,3948,4505,4015,1933
req_002419,100000,2,3,1,28,0,-1,0,-1,0,0,8974,11243,11657,6392,9772,8100,8438,9545,9968,1459,9377,5739
req_002420,200000,2,1,2,23,0,-1,-2,-1,-1,0,109725,114791,0,93289,97486,98692,51623,64240,0,73165,77988,71229
req_002421,40000,2,2,2,23,0,1,3,3,1,-2,26944,18872,21773,23527,25890,0,16910,723,487,573,433,0
req_002422,120000,2,3,2,28,-1,-1,0,0,0,0,35956,40668,39137,32428,27453,32520,29757,14401,32966,17677,11932,13791
req_002423,140000,2,2,1,28,0,0,0,1,1,1,49587,52608,52285,49975,59628,45474,24392,22253,43964,252,69,2097
req_002424,30000,2,1,2,27,2,2,2,1,0,0,18913,17827,15142,12682,10899,14016,481,397,2952,845,6714,8832
req_002425,130000,2,1,2,27,0,0,-1,0,0,0,65315,43508,69340,69986,59595,59798,58150,8125,39498,28751,31707,24873
req_002426,140000,1,2,1,27,1,0,0,0,-2,1,34920,31900,28403,28126,0,29394,2634,6071,19565,15207,0,5002
req_002427,190000,1,3,1,22,1,0,0,0,-1,-1,67155,52019,57747,55404,53195,47887,23655,46450,21433,54184,45979,21421
req_002428,200000,1,1,1,24,-1,-1,-1,0,1,0,45026,40512,41699,38819,40331,31583,22079,13466,11505,33186,2060,14577
req_002429,140000,1,2,1,28,2,0,-1,0,0,0,63498,61484,58377,48015,58069,47662,4387,42961,14001,30282,37668,40600
req_002430,30000,1,3,1,29,-1,0,0,0,-1,0,12437,9866,9349,10355,9244,11139,6668,5568,6263,10044,6637,6892
req_002431,90000,1,2,2,23,2,2,1,1,0,0,54868,49085,63257,55273,53898,40045,2282,6941,21124,6751,5925,30134
req_002432,30000,2,1,2,27,0,0,1,1,1,2,18729,18221,14319,12944,14349,14185,16921,17588,2809,474,1034,152
req_002433,150000,2,3,1,26,2,-2,0,0,0,-1,76343,0,71220,58984,59091,60816,282,0,33506,34800,44078,56515
req_002434,60000,2,3,1,28,0,-1,0,-1,-1,0,23747,24356,24081,28040,21754,22685,20402,20558,13977,20972,16240,11111
req_002435,180000,2,1,1,25,1,0,0,0,0,0,53153,56371,41002,65395,50563,52081,1029,42567,22202,31073,50452,17050
req_002436,50000,1,3,1,27,0,-1,0,0,0,0,18638,19825,18844,17216,13316,16615,1244,10535,14357,6957,4905,7837
req_002437,150000,1,1,2,29,-1,0,0,0,-2,0,93704,75463,71119,88598,0,86140,57238,51993,57643,79739,0,35927
req_002438,90000,2,2,1,28,0,0,0,-2,1,0,18339,22570,18190,0,20227,18025,5142,17680,13728,0,160,15439
req_002439,140000,2,1,3,28,0,-1,-1,-2,-1,-1,8354,8971,6736,0,9673,7927,6371,5095,3528,0,8268,7387
req_002440,230000,1,3,2,29,1,2,0,0,0,0,136695,104925,151221,91576,143766,101861,4625,15332,86745,23356,57368,59551
req_002441,200000,2,3,2,25,0,-1,0,0,0,0,16486,12383,13015,13214,9761,11575,15130,5449,4163,3224,4825,8629
req_002442,60000,2,2,1,25,-2,-1,-1,-1,0,0,0,5940,5866,6236,4920,7090,0,2682,2145,2837,4027,5703
req_002443,70000,2,2,1,25,0,0,0,0,0,0,10449,9428,11526,9452,9939,10600,8065,3977,6378,7713,3003,7788
req_002444,70000,2,2,1,23,-1,-1,-1,0,0,-2,45750,38013,37092,39309,37918,0,34998,21480,35627,21275,25739,0
req_002445,70000,1,3,1,27,1,0,0,0,0,-1,65898,57387,58680,63957,56701,44682,7380,53886,52617,46123,18138,13631
req_002446,110000,2,2,2,23,0,1,2,2,1,0,8762,8188,8632,9988,8053,5535,6390,1016,1309,1828,475,5130
req_002447,90000,2,2,2,27,-1,0,-1,-1,-1,-1,34811,29475,29152,24232,27930,22318,20872,18564,6992,16894,22337,8934
req_002448,210000,2,2,2,29,0,0,0,-1,-1,0,122596,154404,141960,127798,109854,130598,46468,127663,31965,102968,74503,120302
req_002449,170000,1,1,1,28,1,1,-2,0,-1,-1,63094,76502,0,42998,72719,52166,22614,738,0,30974,38576,12256
req_002450,110000,2,1,1,28,0,0,0,1,-1,-1,42152,33198,29972,32176,26095,30985,4434,20788,27524,262,20302,16527
req_002451,80000,2,1,1,28,-1,-1,-1,0,-1,-1,23836,23759,18970,18449,22301,19724,10692,13324,12234,15165,8357,12837
req_002452,80000,2,1,1,27,-1,0,-1,0,-1,-1,7706,7759,8371,7048,5353,6044,7221,7373,8108,4599,5026,4009
req_002453,190000,2,1,1,26,0,0,0,0,-2,0,27106,31871,37901,33239,0,23756,15959,25505,21539,12421,0,11153
req_002454,90000,2,1,1,27,0,0,0,0,0,0,33977,46223,38880,32963,37795,32550,30628,22794,31878,10205,26085,22469
req_002455,170000,2,3,2,26,0,0,0,0,-1,0,92527,84794,100813,59445,60268,97383,32652,69005,65957,55374,25466,56642
req_002456,120000,2,2,2,27,-2,-1,-1,-1,-1,-1,0,28366,30855,24781,32671,24169,0,10009,21084,11922,24617,9739
req_002457,130000,2,1,2,28,0,0,2,0,0,0,71145,82948,60454,57176,66819,79693,49369,35755,7763,39986,30670,50063
req_002458,170000,2,1,1,27,0,-2,-1,0,0,-2,28176,0,37308,32789,31135,0,19482,0,29388,13716,18554,0
req_002459,40000,1,3,1,27,3,2,3,2,2,5,22042,21358,18702,18468,13685,17585,617,4086,1127,3576,9,184
req_002460,120000,2,2,2,25,0,0,-1,-1,0,0,10445,13159,7755,10987,9660,12503,5756,8349,5303,7597,7848,6533
req_002461,190000,1,2,2,24,0,0,0,0,0,0,53991,57742,58575,66997,67685,63270,49834,50085,32485,63627,21844,23061
req_002462,30000,2,3,1,26,0,1,1,2,2,2,7790,5779,6792,7183,5113,6604,4332,548,210,461,892,546
req_002463,220000,1,2,2,28,-1,-2,0,0,2,1,68277,0,68990,69351,70676,77028,58354,0,29945,40068,28501,4884
req_002464,90000,2,1,1,27,0,0,-1,0,-1,-1,19105,17605,17049,14419,17487,19718,14148,13548,10425,10899,4415,12988
req_002465,300000,2,3,1,29,-1,-1,-1,-1,-1,-1,145182,163766,157818,173628,165879,134344,68504,92185,101645,123553,117637,86144
req_002466,120000,1,2,2,23,0,0,0,0,-1,-1,56907,55285,74169,64184,56195,60403,34560,22780,52887,39628,24120,47044
req_002467,160000,2,2,2,27,0,0,0,-1,0,-1,54585,57258,49097,33154,53044,40361,50436,27081,47179,31689,46773,25239
req_002468,410000,2,1,2,28,0,0,-1,-1,-1,-1,124279,94788,120317,98554,108816,106614,41501,83274,59960,35414,66055,88350
req_002469,70000,1,2,1,29,0,-1,0,0,-2,0,23100,18716,15659,19627,0,16510,18147,14100,4595,9262,0,13457
req_002470,140000,1,1,2,26,-1,-2,-1,0,0,-1,31299,0,25514,29645,29065,32443,20947,0,7187,11811,18076,24690
req_002471,450000,2,1,1,28,-1,0,-2,-1,-1,-1,26404,25504,0,21776,26591,24706,12590,20275,0,19593,15358,11939
req_002472,140000,2,3,2,25,2,1,1,1,1,0,50035,39444,61650,49788,43818,53412,11730,255,3777,4379,672,22581
req_002473,230000,1,2,1,25,-1,-1,-1,-1,-1,-1,79765,100980,72852,111947,107729,87850,60122,94410,41442,80434,90931,12346
req_002474,160000,2,4,1,28,-1,-1,-2,-2,-1,-1,59487,55228,0,0,63240,51467,50407,42445,0,0,48932,33510
req_002475,30000,1,2,1,22,0,0,0,-1,0,-2,22664,25608,29208,22871,21165,0,12859,16088,25755,10942,12802,0
req_002476,30000,1,2,2,27,-1,-1,-1,0,0,0,8874,8381,10877,7741,7904,10276,5584,4068,5891,6777,3581,7987
req_002477,160000,2,2,1,28,0,0,2,3,0,-1,35388,24754,35962,31303,29343,22087,24343,14641,220,482,14783,14728
req_002478,100000,2,1,2,28,0,0,-1,-1,-1,-1,59740,58106,58003,59208,55323,56525,57474,48175,43764,35719,34172,45599
req_002479,200000,2,1,1,25,0,0,0,0,0,-1,94556,107895,86987,82430,92408,78930,22337,100641,66032,62158,88541,45867
req_002480,300000,2,1,1,29,2,2,2,1,0,0,198560,207589,162276,176455,214865,194629,11142,30745,2868,17530,207317,45546
req_002481,150000,2,1,1,29,0,-1,0,-1,-1,-1,34101,32081,35311,22236,27686,20455,5227,12171,26720,10919,19559,7284
req_002482,90000,2,1,2,26,0,0,0,0,0,0,5197,4528,5647,5780,5121,5053,4632,4031,2038,4591,3021,2694
req_002483,50000,2,1,2,27,0,-1,-1,-1,0,0,41875,29369,31292,38123,30034,24826,32805,22224,16233,18910,11145,21526
req_002484,120000,2,2,2,26,0,-2,0,-1,0,0,53814,0,57191,43253,35535,44312,7625,0,44754,33796,32375,10582
req_002485,220000,1,3,1,28,0,0,1,0,0,0,15687,11678,12870,13419,10122,14120,11287,5313,2071,8589,8937,7013
req_002486,120000,1,3,1,24,0,0,1,0,0,0,42354,29992,34984,27234,27383,27329,24168,24095,2909,26379,14408,12328
req_002487,10000,2,1,1,28,0,0,0,0,0,3,7591,5514,6457,6221,4467,6169,5406,4215,3283,3443,1501,1147
req_002488,140000,2,1,1,25,2,2,0,-1,0,0,38634,39794,34306,37935,46172,32574,2044,4711,16843,18531,29370,11213
req_002489,50000,1,2,2,28,0,0,1,0,0,0,1908,1177,1423,1481,2204,1692,1628,572,19,899,710,927
req_002490,150000,2,2,1,26,0,1,0,-1,0,0,95038,72815,64739,72464,60209,70002,83862,13812,58954,34770,50744,25443
req_002491,60000,2,2,2,27,0,-2,-1,1,0,0,12487,0,11149,13810,12518,14330,7596,0,5383,481,5934,2195
req_002492,210000,2,1,2,28,-1,0,0,0,-1,-1,82915,82758,98956,92101,94210,104240,28810,28343,86772,70392,39545,68804
req_002493,360000,2,4,1,27,0,-1,-1,-1,-2,0,362076,317126,285794,304047,0,340779,207765,218751,190218,118786,0,293427
req_002494,80000,2,1,1,24,0,-1,-1,-1,-1,0,16696,17439,16494,21750,18874,19047,10046,8325,10130,8319,6344,12477
req_002495,70000,2,2,2,29,0,0,-1,-1,0,-2,22484,21573,26592,22450,25979,0,14887,10018,18969,19325,24435,0
req_002496,120000,1,2,2,24,0,0,0,0,0,0,23604,21487,19019,19073,20889,20838,15939,15377,7063,14589,16190,5773
req_002497,50000,2,2,1,28,0,1,2,3,-2,0,24141,20096,27522,22041,0,21644,17161,1272,9109,3943,0,15689
req_002498,70000,2,3,2,24,0,0,0,1,0,-2,23974,20071,22492,22007,14942,0,23519,15037,7206,717,4056,0
req_002499,230000,2,2,1,22,0,0,0,-1,-1,-1,27703,34003,34097,25994,26953,35664,7570,26977,22428,13819,13814,11262
req_002500,90000,2,2,1,25,-1,-2,-1,-1,-1,-1,17783,0,22096,21463,19351,15982,14428,0,13071,17281,7266,13460
req_002501,80000,2,3,2,28,0,0,-1,0,0,1,68555,53850,49439,44109,39515,44946,17195,13738,29296,28725,27221,4102
req_002502,80000,1,1,2,24,1,2,2,2,3,1,71831,83743,70131,57276,59881,71997,1817,11083,5327,6904,15771,303
req_002503,50000,2,2,2,28,0,0,0,-1,-1,-1,6932,5271,5567,5769,6378,5590,6176,3663,4197,4983,3599,4645
req_002504,270000,2,1,1,28,0,-1,0,0,-1,-1,34078,34220,39864,28785,34782,31286,29886,29239,38648,15818,23955,24759
req_002505,80000,1,2,2,23,0,0,2,1,0,1,13017,10161,11245,11559,10829,8373,7896,7026,1519,654,8497,1010
req_002506,50000,2,2,1,25,-2,-1,0,0,0,0,0,5259,5513,4691,4912,5589,0,2089,4065,1636,4467,3276
req_002507,60000,1,2,2,28,0,1,1,0,-1,0,50863,48423,50710,51561,31856,43659,19032,16235,6799,25107,22924,42020
req_002508,260000,2,1,2,26,0,0,-1,-1,-1,-1,96907,144822,105471,130711,144386,112821,52761,35877,71555,66167,75224,51669
req_002509,80000,2,1,2,27,0,-1,-1,-1,-1,-1,27812,27872,30696,29096,29223,25024,12044,26058,12352,9130,18603,5929
req_002510,160000,2,3,2,28,-2,-2,-1,-2,-1,-1,0,0,34483,0,32792,33423,0,0,8685,0,28976,24302
req_002511,100000,2,3,1,28,0,0,-1,0,0,0,59977,78328,64250,65915,64810,63324,28356,66598,47538,41446,37291,26467
req_002512,40000,2,1,1,28,1,0,2,1,2,1,26002,17991,20467,23760,31058,27282,8133,15246,1189,1185,1373,2158
req_002513,840000,2,1,1,29,0,1,0,-1,-1,-1,291891,286698,367673,343628,373994,292528,264626,42762,59371,108633,334598,230792
req_002514,80000,1,2,2,26,-2,-1,-1,-1,-1,0,0,36333,37733,29185,37323,40276,0,24202,10370,24041,21761,17192
req_002515,50000,2,1,1,27,3,3,2,2,1,0,18316,18307,20223,21907,17428,19088,36,4414,972,7362,2835,8395
req_002516,170000,1,2,2,25,0,-1,0,0,1,0,46260,40039,30537,44097,45226,43075,19718,24468,28448,32198,773,19866
req_002517,80000,2,1,2,29,0,0,0,0,-1,-1,27038,23111,11366,15090,22966,17276,13918,20707,8400,8666,9121,13783
req_002518,150000,2,3,1,26,0,-2,0,-1,-1,-1,37700,0,35618,38350,32938,30515,22295,0,22143,31893,23939,20487
req_002519,70000,1,4,1,25,0,0,0,-1,-1,0,24289,29073,28095,25866,22055,21406,20605,24442,22217,8029,7802,20055
req_002520,180000,2,1,2,26,-1,-1,-1,-1,-1,-1,28942,27480,27368,28812,27133,24992,26208,10400,5758,16354,22893,4814
req_002521,300000,2,3,2,27,2,2,0,0,0,0,161532,169002,163025,177770,117751,169772,22299,6239,116427,80490,33083,148508
req_002522,40000,2,2,1,28,-1,-1,-2,-1,-1,-1,11891,13036,0,11850,10544,11126,7502,10856,0,9392,6504,4805
req_002523,430000,1,1,2,24,0,0,1,1,-1,-1,283190,237152,246372,223032,201335,272058,246718,94277,25942,86149,185786,175473
req_002524,100000,2,2,2,26,0,0,-1,-1,0,0,52573,42175,39007,48896,30375,31751,16247,26191,24146,42754,23942,18589
req_002525,140000,1,1,1,25,-2,0,0,-1,0,-1,0,68636,63793,44335,80019,61160,0,13859,47294,31097,69039,47706
req_002526,30000,2,2,2,23,0,0,0,0,0,2,9811,10619,9508,12863,9753,7537,6455,8492,6518,5237,2061,767
req_002527,120000,2,4,1,25,2,1,1,2,2,3,35858,30671,31292,34734,29109,27272,4817,12825,66,410,901,4718
req_002528,80000,2,2,2,28,1,0,0,0,0,0,22523,14550,19230,20732,20547,13755,896,8138,17975,14626,13058,9318
req_002529,110000,2,2,2,25,3,2,2,-2,0,0,79240,44573,48824,0,54128,50365,9497,125,5338,0,51500,40199
req_002530,50000,2,3,2,29,0,1,0,0,2,2,32640,25630,31850,21812,22736,31818,16049,285,18912,8314,2739,1892
req_002531,100000,1,1,2,27,0,0,0,-2,0,0,16825,15979,14879,0,20534,12646,6357,9241,10825,0,13285,8675
req_002532,230000,2,2,1,26,0,0,-2,1,2,1,12251,12122,0,11331,10506,13148,9574,4100,0,1111,603,361
req_002533,80000,1,2,2,29,-1,-1,-1,1,0,1,10771,10307,6708,9274,7650,6560,6965,6714,2501,2402,4296,764
req_002534,170000,1,1,1,28,-1,-1,-1,-1,0,0,77125,72471,87350,61519,62788,55564,53449,17616,48774,54593,50470,33644
req_002535,40000,1,2,2,27,-2,-2,-2,1,2,1,0,0,0,11143,12402,10431,0,0,0,1049,715,805
req_002536,80000,2,2,2,23,0,0,-1,-1,-1,-1,32537,29270,30049,26470,19726,27896,29230,21270,11419,23685,17926,8077
req_002537,140000,2,1,2,25,-2,0,0,-1,-1,-2,0,63205,46820,67613,44603,0,0,27756,41430,12314,40849,0
req_002538,100000,1,3,2,25,1,-2,2,2,1,0,41127,0,46473,38903,49435,40470,451,0,12702,6381,617,11139
req_002539,260000,2,3,2,29,-1,0,0,-2,-1,-2,20870,19473,22438,0,18969,0,19739,15889,18250,0,4596,0
req_002540,30000,2,2,1,28,0,0,0,-1,-1,-1,15988,14254,18190,16361,17120,13053,12104,12031,11701,15742,12177,3575
req_002541,90000,2,1,1,28,0,0,0,0,0,0,30032,41122,36722,33586,29916,40357,28027,13096,15756,18170,29817,21095
req_002542,140000,2,1,1,27,0,-1,0,-1,-1,-1,843,1015,664,765,778,813,649,411,280,610,507,663
req_002543,310000,2,1,2,24,2,-2,2,2,0,2,115976,0,145778,117321,113258,121874,36694,0,8148,24105,59028,44397
req_002544,70000,1,1,1,26,3,1,2,2,0,-2,37946,34571,42115,38760,36463,0,6322,3915,5008,967,4652,0
req_002545,140000,1,2,1,29,0,0,0,0,0,0,3558,2755,2836,2640,2617,3006,996,2228,2230,1394,2004,1741
req_002546,30000,2,1,1,29,0,0,-1,1,0,2,5140,6273,5411,5852,5277,5793,2296,3651,3599,795,2477,777
req_002547,120000,1,1,1,26,0,0,1,1,2,-2,61212,57416,59581,55503,53212,0,35103,26710,10761,3341,2875,0
req_002548,60000,2,2,1,24,0,0,0,0,0,-2,7719,7494,9359,9811,6933,0,3107,4625,5552,7925,4528,0
req_002549,60000,2,1,2,24,0,0,0,1,1,0,21957,15537,19846,21439,19574,21582,7077,13529,11948,13,1887,9676
req_002550,400000,2,2,2,28,0,0,0,0,-2,-1,106652,91258,136528,108794,0,100392,37205,67095,12372,44109,0,92387
req_002551,190000,2,2,1,27,-2,1,1,1,-2,0,0,20021,23742,30241,0,24746,0,565,2962,329,0,12656
req_002552,50000,2,2,1,25,0,1,0,0,0,0,5540,6728,4766,5143,4604,3340,4384,1074,3301,4473,3586,540
req_002553,270000,2,1,2,28,0,-2,-2,0,0,0,29730,0,0,23865,20625,24795,16013,0,0,11474,18239,14035
req_002554,130000,2,2,2,28,1,0,1,0,0,0,42526,54370,48747,45382,39336,35837,366,33550,454,37861,23900,22688
req_002555,220000,2,2,1,26,0,0,2,-2,0,0,112416,101957,77056,0,78287,80919,70682,46969,5058,0,39767,29688
req_002556,70000,1,2,2,29,1,0,-2,0,1,0,16737,17003,0,21071,14379,19846,925,12025,0,6309,665,6292
req_002557,90000,1,2,1,25,0,0,0,0,0,-2,20957,19421,20438,21920,19372,0,19014,12571,17641,6413,14388,0
req_002558,40000,1,4,3,22,1,2,0,0,0,-2,30075,30096,29508,22771,27859,0,5497,3132,27702,12606,13291,0
req_002559,40000,1,1,3,26,0,0,0,-2,0,0,13002,11974,11879,0,12551,14731,6721,11465,5462,0,10142,12588
req_002560,70000,2,1,2,28,0,-1,0,-1,0,0,12389,10904,9613,10477,8801,10710,10420,8506,4313,4132,8264,2642
req_002561,180000,2,1,1,25,0,0,0,0,0,0,118091,145285,132979,157890,96532,106745,72179,42899,93447,146160,39560,22539
req_002562,160000,2,2,1,26,-1,-1,-1,-1,-1,-1,58823,45881,69382,55203,73083,47635,47871,45808,45420,28356,23813,14956
req_002563,120000,1,1,2,27,0,0,0,0,1,0,47580,36217,53390,30615,28696,37788,29996,26328,38676,11892,1188,34402
req_002564,70000,2,1,1,29,1,2,1,0,-2,-1,13412,12618,10485,12344,0,14142,4689,3201,337,10101,0,10997
req_002565,260000,2,3,2,28,2,1,2,8,0,1,213661,226536,162295,169613,161954,201177,62086,2929,29351,5310,60065,12179
req_002566,170000,2,1,2,23,0,0,0,0,0,0,70425,69152,67168,57445,66151,56194,64314,39588,33108,45531,17968,26669
req_002567,210000,2,1,2,23,0,-1,-1,-1,0,0,101927,97690,101889,86196,100192,105338,58763,58424,83571,75881,81165,82923
req_002568,90000,1,3,1,28,0,1,0,0,0,2,72394,72404,76387,65733,50527,44328,29496,939,34301,52905,33379,12350
req_002569,30000,1,2,2,25,0,-1,0,0,0,0,5367,4992,4665,3922,4001,4074,3653,2100,2290,2736,3120,1713
req_002570,120000,1,3,2,28,0,3,2,2,2,2,30215,25309,30396,21280,22544,22570,12717,969,4845,2099,831,1902
req_002571,190000,2,1,2,27,-1,0,0,0,-1,-1,162222,169291,127446,135033,157164,129046,124877,37757,65971,20595,116600,27996
req_002572,90000,2,1,2,27,0,0,0,0,-1,0,48074,40664,39352,44169,33266,30801,37096,15846,25135,34000,20851,21462
req_002573,50000,1,1,2,23,0,-1,-1,0,0,-1,31512,30447,35757,24731,23820,22068,13601,27900,28818,14190,17509,13157
req_002574,170000,2,1,1,27,0,1,0,-2,1,3,65088,77942,122806,0,78124,78163,60118,6879,27446,0,13488,936
req_002575,70000,1,3,2,27,0,0,1,1,2,8,4141,5136,4036,4328,4322,4583,1802,1518,379,871,385,603
req_002576,230000,2,2,2,22,-1,0,-1,-1,-1,-1,54977,59431,59231,56947,48559,49109,20855,48136,43586,39721,46585,40137
req_002577,240000,2,1,1,24,-1,-1,-1,0,-1,0,96917,120354,75687,103075,89659,79773,63898,105128,31673,45017,66179,67493
req_002578,150000,2,4,2,25,0,0,0,0,0,0,61700,70484,63318,45184,51695,66985,42016,62285,59988,34568,22189,23633
req_002579,210000,2,3,1,28,0,0,0,-1,-1,-1,77152,92123,73797,78204,74739,77041,30532,32874,35148,69965,66381,55706
req_002580,100000,1,1,2,27,1,0,0,1,-2,1,34945,42911,38299,34517,0,26281,7935,23146,27226,4832,0,2730
req_002581,480000,1,2,2,27,-1,-1,-1,-2,-1,-2,196401,204995,212609,0,239432,0,162179,175404,116210,0,90448,0
req_002582,100000,1,3,2,29,0,0,0,1,-2,0,59378,50266,49099,48352,0,60238,50329,26048,40055,1476,0,20835
req_002583,50000,2,3,1,28,1,0,1,1,1,2,16339,11155,13145,14398,13849,15686,1054,6224,937,1024,3105,512
req_002584,30000,1,2,2,24,1,-2,1,0,0,0,9096,0,8955,8365,7620,7677,845,0,3992,5879,6062,3654
req_002585,50000,1,2,1,28,0,0,-2,1,0,1,12285,14719,0,10217,11135,12023,3964,11058,0,934,3804,564
req_002586,60000,1,2,2,27,-1,0,-1,0,-2,0,6431,7033,6651,4974,0,7180,2303,6138,3344,3420,0,3803
req_002587,80000,1,2,1,29,1,3,2,2,3,3,43649,44102,39814,34310,41895,33536,1801,1648,2957,853,11576,3055
req_002588,180000,2,2,1,29,0,0,0,0,0,0,65430,62284,52679,45364,57758,58829,30856,25115,21161,34016,42024,36334
req_002589,20000,1,3,1,27,0,-1,0,-1,-1,0,13647,12456,11836,10943,12737,13676,9274,9293,6444,7811,9409,5306
req_002590,790000,2,2,2,29,0,0,0,-2,0,-2,164278,153301,125306,0,127215,0,46548,109543,113639,0,44761,0
req_002591,140000,1,2,1,29,-2,-2,0,0,0,-1,0,0,5297,4605,4058,4645,0,0,3612,4109,2173,2926
req_002592,160000,2,3,1,28,0,-2,-2,0,1,-2,29301,0,0,26238,21839,0,23516,0,0,20947,2674,0
req_002593,160000,2,2,1,28,-2,-1,-1,0,-2,0,0,93010,107610,101789,0,85354,0,54019,73132,33792,0,28261
req_002594,260000,2,1,2,26,-2,-1,-1,0,0,0,0,47257,42811,47040,39349,46992,0,29057,28687,28600,23567,31207
req_002595,50000,1,1,1,27,0,0,0,-1,-1,0,25149,27160,26650,24323,21355,18521,22520,21546,2454,17477,4231,17584
req_002596,220000,2,1,2,25,-2,0,0,1,0,-1,0,83020,54968,69827,74340,62679,0,16876,24081,22825,70478,45575
req_002597,150000,2,1,2,29,0,0,0,0,0,-2,35824,32783,27539,29900,31467,0,30785,13759,20522,27453,23136,0
req_002598,220000,2,1,1,24,-1,0,-1,0,1,0,20460,24153,17339,30408,20699,23560,13215,20837,13923,4244,400,15233
req_002599,60000,2,3,2,27,0,0,0,0,-2,0,20816,20621,24368,24879,0,21786,9066,6269,18306,18588,0,12498
req_002600,350000,2,1,1,29,0,0,0,-2,-2,-2,100220,89508,96294,0,0,0,80288,64398,33990,0,0,0
req_002601,110000,1,1,2,27,1,1,-2,-1,-1,0,36123,32123,0,30463,30064,23604,3910,3546,0,12592,17872,22684
req_002602,80000,1,2,2,24,0,-1,0,0,0,0,9401,8803,9282,9155,9136,9191,5074,6950,8482,7146,4651,7635
req_002603,60000,2,2,2,29,0,-1,-1,-1,0,0,26639,24219,19104,21768,21394,20293,22814,20133,10222,10252,12139,13707
req_002604,50000,1,3,2,27,0,0,0,0,0,1,8012,5584,8085,7862,6421,6089,6309,2384,6887,2820,3737,207
req_002605,60000,1,1,2,28,1,1,1,0,0,0,12062,11950,11366,14264,13595,10591,756,45,496,13514,10652,4448
req_002606,560000,1,1,1,23,-1,0,0,-2,0,0,124214,144903,106458,0,108702,111674,92160,99380,83662,0,80969,78308
req_002607,100000,2,3,1,28,0,0,0,0,0,-1,62600,51751,61777,52977,68539,44568,39112,25760,40034,36077,35222,28239
req_002608,90000,2,1,1,28,1,-1,-1,-1,0,0,65611,67883,70716,89948,52457,62508,13530,46442,59379,29258,33451,35511
req_002609,40000,2,1,2,23,0,-2,-1,-1,-2,0,30801,0,24473,25704,0,19287,12238,0,18957,18432,0,14769
req_002610,170000,1,3,2,26,0,0,0,0,1,0,93415,82336,100006,78690,84118,75266,83088,74772,49658,68323,6115,13544
req_002611,140000,1,2,1,26,0,0,0,-1,-1,-2,62404,47117,76075,63840,60927,0,18262,14493,52898,44936,55600,0
req_002612,60000,1,1,2,29,0,0,1,0,0,0,1774,1996,3022,2358,2321,2654,578,1540,175,719,1535,1874
req_002613,80000,2,1,1,28,1,1,1,0,-1,-1,54689,73022,58287,64057,54268,56962,9077,6720,8511,50394,18388,40625
req_002614,90000,1,2,1,28,-1,0,0,0,0,0,37575,35958,40328,49677,36370,36798,21736,32348,33052,42924,22065,28928
req_002615,80000,2,2,1,27,2,1,1,1,-2,0,40214,30572,42293,33919,0,26179,3918,1529,1969,12001,0,23302
req_002616,120000,2,2,1,27,-1,0,0,0,0,-2,12299,15099,11505,12055,13483,0,3924,7806,9130,9572,9098,0
req_002617,560000,1,2,1,24,-1,0,0,-1,-1,-1,323305,225203,297632,307829,207946,313557,121975,71784,51423,164322,103565,211507
req_002618,110000,2,2,1,29,0,-1,-1,0,-1,-1,14014,21456,17321,15770,17848,20579,13175,2584,12850,9676,5440,16969
req_002619,40000,1,1,2,25,0,1,3,1,-2,-2,3254,6851,5605,6076,0,0,1715,45,173,962,0,0
req_002620,40000,1,2,2,24,1,0,-2,0,0,0,18500,17489,0,19404,15797,17454,594,15711,0,16532,5983,12819
req_002621,60000,2,3,1,29,1,-2,0,0,0,1,33796,0,20543,30549,24976,26983,7118,0,11193,19395,14153,2569
req_002622,80000,2,3,2,27,0,0,0,1,0,0,9858,9289,8437,7330,4438,7583,6642,5305,5249,1349,2807,7159
req_002623,130000,2,2,2,28,0,0,-2,1,-2,-2,47274,30616,0,26830,0,0,36282,25450,0,1900,0,0
req_002624,130000,2,1,1,29,0,-2,2,2,3,2,45617,0,41434,32016,37889,34116,31834,0,2106,1897,2185,3108
req_002625,70000,2,2,1,29,0,0,0,0,0,-1,49311,40932,31255,50231,49590,30537,25274,36566,22428,35125,44989,24256
req_002626,70000,1,3,2,25,-2,0,-2,2,1,1,0,7162,0,7753,8104,7832,0,4646,0,307,2324,1955
req_002627,200000,2,2,2,22,-1,-1,0,0,1,0,69692,64493,52178,59176,52633,64819,31883,34583,24898,47629,6401,24636
req_002628,90000,2,1,1,28,-1,-1,-1,-1,-1,-1,27561,32319,23831,25607,28000,31734,20166,30078,21888,19049,8687,30636
req_002629,150000,2,2,1,25,-2,-1,-1,-2,-2,-1,0,47878,40939,0,0,41639,0,36093,8368,0,0,40774
req_002630,50000,2,3,1,27,0,-1,-1,0,0,0,22155,19486,25539,23757,23783,21032,18185,10122,6911,17032,20034,14512
req_002631,40000,2,2,2,29,0,-1,-1,-1,0,-1,8858,9869,9486,7041,7718,7898,7704,6779,6519,5057,5467,5744
req_002632,90000,1,2,2,29,0,0,0,0,-1,0,37914,49271,47671,40341,55546,41227,12802,21479,16115,34190,42373,21190
req_002633,150000,2,1,2,29,-2,-1,-1,0,0,-1,0,72680,68115,63178,60260,74049,0,19076,34506,33792,47056,43146
req_002634,120000,2,3,2,23,1,2,3,0,0,-1,115887,108779,89029,93567,102154,89369,21723,3268,3461,88067,15600,19589
req_002635,80000,1,2,2,28,0,1,0,0,-1,-2,75330,65337,42412,60299,38039,0,73191,2299,26531,14497,32596,0
req_002636,100000,1,2,1,26,-1,-2,-1,-1,-1,-1,21306,0,27712,22532,20643,26042,11752,0,15754,16645,20033,5779
req_002637,60000,1,3,2,27,0,1,1,2,2,2,8626,8847,7647,8974,9334,8246,4573,1642,209,911,328,10
req_002638,30000,1,2,1,26,1,1,2,2,1,2,23694,25416,21127,22794,22571,27862,261,1114,3950,97,462,1646
req_002639,100000,1,2,2,29,0,0,0,0,-2,0,6052,5295,5348,4912,0,6500,1889,3880,3993,2632,0,3629
req_002640,40000,2,2,1,28,-1,0,0,0,0,0,21076,22064,21048,21530,24007,21639,9278,12962,5272,15140,17109,7638
req_002641,70000,1,1,2,27,0,0,0,0,1,1,12507,16171,11325,13441,15850,16769,9312,13479,7340,4498,2788,2536
req_002642,350000,2,2,2,29,0,-1,-2,-1,0,0,175997,164962,0,121235,173354,163163,40892,64258,0,72313,115943,53487
req_002643,100000,2,3,2,27,0,-1,-2,-1,-1,-1,39684,48046,0,38301,35435,30406,19858,32785,0,4160,21103,15059
req_002644,170000,1,2,1,28,-2,0,-1,-2,-1,0,0,67712,62742,0,53501,85572,0,24870,21412,0,48017,62072
req_002645,290000,2,2,1,28,0,1,0,0,0,-2,171012,138433,145108,93995,114560,0,129741,643,103250,54586,67949,0
req_002646,90000,1,1,2,26,-1,-2,-1,-1,-1,-1,49486,0,48048,54940,32726,37508,38799,0,11310,30506,15607,29579
req_002647,170000,2,1,2,28,0,0,0,-2,0,0,24842,18143,19933,0,26706,18241,7790,8664,17702,0,10332,15977
req_002648,200000,2,2,2,25,0,0,0,0,0,0,79429,77584,69878,72126,93083,77179,57193,51859,25672,53542,36118,52643
req_002649,140000,2,2,2,26,1,1,0,-1,0,-2,41969,98403,85207,56622,82335,0,12562,193,56057,43623,66042,0
req_002650,210000,2,2,1,25,-2,0,0,-1,0,-1,0,25195,33007,22473,31108,17959,0,14873,20294,15737,16740,6933
req_002651,150000,2,1,2,28,2,0,0,0,0,0,84743,92118,91309,76378,73305,53531,9527,33580,51998,56329,50848,17854
req_002652,120000,1,3,2,28,0,-2,0,0,0,0,29708,0,26929,28284,32239,31290,3740,0,13276,21322,11468,30467
req_002653,120000,2,1,1,29,0,0,0,-1,-1,-1,44337,45339,33726,37933,39211,32295,32960,28137,21315,27957,24376,25926
req_002654,70000,2,1,1,28,0,0,0,-1,-2,-1,14510,20233,11947,16961,0,17222,2913,9539,4415,8089,0,8736
req_002655,70000,2,2,1,28,1,2,2,1,0,2,24714,23005,28986,27641,22369,23402,1350,1572,2725,151,16173,4159
req_002656,30000,2,4,2,28,0,-1,0,-1,-1,0,3219,5466,4799,5348,4284,4144,1532,5412,2794,4318,3849,2209
req_002657,80000,2,3,1,29,0,0,-2,0,0,-2,7420,6592,0,5839,7244,0,6931,3168,0,2100,4904,0
req_002658,120000,2,2,1,23,-2,0,0,0,1,2,0,23874,24202,21534,20086,21602,0,21960,13521,13332,1623,2434
req_002659,80000,2,2,1,23,0,0,0,0,0,0,61466,54040,47159,51393,31525,39041,44661,39931,44509,34558,15125,27812
req_002660,40000,1,1,2,29,0,1,0,0,-2,0,25579,23527,23761,26027,0,16854,15749,7366,19849,21768,0,12664
req_002661,170000,1,2,1,22,1,1,0,-2,0,-2,47540,33361,46530,0,31731,0,5452,3618,24662,0,13301,0
req_002662,170000,2,1,1,29,0,1,1,0,0,-1,116615,78150,68743,91277,93768,47650,94010,5120,1786,78354,79766,31726
req_002663,380000,2,1,1,29,-1,-1,-1,-1,-1,-1,121568,121428,107525,126747,109256,109924,13223,13608,56983,102445,69960,41638
req_002664,280000,2,1,2,26,0,0,0,0,0,0,159088,134787,137701,136845,110682,123099,48085,108285,99202,91844,16341,43586
req_002665,60000,1,1,2,29,-1,-1,-2,0,0,0,10203,11056,0,10563,10130,12471,6560,7499,0,8346,3775,4738
req_002666,40000,2,3,1,26,0,0,0,0,1,0,1074,1073,1036,1215,1191,1094,889,748,535,637,69,568
req_002667,220000,1,1,1,28,-1,0,1,3,3,2,119909,68259,122358,95324,99964,93816,48977,27790,26344,860,11171,10298
req_002668,150000,2,2,2,24,-1,-1,0,-1,0,-2,21666,23345,16840,19755,19148,0,18436,17989,9485,11633,16351,0
req_002669,60000,1,3,2,27,1,-2,1,1,0,0,53884,0,63517,57986,64176,55418,11471,0,22489,4183,17885,31979
req_002670,90000,2,3,1,24,-2,0,0,1,0,1,0,20193,17972,22444,23022,17499,0,18363,9101,818,18222,441
req_002671,400000,2,2,2,28,0,0,-1,-1,-1,0,86791,113427,121089,134474,123916,106637,63708,85321,41127,85515,117261,40352
req_002672,130000,1,3,1,26,0,0,-1,-1,0,0,22608,24735,23827,20259,20473,12990,13925,16337,11315,15657,14369,10196
req_002673,90000,2,2,2,29,0,0,0,0,0,0,331,281,249,301,192,176,222,180,149,237,101,161
req_002674,100000,2,2,2,26,1,1,3,2,1,2,36653,44688,50618,42954,41066,41199,431,7030,2841,5353,5128,1704
req_002675,220000,2,2,1,25,0,0,1,1,2,3,32552,41384,34306,36899,32536,22495,25988,39341,205,484,1408,355
req_002676,90000,2,2,1,22,-1,-2,-2,0,8,7,7249,0,0,5082,5209,3646,6811,0,0,2297,216,827
req_002677,150000,2,2,1,28,0,0,0,-1,-1,0,88638,95598,101235,91257,87436,74885,53487,57674,52934,74202,84473,71038
req_002678,70000,2,2,1,25,-2,-2,0,0,-1,-1,0,0,28857,44618,38537,38562,0,0,15041,28971,33816,25180
req_002679,50000,2,3,2,29,-1,-1,0,0,0,2,5520,4714,3614,3910,5482,4067,5018,1795,1944,2421,4603,420
req_002680,160000,1,1,1,22,0,0,0,0,0,-2,62371,43869,51586,63454,50222,0,41954,7174,49381,51655,22412,0
req_002681,290000,2,3,1,21,1,1,0,0,0,-2,138662,164944,113619,144652,130772,0,51667,34264,75377,8849,54792,0
req_002682,150000,2,2,1,27,0,0,1,0,0,-2,55084,54683,58310,44755,50531,0,45412,26014,6471,34247,39961,0
req_002683,70000,1,2,2,29,0,0,0,0,0,0,14946,14784,14266,17040,14971,15691,8850,4633,7576,11085,5471,9727
req_002684,130000,1,3,1,24,0,0,0,-1,0,0,27378,54634,37028,32947,35044,42930,23201,36315,33651,21402,18342,40131
req_002685,160000,1,4,2,26,0,1,1,1,0,0,32404,41521,38462,37425,27533,33959,28028,1847,5792,1465,16842,28034
req_002686,50000,2,2,2,28,0,-1,-1,-1,-1,-1,4571,4370,4515,4855,5397,4138,4303,1985,4394,1602,1591,2854
req_002687,160000,2,2,3,24,-1,0,0,0,-1,-1,62613,58914,61450,51773,58858,60261,41294,47487,24423,37958,15126,33425
req_002688,140000,2,3,1,28,2,3,2,0,-2,0,58832,74299,79331,61630,0,63316,951,5696,625,49005,0,44412
req_002689,130000,1,2,2,27,-1,-2,-1,-1,-1,-1,20810,0,17944,14048,15614,17696,5295,0,14387,4715,12952,17088
req_002690,240000,2,1,2,26,0,0,1,2,2,1,163385,136691,141697,118740,123559,107090,139286,22986,36085,18917,304,19734
req_002691,60000,2,2,1,27,2,0,0,0,-1,-1,26244,37225,27329,26630,34223,28247,2449,35408,9665,19730,19673,27504
req_002692,100000,2,2,1,26,0,-2,0,0,0,1,16594,0,24448,21940,19545,22442,10098,0,5251,16370,14948,4527
req_002693,170000,2,2,2,22,0,-1,0,0,0,0,46340,45319,39574,31946,34866,43166,16488,39312,15246,8128,25301,29968
req_002694,90000,1,2,1,26,-1,-1,-1,-1,-1,-1,72098,55556,63989,54035,56494,37796,54451,42817,24060,47254,20983,15995
req_002695,50000,1,2,2,28,1,-2,1,0,0,-2,20955,0,35429,27748,27504,0,749,0,2290,16359,22139,0
req_002696,220000,2,1,1,28,1,0,0,-1,0,0,52479,42026,50555,49236,45250,42417,4936,34990,42087,27178,39737,17577
req_002697,130000,1,3,2,27,0,0,0,0,0,-2,20703,16128,14337,18274,14714,0,5275,11793,10021,13542,5984,0
req_002698,110000,2,1,2,29,0,0,0,0,-1,-1,71719,75385,84411,72638,65614,64941,37568,63023,79288,58503,54953,50116
req_002699,90000,2,2,2,25,0,0,0,0,0,0,22942,28169,40170,33823,28757,33109,4586,19542,16847,16851,10533,13313
req_002700,110000,1,1,2,27,-1,-2,-2,-1,-1,-1,61941,0,0,93874,62361,78977,8007,0,0,68874,48037,58402
req_002701,80000,1,2,2,26,-2,-1,-1,-1,-1,-1,0,36314,30634,32391,25859,33732,0,4236,10275,15545,23502,16265
req_002702,100000,2,2,2,26,1,-2,-2,1,1,2,27415,0,0,29820,27562,27064,6063,0,0,253,3054,1234
req_002703,170000,2,1,1,27,-2,-1,-2,0,0,-1,0,33923,0,22125,22044,20665,0,28265,0,5510,9598,15973
req_002704,290000,2,2,2,26,1,0,-1,0,-1,-1,181848,164353,186545,184304,163884,149781,1224,139718,161066,38964,88633,79540
req_002705,240000,2,1,2,28,0,0,0,-1,-1,-1,113593,105346,88795,82902,67529,104425,56878,40917,36650,41403,42049,29889
req_002706,80000,1,2,1,28,0,0,-1,0,0,1,37875,48980,48893,52712,37485,43990,30700,41064,13705,9475,23489,1450
req_002707,40000,2,2,2,27,3,3,2,-2,1,2,9324,9194,8536,0,8044,10045,1646,925,1220,0,163,923
req_002708,320000,2,2,1,28,-1,0,0,0,1,2,52919,51401,72683,62428,69530,49632,34045,23969,69885,53750,3816,9082
req_002709,110000,2,3,2,24,0,-2,2,1,0,1,19116,0,12035,17065,14634,19122,4784,0,789,4644,11506,807
req_002710,70000,2,1,1,28,-1,0,-2,1,1,2,58574,44544,0,38670,43265,45902,43225,19065,0,3669,4575,5762
req_002711,180000,2,2,1,21,1,1,0,0,0,0,33968,40581,34913,46681,34331,36957,4193,2701,28074,38385,17320,36054
req_002712,100000,2,2,2,24,1,-2,1,1,1,0,109433,0,74454,71058,109214,86331,3057,0,3009,7598,30396,46892
req_002713,190000,2,1,1,24,0,0,0,0,0,1,75984,96519,90134,85177,62427,70008,54488,44314,44750,84006,43466,11403
req_002714,80000,2,1,1,26,-1,0,-1,-1,0,-2,15439,14325,11876,12937,11828,0,14241,13153,9046,7167,2791,0
req_002715,110000,1,1,2,26,1,-2,0,0,0,0,22024,0,24374,24239,24388,23880,1654,0,12126,19807,13931,5936
req_002716,90000,1,2,2,29,0,0,-1,0,0,0,21783,32114,22704,25931,30568,25269,5476,29657,20833,6968,23513,18403
req_002717,60000,2,3,1,27,-2,1,1,2,2,1,0,31306,33092,31951,35260,38928,0,3628,102,7365,1289,471
req_002718,140000,2,4,1,25,1,0,0,0,0,-1,59868,57833,68076,62408,66051,51637,15698,35702,59491,60297,25158,22042
req_002719,100000,2,3,1,25,-1,-1,-1,-1,0,0,76415,44191,52175,64976,48020,52425,49307,37730,32178,54218,16632,46302
req_002720,80000,1,2,2,27,0,-1,0,0,-1,0,31297,34697,31938,30703,24511,27292,20106,22488,16851,16870,21820,21864
req_002721,160000,1,1,2,23,-2,0,0,1,0,-1,0,93070,71753,91877,82443,76704,0,86281,55625,11779,69409,72355
req_002722,170000,1,1,2,25,-2,1,-2,0,1,-1,0,91091,0,105857,74109,96871,0,2259,0,37948,305,66692
req_002723,60000,2,1,1,22,-1,-1,-1,-1,-1,-1,6788,6632,6664,7751,7869,7369,5756,5724,6101,7450,6720,6750
req_002724,120000,2,2,2,28,0,0,0,1,0,0,9569,10483,9640,7762,10663,9197,8206,6536,4779,748,8556,6613
req_002725,40000,1,3,1,23,0,0,1,1,2,2,13568,11584,9578,12320,11109,13292,9193,3786,1558,1593,2122,117
req_002726,90000,1,1,2,29,0,0,0,-2,0,-1,32350,26794,28517,0,27518,30395,22165,18866,14799,0,20446,27599
req_002727,80000,1,2,2,23,0,0,-1,0,1,1,6734,5119,5846,5196,5591,6237,6533,3837,3438,2871,854,390
req_002728,90000,1,3,2,29,0,0,-2,-2,0,-1,28051,18631,0,0,21109,22414,18728,13065,0,0,11067,11616
req_002729,160000,1,1,2,26,2,2,0,0,0,-2,69415,53531,58739,48800,58317,0,5047,3723,23727,30700,32579,0
req_002730,40000,1,1,1,29,1,1,0,0,1,2,15579,28310,21825,22121,20088,19123,1050,3113,14294,10749,3409,21
req_002731,110000,1,1,2,27,0,0,0,0,0,0,81566,104905,71650,77690,97381,83546,46952,15425,38222,26138,19664,75133
req_002732,30000,1,2,2,22,0,-1,0,0,0,0,9682,11054,10433,7506,10866,9533,3514,2453,5850,3355,5925,5470
req_002733,80000,1,1,2,29,-2,-1,-1,-2,0,0,0,24638,27848,0,21460,21962,0,16007,26388,0,12294,15679
req_002734,30000,2,2,2,26,0,0,-2,0,0,0,6743,12663,0,10605,9170,9802,5539,3821,0,10548,6683,6627
req_002735,80000,1,1,2,29,0,0,0,0,-1,0,19937,22176,21547,16327,19699,18485,11543,13856,12892,11113,14253,13258
req_002736,60000,1,3,1,25,0,0,0,0,2,0,13040,10828,13713,14215,13081,11228,9054,6087,12484,8736,45,5443
req_002737,30000,1,3,2,28,0,0,0,0,-2,2,2073,3432,2354,2058,0,2859,1526,2362,2149,1056,0,105
req_002738,120000,2,2,1,23,-1,0,0,0,0,-1,45284,54989,54390,52805,48264,37349,42865,33716,11690,47361,20716,15837
req_002739,80000,1,3,2,25,0,0,0,-1,-1,0,33011,41622,30936,36564,30477,32635,12390,27048,27493,31912,25552,27876
req_002740,80000,2,2,2,27,-1,0,-1,-1,0,-1,57433,40636,49656,36477,49859,35004,15576,39992,19486,23530,20432,15316
req_002741,50000,1,2,2,27,1,-2,2,2,3,1,34000,0,35817,33172,33478,34811,940,0,118,1457,4983,232
req_002742,130000,2,1,1,28,-1,-2,0,0,-1,0,19974,0,17979,16192,18114,21634,14582,0,12980,11000,9346,18204
req_002743,20000,2,2,2,28,-2,0,0,1,-2,-2,0,1408,1593,1996,0,0,0,900,1412,99,0,0
req_002744,180000,1,2,2,24,-2,2,2,2,-2,1,0,25808,34147,36121,0,37851,0,247,268,1867,0,4279
req_002745,120000,2,1,2,27,0,0,-1,0,0,0,11790,11330,13845,12818,11266,6989,10287,8401,10921,11501,4927,3871
req_002746,30000,1,2,1,29,0,0,0,0,-2,0,18038,21725,18853,18895,0,16798,13541,3311,6369,12533,0,12446
req_002747,160000,2,2,1,26,-2,0,0,-1,-1,-1,0,41613,52724,40965,38523,38193,0,36878,43048,32923,33495,18405
req_002748,120000,2,2,2,29,1,0,0,1,1,0,76392,96305,84230,69332,68136,70475,287,90890,67477,4140,5851,61713
req_002749,160000,2,2,1,24,0,0,0,0,0,0,54706,61720,56574,65116,56545,56767,39224,37764,19233,45233,35510,7874
req_002750,50000,1,3,1,29,-1,-1,-1,-1,-1,-1,16988,19702,17466,12292,15796,12212,12304,11428,15232,8050,8046,5363
req_002751,60000,2,2,1,28,0,0,0,0,0,-1,16316,13374,14739,17879,12173,12687,8985,7090,13994,13253,3062,7924
req_002752,40000,2,2,2,25,0,0,1,-2,-2,0,7221,5748,6666,0,0,5813,1727,5114,122,0,0,3607
req_002753,60000,2,3,2,24,0,0,0,0,1,0,5076,5142,4344,5218,5707,4824,4532,4011,3273,5113,658,3627
req_002754,100000,2,2,2,21,-1,0,-1,0,0,1,7410,6364,7523,7276,8896,6342,4028,2945,3332,4481,2083,335
req_002755,170000,2,2,1,26,-1,-1,-1,-1,-2,0,51048,50870,44707,51496,0,41488,42597,7361,22076,19445,0,25888
req_002756,200000,2,2,2,29,-2,0,0,0,-1,-1,0,82573,100355,115879,68746,97970,0,65621,67876,39810,67515,34652
req_002757,130000,1,2,2,29,0,0,1,-2,0,0,59796,38062,47485,0,65467,59649,37584,16129,6568,0,34118,49883
req_002758,130000,2,3,1,27,0,-2,0,0,-1,-1,42984,0,41875,58827,38750,46617,23288,0,29585,4998,21551,38154
req_002759,90000,1,2,1,28,0,-2,1,1,-2,0,15856,0,11266,11961,0,14210,4986,0,1904,2774,0,11444
req_002760,560000,1,3,1,29,-1,-1,-1,1,2,0,129513,111776,105803,109122,110337,108101,110096,63602,48562,9919,46640,72194
req_002761,150000,2,2,1,29,-1,-1,-1,0,0,-1,103722,110409,95111,114802,91595,118829,85512,71915,12615,63557,87009,99838
req_002762,100000,2,1,2,29,0,0,0,1,-2,0,37805,37489,33889,25942,0,30280,22902,20243,10518,1301,0,27289
req_002763,80000,2,3,2,28,0,-2,1,1,0,0,56329,0,55322,54640,51369,55311,19502,0,700,7733,31942,41589
req_002764,40000,2,2,1,26,1,2,0,0,-2,-1,22033,17916,20007,13693,0,13184,1719,363,14075,12586,0,7764
req_002765,230000,2,1,1,22,-1,-1,-1,-1,-1,-1,45261,31619,39490,34723,40179,35936,35095,25175,35493,23171,30511,30433
req_002766,150000,1,3,2,29,0,1,1,2,1,0,23651,33515,25504,21651,23700,23070,10407,505,8698,2413,1274,18940
req_002767,110000,2,3,1,23,0,1,0,-2,-1,0,15430,16217,17183,0,10529,15066,6496,1943,8686,0,8640,9526
req_002768,120000,2,2,2,25,0,0,0,0,0,0,18857,18024,15355,15909,11484,12945,3706,14769,7234,3983,9545,10537
req_002769,150000,2,3,3,29,-1,0,0,0,-1,0,4213,4223,4084,3937,3733,3942,1836,3705,1791,2106,1881,676
req_002770,110000,2,1,1,25,0,0,-2,-1,-1,-1,39822,34370,0,30938,40537,32753,36402,24116,0,23830,33192,10948
req_002771,270000,2,2,2,27,0,0,0,0,0,-1,98572,85478,111792,113532,101617,92633,43142,46394,96901,63533,73089,52443
req_002772,110000,1,2,1,27,0,0,0,0,0,0,46862,36031,46394,36524,39645,42482,18051,31460,30974,18123,25162,16071
req_002773,140000,2,1,1,29,1,0,0,0,2,1,38029,45947,34714,31110,39567,39439,347,25536,32314,15112,983,2696
req_002774,250000,2,1,1,26,0,1,0,0,-1,-2,156260,185836,126668,127889,127174,0,97391,25853,70406,50366,113580,0
req_002775,80000,2,1,1,27,1,1,0,0,0,0,27659,31129,24612,26685,14408,29224,2073,4036,14354,25450,10132,19884
req_002776,50000,1,2,1,23,-2,-1,-1,-2,0,-1,0,25633,35709,0,35581,39117,0,20782,31030,0,27111,23200
req_002777,670000,2,1,1,29,0,-2,0,-2,-1,-1,147686,0,115180,0,124459,98076,123454,0,87807,0,45067,46870
req_002778,230000,2,1,2,28,0,1,1,0,0,0,68303,57302,66655,54139,50813,58606,46990,1690,7476,23961,22389,26916
req_002779,450000,2,3,2,26,0,1,-2,0,0,-1,179220,166636,0,138560,150793,162580,100024,35060,0,107907,118431,102773
req_002780,150000,1,1,2,29,0,0,0,0,0,0,80401,63069,70498,63343,69087,68343,69631,33071,46857,34167,28492,28307
req_002781,80000,1,1,2,25,0,2,-2,1,0,0,5805,4825,0,5301,3921,3813,4302,81,0,192,3324,1221
req_002782,130000,1,2,1,29,0,0,0,0,1,-2,45390,44812,42320,28638,36516,0,37795,22636,22871,20081,5330,0
req_002783,90000,2,2,1,28,-2,1,1,0,0,0,0,24515,24519,22057,24364,24647,0,7686,409,16657,23412,10252
req_002784,110000,2,2,2,24,0,0,0,-1,-1,-1,64517,83446,60736,64748,65936,57830,36933,53967,59993,55311,23570,43026
req_002785,130000,2,2,1,27,0,0,0,1,0,0,63701,62987,71802,60940,58503,65674,31391,48246,65738,1203,34563,36659
req_002786,210000,2,3,2,29,-2,-1,-1,-1,0,-1,0,81385,101869,83754,101611,70834,0,68630,55540,72504,42382,58110
req_002787,110000,1,3,2,24,0,1,1,1,1,-2,17782,20022,23576,17413,16711,0,11279,871,2979,2196,949,0
req_002788,150000,1,3,2,28,0,-2,-1,0,-1,0,44706,0,31175,32269,37570,27756,24034,0,6286,20601,31571,25570
req_002789,90000,1,1,2,26,0,-2,0,0,-1,-1,9413,0,10401,7420,13099,12227,7563,0,9462,4515,9296,8965
req_002790,340000,2,3,1,28,0,-1,-1,-1,-1,0,68073,80346,62674,56255,62182,70440,11084,46243,25614,38159,30948,59579
req_002791,130000,2,3,2,24,-2,1,1,-2,0,0,0,4737,4243,0,4232,4791,0,280,143,0,1499,2919
req_002792,100000,2,2,2,27,0,0,0,0,0,0,4010,4221,3159,3240,3745,2988,3164,2396,2725,3227,1959,1329
req_002793,250000,2,3,1,26,0,0,-1,-1,-1,-1,111675,82057,73403,84853,77019,79207,42036,57553,28999,64651,32430,40460
req_002794,160000,2,1,1,26,-2,-2,-1,0,-2,-1,0,0,97627,56165,0,74586,0,0,49856,54791,0,53951
req_002795,380000,2,2,2,27,1,1,2,0,-1,-1,186234,215488,214693,209431,232762,221477,44310,38178,8521,96072,126543,130174
req_002796,30000,1,2,2,29,0,1,1,1,1,1,12546,18928,18223,18812,18453,17123,5595,1036,2894,1000,21,1510
req_002797,90000,1,1,2,24,1,2,-2,1,-2,0,14004,17707,0,18905,0,15755,136,1501,0,870,0,15226
req_002798,60000,1,3,1,28,2,-2,2,2,0,0,13344,0,14087,13024,13107,10149,975,0,3542,764,12519,3044
req_002799,90000,2,3,1,26,-1,-1,-1,-1,-1,-1,40921,46921,45001,42433,46882,47003,31362,30291,41944,16014,31432,9728
req_002800,330000,2,1,2,29,2,2,1,0,-2,-1,45052,64925,61408,71184,0,61087,6294,13815,1957,49545,0,44257
req_002801,40000,1,2,2,29,0,0,0,-2,0,-2,14451,11207,14943,0,12549,0,10342,5294,14588,0,2602,0
req_002802,60000,2,3,1,28,2,-2,0,0,0,-1,30864,0,39977,35403,41375,27726,829,0,14024,6199,25684,26654
req_002803,260000,2,2,2,28,3,1,1,0,0,-2,65154,63011,66711,81150,60914,0,616,1709,140,30517,42235,0
req_002804,210000,2,4,1,26,-1,-1,-1,-1,-1,-1,58261,46233,37508,55281,43844,41080,41063,37571,30742,23428,26463,32250
req_002805,160000,2,1,1,26,-1,-2,-1,-1,0,-1,33908,0,31370,29264,24394,25411,17590,0,12943,21180,15029,6332
req_002806,100000,2,2,2,25,0,0,0,-1,0,0,31696,38660,32997,36448,34671,30703,25263,1608,18907,26202,8368,26229
req_002807,80000,2,1,2,29,0,1,1,0,0,-1,20745,20924,20893,18802,15208,22550,6196,147,167,3895,6397,20014
req_002808,120000,1,2,1,24,-1,0,0,0,0,1,45106,34440,50540,52132,46705,47861,37482,13604,22771,38140,35454,4964
req_002809,50000,1,1,1,24,-1,-1,-1,0,0,0,10258,9046,9668,9744,8802,9600,5218,5042,6169,6170,6914,7323
req_002810,20000,1,3,2,23,-1,-1,0,0,0,0,6298,7980,7975,7162,9148,8311,4605,7581,6860,2718,6830,7301
req_002811,90000,1,2,2,28,0,0,-1,-1,0,0,4902,5390,5415,3840,4411,5053,1351,1319,2259,1498,4063,2813
req_002812,110000,2,2,1,26,1,3,-2,0,1,1,60304,54558,0,58169,57591,56585,1905,2048,0,16763,6769,474
req_002813,50000,1,3,1,24,-1,-1,0,1,1,0,13728,10738,10811,9425,9158,10216,5513,9361,3648,819,1275,8472
req_002814,30000,2,2,2,27,-1,0,0,0,-2,0,8734,7182,6196,7854,0,8339,4028,5098,3556,6317,0,7500
req_002815,80000,2,1,2,29,0,-1,0,1,0,0,15244,14641,12681,17127,19610,16179,11567,2372,11112,316,16391,15840
req_002816,50000,2,2,2,25,1,1,1,0,0,0,29739,31664,30551,26986,35771,32343,2061,1972,529,15354,18878,20775
req_002817,80000,1,2,1,28,-1,-2,-1,-1,0,-2,13624,0,15505,13286,11038,0,6558,0,3164,1651,7955,0
req_002818,470000,2,2,2,29,0,0,0,-1,0,0,10619,12847,12389,13491,11506,11823,4992,8301,4417,9616,2648,10969
req_002819,30000,1,3,2,26,0,0,0,0,0,0,1982,2463,2106,1862,1647,2561,1715,2118,1389,967,758,2030
req_002820,80000,2,1,1,28,2,0,2,2,1,0,63838,48004,51614,58702,57847,42590,6042,30573,17391,1505,1435,39463
req_002821,70000,1,2,2,28,0,0,0,0,0,1,15349,13541,13871,15826,17208,13755,9997,12892,8863,10356,5305,1635
req_002822,90000,2,1,1,27,1,1,3,2,-2,0,30188,46243,42696,43218,0,35618,2548,4148,462,7178,0,18371
req_002823,190000,1,2,1,26,-1,-1,0,0,-1,0,120164,96949,141177,104935,111215,102718,92942,65984,113179,64420,104483,78079
req_002824,100000,2,1,1,24,0,0,0,0,-2,0,12892,14692,13839,16226,0,13715,7409,11148,11235,15098,0,9608
req_002825,60000,1,2,2,24,-2,0,-1,0,0,0,0,12407,17495,17667,15710,19442,0,2238,11363,11487,9832,12438
req_002826,60000,1,2,1,26,1,3,2,3,2,1,41584,35093,46032,44347,46801,27323,5318,6901,7350,539,861,903
req_002827,40000,2,2,2,26,0,2,1,-2,1,1,12996,14870,13705,0,16801,17403,10981,1491,1273,0,336,442
req_002828,180000,2,1,1,28,-1,-2,-2,0,0,-2,48446,0,0,29975,44423,0,34532,0,0,21075,8459,0
req_002829,90000,2,1,2,29,-2,2,1,-2,0,-1,0,58019,51129,0,42232,53101,0,24047,729,0,41469,21496
req_002830,280000,2,2,1,24,0,0,-1,-2,-1,-2,225455,152030,163957,0,158081,0,147497,148738,141344,0,150361,0
req_002831,140000,2,1,2,24,-1,-1,0,0,-1,-2,74098,73363,60070,65443,57052,0,51218,10291,30368,18607,39702,0
req_002832,50000,1,3,1,23,1,2,0,0,0,0,41086,34160,37802,31848,29094,37349,2892,1814,27193,24879,9310,10578
req_002833,150000,2,2,2,25,0,0,-1,0,0,-1,41178,44987,36262,39148,44728,45174,25932,17260,29617,36337,35466,27566
req_002834,40000,1,1,2,29,1,-2,1,-2,2,2,16256,0,16525,0,13612,11605,292,0,809,0,3194,750
req_002835,120000,2,2,2,28,1,1,1,0,0,1,69038,66170,80841,58593,58654,78149,9981,1879,2178,46563,20945,3733
req_002836,150000,1,3,2,26,1,-2,2,1,0,2,82133,0,61035,70685,53060,51140,6334,0,7306,221,47061,7123
req_002837,70000,1,2,1,24,0,0,0,0,0,0,26143,26694,16002,19871,17710,22217,23386,18881,10148,13461,12346,9210
req_002838,100000,2,2,1,26,-1,-1,-1,-1,-1,-1,31385,29793,34997,32021,32202,22193,13997,15975,18018,11366,18345,13494
req_002839,30000,2,1,1,29,-1,0,0,-2,1,1,10166,8744,10246,0,10391,7479,1412,3916,4063,0,766,187
req_002840,330000,2,2,2,29,-1,0,0,0,0,0,23685,24363,25178,20786,27148,29777,18474,20738,2680,15521,23284,11428
req_002841,40000,2,1,2,27,0,-1,0,0,0,0,22409,29564,25171,24239,25516,21902,7917,4763,13187,21823,11648,10411
req_002842,80000,1,2,2,27,2,0,0,0,0,0,41967,37733,28905,43925,43290,39456,692,27146,25065,42283,29074,35041
req_002843,100000,2,1,2,29,0,0,1,0,-1,-1,24652,21706,22984,18058,18895,16131,11374,12106,1438,12718,15903,15189
req_002844,130000,1,1,1,29,0,0,0,0,0,0,56704,48213,56685,60172,49617,67070,34295,13097,39748,18060,44685,29641
req_002845,110000,2,4,1,23,-1,-1,0,1,0,1,20152,24079,18820,19011,17386,18229,18597,23401,11119,2908,9861,666
req_002846,100000,1,1,2,28,0,0,1,1,0,0,37323,25937,34961,25577,28005,31858,24541,20692,6556,2001,8621,21231
req_002847,150000,2,1,1,26,0,-1,0,0,0,-2,1762,2049,1547,1495,1609,0,1320,789,606,658,1085,0
req_002848,110000,1,2,2,23,0,0,-1,-2,-2,-1,54189,56787,57311,0,0,47133,33269,35133,22265,0,0,13390
req_002849,270000,2,1,2,29,-1,-1,-1,-1,-1,-1,25091,25841,26326,25327,27746,21588,7956,8681,22152,15620,22762,7410
req_002850,70000,1,1,2,25,0,-2,-2,-1,-1,-1,17498,0,0,16429,19030,15196,9371,0,0,5968,6413,9417
req_002851,70000,2,2,2,29,0,-2,0,0,0,-2,11001,0,10600,8986,12929,0,8139,0,9836,7560,10674,0
req_002852,80000,2,2,1,24,0,0,-2,0,1,2,15964,13274,0,15972,12242,12682,9271,11098,0,15035,1859,943
req_002853,320000,2,2,2,26,1,0,-2,0,0,0,38530,40658,0,29019,42065,43408,88,18177,0,22591,40106,13643
req_002854,40000,2,2,2,22,0,0,0,0,-2,2,15913,14620,12107,11826,0,10064,6499,10286,9119,9171,0,231
req_002855,80000,1,2,2,28,0,0,-1,0,0,0,38836,37248,36509,37891,42824,41127,37897,13970,23728,10283,38736,24656
req_002856,80000,2,2,1,23,1,1,-2,0,0,-2,19089,17578,0,17288,13080,0,425,5317,0,11854,5214,0
req_002857,50000,2,2,3,29,-1,-1,-1,-1,-1,-1,26275,27845,21902,25541,20106,21829,6726,14284,15136,25009,9653,16007
req_002858,160000,2,2,1,24,0,0,0,0,-1,-1,1897,2308,2040,1799,1149,2140,298,2059,2005,1693,900,841
req_002859,230000,2,2,2,25,3,2,7,2,1,1,114915,98870,119448,122929,117007,86422,9160,6264,5836,2062,14748,972
req_002860,180000,1,1,2,27,0,0,0,0,-1,-1,62986,94682,68025,81248,78645,72299,52611,56587,55407,76006,51481,36756
req_002861,290000,1,2,2,27,0,0,0,0,0,1,117056,130831,117822,125272,116367,112433,80694,127542,86684,35201,82667,9450
req_002862,280000,2,2,1,29,2,-2,1,1,2,0,63214,0,63127,46995,64471,56907,5044,0,4400,14102,1110,24658
req_002863,100000,2,3,1,27,-1,-1,0,-1,-1,-1,19850,19428,10435,21300,14940,16666,7861,9869,7780,11782,12285,9680
req_002864,90000,2,2,2,25,0,0,1,1,1,1,32832,38085,33444,31117,23354,23374,3918,18955,2231,3746,1678,108
req_002865,120000,1,2,2,25,0,1,0,0,0,1,55119,46347,51983,47015,49938,38818,36499,2349,46182,17869,33127,8630
req_002866,110000,1,1,2,27,0,0,3,-2,-2,1,7366,8357,6878,0,0,8773,7226,5794,746,0,0,537
req_002867,140000,2,2,1,26,-1,-2,-1,-1,0,-1,87440,0,61973,60900,67705,71976,44526,0,26343,31658,52640,42812
req_002868,120000,2,2,1,29,-2,0,0,0,0,0,0,22721,15964,19750,23806,21252,0,4093,6016,5539,18379,14713
req_002869,140000,1,1,1,27,0,0,-1,0,0,0,58231,64025,59225,65310,50664,48099,28085,39144,38847,48132,15445,22580
req_002870,50000,1,2,2,29,-2,0,0,-2,-1,0,0,14272,18720,0,14746,13353,0,8632,9859,0,11129,6037
req_002871,80000,1,1,3,28,-2,1,0,0,1,0,0,34294,35384,33041,27875,26826,0,415,24596,21162,4350,12835
req_002872,110000,2,3,2,29,2,1,0,0,-1,-1,30212,37207,29415,31767,25100,23724,1518,5171,25670,29864,19872,16725
req_002873,160000,2,2,2,27,-1,-1,-1,0,-1,-1,38804,33621,33718,32771,29892,35781,15231,32647,22274,5387,18533,33733
req_002874,30000,2,1,1,22,0,1,0,0,-1,-1,7568,10258,10029,10550,9493,8543,5464,1145,9636,6140,5058,5297
req_002875,70000,2,2,1,29,0,0,0,0,0,0,43659,33796,50296,37039,34598,30692,25843,12477,28939,36023,29356,21540
req_002876,30000,2,1,1,23,-2,-1,-2,0,0,-1,0,21345,0,18820,16627,16981,0,16761,0,16284,7505,9667
req_002877,220000,2,3,2,26,-2,-1,-1,-1,-1,0,0,76101,83618,65237,68707,48305,0,47652,40599,61037,32587,33858
req_002878,130000,1,1,2,29,-1,0,1,0,0,0,85869,63630,83359,53371,71542,67594,71882,58949,7699,18568,15775,25075
req_002879,60000,2,2,2,26,0,0,0,0,0,0,6381,6439,4520,5419,5423,4661,5916,2377,3689,2105,2217,3422
req_002880,30000,2,2,1,28,0,0,0,0,2,0,10038,8816,12484,10339,10087,9478,6991,5495,6022,7350,265,5585
req_002881,80000,2,2,1,26,0,1,0,0,0,-1,7740,9155,7011,8776,6209,7709,6249,1019,5612,7122,5131,4553
req_002882,380000,1,1,1,27,-2,0,-1,-1,0,0,0,60221,64865,55982,67787,63999,0,33210,42709,38489,53141,52247
req_002883,130000,2,2,2,24,0,0,0,1,0,0,53703,40734,45693,53143,46429,46930,45710,16421,14341,868,10253,36146
req_002884,20000,1,1,2,29,-2,1,0,0,0,1,0,19067,17928,15901,21670,16020,0,1393,8531,11631,16162,2531
req_002885,260000,2,2,1,23,0,0,-1,0,0,0,18280,20329,18496,16333,15630,15290,12718,15322,13639,6264,6902,11617
req_002886,310000,2,2,2,28,2,1,0,0,1,0,219581,207218,200057,160402,160202,214186,7643,67785,28441,79471,337,63496
req_002887,80000,2,2,2,28,0,-2,0,0,1,2,56087,0,61744,62661,44399,51035,27545,0,45259,39046,18513,2942
req_002888,30000,2,2,1,28,0,-2,-2,-1,-1,0,10245,0,0,9701,8697,9677,1826,0,0,617,2373,8974
req_002889,380000,2,3,1,24,0,0,0,0,0,0,125380,115203,95771,105529,92615,80241,23687,102591,37817,66519,89295,42365
req_002890,30000,1,1,1,29,0,0,0,0,-1,-2,4878,4303,5032,4530,5527,0,3264,1830,2635,4242,3556,0
req_002891,40000,2,2,1,28,0,0,-1,-1,-1,0,29377,25142,31101,26592,24324,22923,5495,18550,26732,20781,16524,13587
req_002892,90000,1,1,2,26,-2,0,0,0,1,1,0,14266,16618,16124,16192,14830,0,12105,12920,14129,1320,813
req_002893,40000,1,1,1,26,-1,0,0,2,1,1,13595,18369,19303,19341,17591,18446,12817,16702,15027,1300,4622,19
req_002894,150000,2,3,1,27,-1,-2,0,0,-2,0,39511,0,45928,42134,0,33122,19661,0,14336,22540,0,7800
req_002895,230000,2,3,1,28,-1,-1,0,0,-1,-1,27518,32018,29468,33215,27477,36423,21166,24921,14397,11179,1978,25744
req_002896,30000,2,2,2,27,0,0,0,2,1,1,6772,8318,7609,6448,5363,8159,4513,7755,3538,146,68,868
req_002897,70000,2,1,1,21,2,3,1,0,0,0,22323,17696,15245,19566,24747,16421,796,5356,1087,15808,20016,9202
req_002898,200000,2,1,2,27,1,2,1,0,0,0,146067,185549,167041,143746,161464,179407,42702,7248,6897,81177,146203,116299
req_002899,210000,2,2,1,28,0,0,0,0,1,-1,31293,35653,31931,37703,35433,41384,27526,23080,28081,12832,2404,40456
req_002900,110000,2,2,2,29,-1,-2,-1,0,-1,-1,25554,0,35045,24789,27299,29575,24178,0,25265,18787,9405,15514
req_002901,230000,1,1,1,28,-2,0,0,0,0,0,0,114541,120554,107556,82413,91002,0,109756,96130,34138,19237,31864
req_002902,80000,2,3,1,24,0,-1,0,0,-2,0,21227,27546,31392,33553,0,31789,9100,18180,25552,21022,0,31379
req_002903,80000,2,1,1,26,2,2,2,0,1,0,12059,14080,13147,11843,11761,11262,1348,1720,1225,2696,154,4486
req_002904,20000,2,3,1,29,0,0,0,-2,0,1,4626,3965,3934,0,3028,4477,2399,957,2793,0,2329,1596
req_002905,60000,1,2,1,28,-2,0,0,0,1,-2,0,36578,30234,35143,30420,0,0,26336,26928,24498,772,0
req_002906,40000,1,3,2,23,-1,0,0,0,0,-1,10958,9694,9000,7719,10219,6707,8685,3202,6897,6614,4460,3221
req_002907,140000,2,1,2,24,0,1,1,0,0,0,97577,119358,91495,71031,108901,100040,74529,35559,5417,48514,57581,89064
req_002908,80000,2,1,1,26,-1,-1,0,-1,-2,0,64062,46593,35112,34129,0,44696,45331,37811,23310,23187,0,9115
req_002909,130000,1,2,1,28,0,1,1,2,2,1,17480,22471,24654,26900,22679,17504,12689,9930,5537,172,149,344
req_002910,40000,2,2,2,27,0,0,0,0,0,0,16340,12328,16672,14122,13229,16965,13336,2652,12912,8336,8569,7188
req_002911,60000,1,2,1,26,1,0,0,-2,0,2,30347,39510,35234,0,27064,27674,5638,33184,17158,0,7127,1074
req_002912,70000,2,2,2,26,0,0,0,0,0,0,33208,30455,26648,25728,31078,22515,24818,17049,22977,9058,24813,15888
req_002913,30000,1,2,1,23,0,0,0,1,0,2,16521,18728,15741,11439,16246,11110,6370,15139,11078,2525,10200,131
req_002914,90000,2,2,1,28,1,0,-2,-2,0,0,26367,26760,0,0,25478,23273,6778,24832,0,0,5497,13282
req_002915,70000,1,2,1,27,1,0,1,2,2,1,46750,39474,33263,44621,42404,32987,5245,21425,1377,2595,8269,851
req_002916,180000,2,2,1,28,1,0,0,-2,0,-1,162930,142179,126300,0,81838,97140,14334,85131,108719,0,35508,35923
req_002917,90000,1,2,2,29,0,0,0,-2,0,0,32624,45273,39122,0,35694,40308,13208,28999,14129,0,19793,16154
req_002918,60000,2,2,2,28,0,0,0,-1,0,0,13926,12956,12377,9824,12663,10959,12240,12124,8223,7289,3345,4670
req_002919,140000,1,1,2,24,-1,-1,-1,-1,0,0,4731,4221,3268,3670,3970,3246,3617,2553,2044,798,1204,2146
req_002920,40000,1,2,1,28,0,0,-2,-1,-1,0,23874,21540,0,12806,21189,18445,21225,20294,0,9988,9528,13799
req_002921,170000,1,2,1,27,0,0,0,0,0,0,36153,28077,36897,30723,36297,36029,13272,21999,14322,7600,19683,16179
req_002922,100000,2,2,2,29,0,-1,-1,0,-1,-1,27710,27657,32820,23289,27127,35289,24659,16922,27299,14722,17702,32476
req_002923,150000,2,2,2,27,0,0,-1,-2,-2,0,14608,11374,13434,0,0,12662,7893,5848,4661,0,0,4006
req_002924,120000,2,1,2,23,-1,-1,0,0,0,0,43236,29411,26683,38463,34761,28475,28593,19281,10304,22206,9912,9196
req_002925,200000,2,2,2,27,0,0,0,0,-1,0,42037,39178,48071,51326,52954,46788,38317,33154,33597,25903,17392,17526
req_002926,150000,2,1,2,26,-1,0,0,-2,0,-1,57088,57380,55657,0,57604,45611,48197,35740,29370,0,51652,22332
req_002927,180000,1,2,2,24,0,1,2,0,0,1,116033,99842,120294,80732,103385,101988,33472,26686,5782,57694,95151,4717
req_002928,130000,2,2,2,27,0,0,-1,0,0,0,36047,39520,35428,30349,34619,33893,30432,29872,16565,20644,23337,16372
req_002929,30000,2,3,2,28,2,-2,2,1,-2,1,17916,0,18775,19923,0,19122,323,0,2072,1507,0,4232
req_002930,260000,2,3,2,27,0,0,0,-2,-2,0,96606,87291,90167,0,0,111599,81206,62123,33988,0,0,76409
req_002931,50000,1,3,2,27,-2,0,0,0,0,0,0,33447,28458,30309,34256,29180,0,10034,13153,12193,18072,14049
req_002932,40000,1,3,2,29,1,2,2,1,1,0,8116,8935,8185,9004,8117,8335,491,129,383,1134,245,6100
req_002933,130000,1,1,2,28,-1,-1,-1,-1,0,-1,30142,23577,36200,27180,30962,41674,18759,18710,8694,22884,15709,19196
req_002934,180000,2,2,1,27,0,0,-1,-2,0,-1,80104,78057,92127,0,87242,64599,46328,47606,46960,0,59736,53422
req_002935,40000,1,1,1,27,0,0,0,0,-2,0,18646,24441,23255,21478,0,23525,7522,13715,12358,16494,0,11135
req_002936,60000,1,2,2,29,-2,-1,0,0,0,0,0,15795,20569,23370,18123,22693,0,6888,11790,20671,10377,13869
req_002937,40000,2,2,2,29,0,-2,0,0,0,0,2705,0,3591,3161,2895,3295,1030,0,994,3079,1689,2855
req_002938,50000,2,1,1,26,0,0,-1,-1,0,-1,23448,26579,28156,27988,19190,27983,13265,11997,15035,17120,10221,14685
req_002939,190000,2,1,2,28,0,-1,-1,-1,-2,0,30196,39517,35657,30126,0,32758,29416,25209,17144,7949,0,19642
req_002940,90000,1,2,2,29,-1,-1,-1,0,0,0,3484,3731,3110,2126,2686,2710,2200,2643,1858,1068,1166,2445
req_002941,30000,1,3,2,24,-2,-2,2,0,0,0,0,0,4282,4636,3804,3525,0,0,503,3964,2535,1966
req_002942,90000,2,1,1,27,0,0,0,0,0,0,51040,50392,51861,55190,49992,37908,15794,30808,48664,12494,37952,19916
req_002943,60000,1,2,2,29,0,0,0,0,1,2,29365,28546,21404,25242,26229,25369,24194,21083,15238,9207,2675,3830
req_002944,80000,1,3,1,26,0,-2,0,0,0,0,36884,0,24313,27017,31974,32012,32079,0,22629,23854,18769,22770
req_002945,130000,2,2,2,28,0,0,0,0,0,0,15614,19266,26328,21234,21381,24490,13142,8294,17478,12856,21058,24070
req_002946,70000,1,2,2,29,-1,-1,-1,-1,0,1,21389,17256,27215,23932,21390,19988,12407,6842,24059,23411,11738,5789
req_002947,120000,2,1,2,28,0,0,-1,0,0,0,43493,40123,33968,43719,33040,25791,36454,37733,5515,40805,18179,18542
req_002948,160000,1,1,2,24,1,0,2,0,2,-2,50576,38932,40246,41690,43642,0,3440,21170,2585,7784,3616,0
req_002949,90000,1,2,2,28,0,0,-1,-1,-2,0,50663,56644,41368,47482,0,43372,9581,46063,28524,33033,0,38687
req_002950,50000,1,1,1,24,-1,0,0,0,0,-2,17656,12385,12734,11979,17771,0,10834,10879,8768,7917,10811,0
req_002951,40000,2,2,1,29,2,2,0,0,0,0,18325,16060,17134,20905,18284,19835,3948,2793,6200,16484,15163,8706
req_002952,170000,2,1,1,23,1,-2,2,1,0,0,98870,0,93170,67993,73054,103577,15996,0,32099,1185,44786,87730
req_002953,90000,1,1,1,28,0,0,0,-2,-1,-1,10864,10992,12814,0,8822,9979,2904,8007,9305,0,3992,9010
req_002954,70000,1,2,1,23,0,0,0,1,0,1,11482,12703,12270,12095,9674,9742,8442,9481,4119,1055,6010,155
req_002955,230000,2,1,2,24,1,0,0,1,1,1,31556,32250,34083,40390,33727,29360,2582,20820,12254,11,913,9875
req_002956,70000,2,2,1,26,0,-1,-1,0,0,0,5537,4020,3846,5335,4685,4956,1631,2104,476,4894,3383,2680
req_002957,290000,2,1,1,24,1,0,0,0,-1,0,174223,137977,122284,130471,93748,143970,83367,82426,29107,101818,72302,132904
req_002958,70000,2,2,1,28,2,2,1,0,0,0,34047,31954,36529,21372,27529,28549,1400,1913,3494,20376,10781,12142
req_002959,120000,2,1,2,27,-1,0,1,0,0,-1,41282,38051,34140,32508,41591,42730,7515,26635,1476,30739,17623,34830
req_002960,220000,2,2,2,24,1,1,1,0,1,2,37569,23998,39870,38343,33332,38839,1034,3310,392,33457,5206,2679
req_002961,70000,2,1,2,28,0,0,1,2,-2,-2,19113,21097,24730,22307,0,0,9749,9806,908,4536,0,0
req_002962,30000,2,2,1,26,0,0,0,-2,-2,1,12632,16499,12911,0,0,14746,1589,11671,7376,0,0,3371
req_002963,40000,2,2,1,23,-2,-1,0,0,0,1,0,3912,4233,4287,5236,3814,0,1498,1242,2928,2645,177
req_002964,160000,1,1,1,27,-2,-2,-1,-1,-1,-1,0,0,22754,38253,36658,36061,0,0,18377,24214,18366,21443
req_002965,110000,1,3,2,25,0,0,1,0,0,0,13000,17544,12057,10773,15075,13307,8123,15525,3098,7495,8346,11727
req_002966,60000,2,3,1,28,0,-2,0,0,0,0,45366,0,33929,34101,35384,30829,22845,0,14287,20489,27641,7895
req_002967,140000,2,2,1,29,0,0,0,-2,0,-1,26835,25082,23085,0,25808,21207,25394,20711,5277,0,13537,14278
req_002968,80000,1,1,2,26,-1,-1,0,0,0,0,57625,51561,40600,66456,48680,45276,14878,34356,22529,40257,36122,34904
req_002969,310000,1,1,2,25,1,0,1,0,0,0,111417,120433,115655,110562,146707,131468,3416,101534,2049,18170,112317,56402
req_002970,110000,1,1,1,29,0,1,0,-1,0,-1,44230,67258,62685,56575,55281,54291,39035,5772,44449,39339,45134,21049
req_002971,50000,1,2,1,28,-1,-1,-2,0,0,-1,16319,11525,0,17411,14952,14919,12730,8036,0,11192,10464,9249
req_002972,150000,1,1,1,28,0,0,1,0,0,2,95866,88896,75308,66310,82029,80472,64850,46116,4275,42155,49347,4289
req_002973,510000,2,1,2,27,-2,-1,-1,-2,-1,-1,0,317450,311993,0,298835,387691,0,216638,227471,0,226795,230390
req_002974,160000,2,2,2,27,-2,0,1,1,0,0,0,47700,49028,35574,47846,41738,0,47391,7498,160,41589,39353
req_002975,160000,2,1,1,27,-1,-1,-2,0,-1,-1,16303,16486,0,15159,18600,11672,4318,5684,0,9565,5227,9141
req_002976,80000,1,2,2,21,1,1,1,-2,1,-2,15483,14051,17323,0,15246,0,1207,22,941,0,696,0
req_002977,160000,1,1,2,27,1,0,0,0,0,0,53210,51906,48198,46133,58883,43550,14316,22070,19698,37997,30889,40424
req_002978,70000,1,2,1,27,0,-1,0,-1,-1,-1,18961,22950,19594,24476,23613,21836,2457,13676,16954,19856,17809,11603
req_002979,100000,2,2,1,25,0,-1,-2,-1,-2,0,13904,19586,0,16240,0,17661,9880,10984,0,14039,0,12587
req_002980,130000,1,2,1,27,0,0,0,0,0,0,50207,56886,51516,45429,48349,60409,48453,48491,39885,7187,34972,23660
req_002981,100000,2,4,1,29,0,1,0,-1,-1,-1,36021,38616,32841,43393,30283,35361,21394,2077,3810,29845,18812,31325
req_002982,70000,1,2,2,23,0,-2,0,0,0,-2,31715,0,31816,27455,28089,0,18903,0,23675,20803,20305,0
req_002983,270000,2,2,1,24,0,1,0,0,-2,-1,59775,46753,50127,52911,0,47854,48699,1459,25721,38797,0,14369
req_002984,70000,1,2,2,25,0,0,0,-1,-1,0,9675,9535,10739,5350,7504,7907,8493,2688,7600,3775,5865,3284
req_002985,310000,2,2,2,27,0,0,0,-2,0,0,47919,44928,44116,0,44326,38427,12987,32674,41354,0,18678,26958
req_002986,70000,1,2,2,29,0,1,0,0,1,0,25125,19913,17737,14277,16461,20770,21287,202,1024,9328,836,20156
req_002987,180000,2,2,1,27,0,-1,-1,-1,-1,-1,83758,70930,74611,88016,75085,59562,12331,40692,51477,59622,32753,13370
req_002988,110000,1,3,2,27,0,-1,-1,0,0,2,8865,7973,8303,8643,9648,7854,5161,7231,2072,6632,3630,136
req_002989,150000,1,3,2,26,0,0,0,0,1,1,30179,27273,28800,27766,23878,30249,7095,26610,25340,11130,1795,2790
req_002990,70000,2,1,2,22,-1,-2,-1,-1,0,-1,7991,0,6306,7929,5740,7456,4011,0,3140,5502,2387,3410
req_002991,90000,2,1,1,26,0,0,0,0,0,0,25575,35189,31532,28539,25986,24848,10655,19058,15563,23637,15376,5935
req_002992,240000,2,2,2,29,0,0,-1,-1,-1,-1,129691,94209,154112,137480,118949,97952,100241,73235,138522,61309,107218,72977
req_002993,70000,2,2,2,24,0,-2,1,-2,0,0,22693,0,15420,0,16152,13774,9938,0,700,0,4811,11105
req_002994,170000,2,3,1,26,0,-1,-2,-1,0,0,62181,59982,0,71963,53640,60874,23974,39480,0,34977,29118,53897
req_002995,40000,2,3,2,27,0,0,-2,1,1,0,1335,1178,0,967,1253,1044,1275,870,0,11,52,439
req_002996,170000,2,2,1,28,1,0,0,-2,1,0,54623,45429,50121,0,32585,50723,835,21494,42578,0,4819,49876
req_002997,80000,2,2,1,28,-1,0,0,0,0,0,15086,16674,14137,16441,14167,16957,6233,13077,4410,5009,7857,5739
req_002998,70000,2,4,2,29,0,0,0,0,-1,-1,10778,12817,11016,8931,10709,13060,6591,11140,9622,8832,5987,10032
req_002999,230000,2,1,2,27,-1,-1,-1,-1,0,0,144904,127429,113596,135228,96072,118953,76774,30524,41215,92217,26792,68481
req_003000,60000,2,1,2,25,0,-1,0,0,0,-1,7469,8881,8199,10326,7145,6618,6556,7757,6077,7964,5377,5413
req_003001,120000,2,2,2,27,-1,0,-2,0,1,-2,32214,30629,0,28217,27239,0,12145,7895,0,5298,4630,0
req_003002,60000,1,3,1,24,1,-2,2,1,2,2,51262,0,54139,51032,45291,53046,1259,0,3081,21253,5743,278
req_003003,150000,1,1,1,22,0,0,0,-2,0,1,109502,105911,101125,0,119456,94052,71942,78061,38543,0,68613,22085
req_003004,100000,2,1,2,24,2,1,2,0,0,0,16088,17359,22843,16250,13878,14660,1136,447,4019,10910,2716,9427
req_003005,50000,2,2,2,23,2,2,0,0,1,0,24650,29011,37249,26040,28209,26538,2069,2222,32116,15274,626,9700
req_003006,60000,2,2,1,29,-1,-1,-1,-1,-1,0,10400,8840,10087,9445,8679,9023,9559,7058,7938,3508,4202,8580
req_003007,120000,2,2,1,27,2,2,0,0,0,0,93308,105935,90651,110103,70705,84211,3154,159,35033,85498,23798,54107
req_003008,280000,2,2,2,28,0,-1,0,0,0,0,132477,96956,116648,152318,114806,145051,68238,74422,112879,129028,36420,131320
req_003009,160000,1,1,1,29,0,0,0,2,2,2,75146,66427,62464,78296,54589,67943,39608,25008,33815,7800,2442,3330
req_003010,50000,1,2,2,24,0,1,0,0,1,1,15193,17711,16227,14422,12577,15330,6866,234,6910,9001,911,695
req_003011,110000,1,3,1,28,0,0,0,0,0,0,42113,25938,44737,38447,25784,29026,25309,14470,38642,29201,15007,17001
req_003012,70000,2,2,2,23,-1,0,0,0,0,1,60061,48505,59649,62375,57023,46932,54259,45812,46034,44024,34076,880
req_003013,210000,2,2,2,27,0,0,-1,0,-1,-1,83581,62238,72464,62084,55617,63231,58624,54405,23880,35573,29757,46574
req_003014,100000,2,2,1,28,0,0,1,-2,0,0,23129,32420,28173,0,26671,25150,12666,30279,1799,0,11796,6151
req_003015,140000,2,2,2,25,1,1,1,-2,0,0,144844,106075,85522,0,110960,83999,4949,592,12931,0,44253,58965
req_003016,1000000,2,2,2,29,0,0,-1,0,0,-1,637084,615793,767204,592880,535728,416121,268861,434557,750354,352761,216231,265254
req_003017,50000,1,1,1,22,0,0,0,0,0,-1,16144,16624,19232,13665,16497,18647,14490,12499,8048,4169,15526,13573
req_003018,50000,1,3,2,27,-1,-1,0,-1,0,0,17631,23275,20441,19081,21135,23832,16544,16789,7810,16360,18289,10866
req_003019,100000,1,3,2,27,2,2,2,2,2,2,19329,19003,17586,21051,19005,17549,1867,96,2044,2592,3457,1018
req_003020,60000,1,1,2,24,0,0,0,-1,0,0,11156,9327,10087,8491,9354,10630,9295,4587,6262,4255,8035,8697
req_003021,270000,1,2,1,28,0,0,-1,-1,-1,-1,84507,60395,71420,71769,55508,61026,26415,49605,24596,29617,26669,55156
req_003022,20000,1,1,1,24,-2,1,-2,-1,-2,0,0,9148,0,9172,0,11199,0,614,0,4560,0,5359
req_003023,60000,1,2,1,26,0,0,0,0,0,0,8158,6599,6756,7730,6908,5558,4218,3668,3450,3151,1725,5371
req_003024,70000,2,2,2,27,-1,0,0,0,1,0,34721,30147,30580,27074,24146,24517,7808,10940,25555,24755,1525,20487
req_003025,160000,2,1,2,29,0,0,-2,0,0,0,42043,26796,0,41140,37807,34201,20603,6513,0,36960,32075,24265
req_003026,80000,2,3,1,26,0,0,0,0,0,-1,7692,5609,9722,8947,8332,6953,3162,3406,8667,8327,573,4002
req_003027,60000,2,3,2,24,0,0,0,0,0,-2,20052,20445,23597,13748,18553,0,7124,9485,13195,10273,11365,0
req_003028,180000,2,1,2,26,1,0,0,0,-1,0,80114,81864,82463,68104,76796,71766,113,37423,60464,23197,47007,65905
req_003029,80000,1,1,2,28,-2,0,0,0,0,0,0,13964,19703,19347,18887,15137,0,6497,9665,13674,11562,3189
req_003030,70000,2,2,2,29,0,1,0,0,0,0,10769,8123,7544,9263,8285,5781,7137,60,3990,4725,5645,4710
req_003031,160000,1,1,2,29,-2,0,0,2,0,0,0,50021,33566,38602,35240,40016,0,29730,27119,9450,19238,37388
req_003032,160000,2,2,1,26,1,0,0,0,-2,0,122846,138973,129667,113431,0,110602,14320,25665,43563,55625,0,89035
req_003033,50000,2,3,1,27,0,0,0,2,2,1,14110,12599,13183,11591,13982,8397,11825,2952,10130,816,2315,2394
req_003034,50000,2,3,1,29,0,-2,1,0,-1,-1,25876,0,26954,22045,24327,34498,18673,0,1620,12721,4419,21420
req_003035,100000,1,3,1,23,1,1,2,2,-2,-2,59794,62873,65845,53604,0,0,14542,9702,542,3870,0,0
req_003036,190000,2,2,1,29,0,0,0,0,1,2,55395,36314,48951,38582,54708,52397,37367,19062,42098,23746,1218,1292
req_003037,370000,2,2,2,24,-1,0,0,0,0,-1,80808,80370,85632,73429,87847,95114,71765,55168,65953,20712,49920,58575
req_003038,120000,2,2,2,29,1,0,-2,-1,-1,-1,24182,29485,0,26262,25568,27513,552,12646,0,23609,24950,12835
req_003039,80000,2,1,1,25,-1,0,-1,-1,-1,-1,49267,40046,47174,50760,45342,48185,46496,38348,32685,45997,21423,37310
req_003040,140000,2,2,2,24,-1,-1,-1,-1,-1,-1,14093,14531,11492,10895,12793,12440,11156,13061,6242,5328,8778,11875
req_003041,190000,2,1,2,25,0,-2,1,2,2,1,152461,0,112988,105480,140250,98375,80568,0,2457,2571,7879,19736
req_003042,130000,2,2,2,29,0,0,0,-2,0,0,14035,18117,20173,0,20809,18147,12156,16440,16115,0,19945,16835
req_003043,30000,1,2,2,27,0,0,0,-1,-2,0,23127,16708,21640,15964,0,15450,18090,9053,17745,7833,0,9937
req_003044,140000,1,3,2,24,0,-1,0,0,0,0,12549,9512,11475,13988,10838,10674,7574,8236,7153,8132,8914,10252
req_003045,180000,1,3,1,29,0,0,0,0,0,0,72546,84014,60824,73697,47986,58452,42042,63774,25974,49515,22577,44870
req_003046,30000,2,3,2,27,4,-2,3,1,1,0,11822,0,12425,12746,12531,12473,1139,0,787,3930,2043,10675
req_003047,200000,2,2,2,28,0,0,2,0,0,-2,13259,14934,9874,10735,10368,0,10380,11267,1874,7057,6732,0
req_003048,50000,2,2,2,24,-2,0,0,-2,0,0,0,6720,6780,0,8046,7435,0,5978,2619,0,5676,3810
req_003049,110000,1,1,2,28,1,0,-2,0,0,0,33838,34165,0,35702,31198,32004,7230,14005,0,26361,18888,14737
req_003050,40000,1,3,1,25,0,0,-2,0,0,0,25196,31098,0,22102,28268,24320,12835,17979,0,14841,23915,19132
req_003051,120000,1,2,2,25,1,2,2,3,2,1,47923,36253,31267,37710,45585,32979,53,2291,1553,1060,5020,1551
req_003052,210000,2,2,1,26,-2,-2,-1,0,-1,0,0,0,120349,94441,105279,105051,0,0,95988,32361,18911,101440
req_003053,50000,2,2,2,27,0,-1,-1,-1,-1,0,17182,18967,14465,15802,13586,17656,11606,15793,12455,14519,9428,5812
req_003054,140000,2,2,1,26,0,-1,0,0,0,0,50344,73682,45919,63481,49908,50933,41978,18254,39997,59310,43049,38415
req_003055,30000,1,1,2,25,-2,0,2,1,3,3,0,18804,19728,17428,16690,17692,0,15793,2944,3033,481,1040
req_003056,90000,2,2,2,27,0,-1,-1,-1,0,0,49435,39849,36133,45963,47632,40136,37752,22969,33776,36280,27161,15190
req_003057,60000,2,1,1,29,-2,0,0,1,1,-1,0,13337,13956,11288,13123,10949,0,10232,3270,426,1508,5959
req_003058,60000,2,2,1,27,0,0,0,-1,0,0,7225,7202,6833,5668,6701,6065,2573,5840,5209,2065,5508,3515
req_003059,280000,1,2,1,24,-1,-1,-1,-1,0,-1,148358,154723,186548,142940,129923,137379,113868,113506,81511,18182,76294,109545
req_003060,50000,2,2,2,24,-1,0,0,0,1,0,19726,19107,12678,19840,14343,13475,14907,14961,1704,16164,1896,7152
req_003061,140000,1,1,1,25,-1,0,-2,0,0,1,26677,22714,0,28482,25080,21689,21939,10352,0,14864,21116,417
req_003062,90000,1,2,1,27,2,0,1,2,3,3,57628,44600,44352,43488,49457,45856,1440,18520,5343,5923,10,5370
req_003063,160000,2,2,2,26,0,-1,0,0,-1,-1,125134,124884,109647,121956,84688,111402,60408,62235,81308,107138,64021,73773
req_003064,60000,1,2,1,28,2,0,-1,-2,0,0,22864,42455,27909,0,31183,29987,315,26923,21632,0,21764,24634
req_003065,200000,1,2,2,28,-1,-1,0,-2,-2,-2,38394,32625,32361,0,0,0,27317,14476,22999,0,0,0
req_003066,80000,2,2,2,28,1,1,1,0,1,0,20471,26758,23686,24340,18691,24865,1727,6823,1486,10899,4776,15748
req_003067,210000,2,2,2,22,-2,0,-1,-1,0,-2,0,91597,87994,105080,83488,0,0,81155,56211,58050,58442,0
req_003068,100000,2,2,1,28,1,0,0,0,-1,-1,31645,25287,42059,32720,30818,39873,4465,15557,37953,25781,23908,30365
req_003069,80000,1,1,1,26,0,-2,0,1,1,1,29762,0,40377,25527,26056,36532,26244,0,36830,1661,1463,3757
req_003070,80000,1,1,1,23,0,0,0,0,0,0,37598,41985,44128,28901,33731,33339,29720,27477,32366,24498,30963,10111
req_003071,90000,2,2,2,27,0,0,-2,1,0,0,15976,19625,0,10766,12004,11305,11172,2034,0,1616,7088,690
req_003072,70000,2,1,2,28,0,0,0,0,-2,0,10692,11085,11685,9515,0,8066,8992,2117,11229,6552,0,3796
req_003073,80000,2,1,1,29,0,0,0,0,0,0,17561,21555,17804,20777,19233,19544,13370,14000,14806,17556,8736,17366
req_003074,190000,2,2,1,27,2,-2,2,2,1,0,114493,0,105161,88584,77113,91264,13832,0,18795,1787,1416,66620
req_003075,80000,2,2,2,26,-1,0,0,0,1,1,42234,28390,48682,32074,34330,35814,36599,27210,44835,22554,2955,12519
req_003076,200000,1,3,2,26,0,0,0,0,-2,-1,80807,80761,56259,65560,0,52052,66961,72080,22547,31820,0,36435
req_003077,180000,1,1,2,28,0,-1,0,0,0,-1,80610,65342,69112,91997,74863,55966,68188,30215,16834,66556,32722,26034
req_003078,150000,2,1,2,24,-1,-1,-1,-1,0,0,30307,19089,26568,19250,21238,23691,21447,9256,6822,10952,13287,21951
req_003079,40000,2,1,1,24,0,1,1,0,0,1,16287,14781,16538,15115,12911,12556,8459,937,516,11448,10825,2801
req_003080,30000,2,2,1,26,-1,0,0,0,1,-1,2015,2539,2414,2369,2618,2070,1848,939,1962,1525,487,1593
req_003081,90000,2,1,2,27,0,0,0,-2,-1,0,18195,20407,21468,0,23490,20673,8948,1375,18814,0,21976,16330
req_003082,30000,2,1,2,27,0,0,0,0,0,-2,2037,2094,1756,1447,1780,0,1000,2021,369,972,1039,0
req_003083,130000,2,2,1,26,1,1,1,1,0,0,60034,52088,59302,67655,50237,64676,6328,343,1073,6029,49450,59348
req_003084,80000,1,3,1,28,0,0,1,1,0,1,22299,22515,25759,16098,17942,14920,6757,14649,1422,1238,9008,811
req_003085,70000,2,1,2,23,0,0,0,0,-1,-1,11551,14156,13906,11067,11943,6137,10010,9420,9465,5760,9572,3228
req_003086,220000,2,1,1,29,0,1,2,1,0,0,34474,37056,29209,28959,30678,25182,21128,874,267,1736,28047,20361
req_003087,130000,2,2,2,25,-1,-1,0,0,-1,-1,51021,47330,41365,50818,45298,43027,48612,42545,27767,37284,24547,19872
req_003088,240000,2,1,1,28,0,1,1,0,0,-1,118273,104961,85677,95569,110663,103867,71480,10242,3486,25823,107063,43077
req_003089,90000,1,1,1,24,0,-1,-1,0,0,0,4861,5655,4979,4106,5382,4751,1950,3455,3283,3951,3688,1731
req_003090,90000,2,1,2,28,1,1,1,0,-2,0,20894,19254,14511,23016,0,18220,899,1543,4437,12989,0,15874
req_003091,280000,2,2,1,23,0,0,-1,-1,-2,-1,107947,90799,100794,117895,0,102831,87639,43381,43737,48559,0,91625
req_003092,120000,2,3,2,29,0,0,-2,0,0,-2,43711,33476,0,41951,39818,0,7528,2313,0,32880,27778,0
req_003093,120000,1,1,1,28,0,0,0,0,0,2,49430,40975,34760,44803,33579,38563,45389,20007,13159,31206,20658,893
req_003094,90000,1,3,2,24,0,0,0,-1,0,0,1230,1102,1066,1215,1241,1171,859,902,783,837,770,523
req_003095,130000,1,2,2,25,1,1,2,1,1,1,83091,94008,74899,74542,80791,86291,11999,1742,2561,275,6071,3932
req_003096,140000,2,1,2,29,0,0,0,0,0,1,45912,46644,47190,55259,58343,49584,7762,23609,14851,47546,39550,2287
req_003097,140000,2,2,1,26,-2,0,0,0,1,2,0,40470,52272,42514,59037,44987,0,31783,32835,38963,1811,5859
req_003098,290000,2,2,2,28,2,2,1,1,0,0,95777,127855,102572,110060,113389,90235,7931,18626,7903,9750,96027,22507
req_003099,50000,1,1,2,28,1,1,0,0,0,1,7554,5390,6759,6911,5946,5490,2450,875,1762,3997,4040,50
req_003100,90000,2,2,1,23,-1,0,-1,-1,-1,-1,19125,17920,19154,18483,19268,19713,17154,5748,17310,13370,14650,6046
req_003101,80000,2,2,2,29,-2,-2,-2,0,0,-1,0,0,0,18492,18428,16938,0,0,0,11909,11391,15519
req_003102,80000,2,2,2,27,0,0,1,0,0,0,40643,40279,35426,43228,45578,41337,36815,22851,6403,29675,17023,33793
req_003103,250000,2,1,1,25,-2,-1,-1,-1,-1,-1,0,71942,42713,64612,46267,49174,0,24537,33851,23240,45559,32455
req_003104,120000,2,2,2,23,1,0,0,0,-2,-2,60819,54097,44517,69363,0,0,17907,32424,32144,27234,0,0
req_003105,50000,2,1,2,26,-1,-1,0,0,0,0,29312,29242,24716,29734,22958,24946,19307,23769,19316,18519,21867,12887
req_003106,90000,1,2,2,28,0,0,0,0,0,0,41407,36219,39564,42577,42191,49008,30753,25239,4090,10588,8762,48341
req_003107,300000,1,2,1,24,1,2,3,2,2,2,203908,206232,180725,176866,142669,178345,15952,4469,51745,20662,23068,3137
req_003108,240000,2,2,1,22,0,0,0,0,0,-1,21554,10529,14515,14694,13332,12085,15060,4776,5471,8768,8192,2362
req_003109,60000,1,1,1,27,1,-2,0,0,-1,-1,28898,0,21003,26238,29858,23892,494,0,17662,13503,21270,18826
req_003110,60000,1,2,2,26,0,0,-1,0,1,0,16156,15738,13458,20740,20729,16171,6536,11871,7153,16851,373,6918
req_003111,40000,2,1,2,25,0,0,0,0,0,0,15599,18286,13301,19670,16336,14672,12062,9408,533,12044,13215,6015
req_003112,170000,1,2,2,26,-1,-1,-1,-1,-1,0,160653,132020,105047,83951,113438,98531,111650,68578,96198,76752,43006,76419
req_003113,60000,1,3,2,26,2,1,0,0,1,0,11569,7421,13207,9747,8741,9515,460,1214,6964,6988,416,6531
req_003114,70000,2,1,1,29,0,0,0,0,0,0,2154,2749,1865,2213,2437,2313,1286,2169,785,1318,2271,1970
req_003115,60000,2,2,2,29,0,0,0,0,0,0,21961,22052,17902,12890,18724,20998,21182,17465,14335,10160,13803,18407
req_003116,40000,2,1,2,25,0,0,-2,-1,-1,-1,28032,23700,0,24274,18581,20421,18643,17034,0,12074,13654,5876
req_003117,70000,2,2,2,25,0,0,0,0,0,0,18605,20391,18948,19725,18838,14727,16517,12388,6513,13315,12412,8516
req_003118,420000,1,1,2,27,-1,-1,-1,-1,-1,-1,13046,12505,18723,15701,16628,14719,6586,11968,16801,4357,9602,7210
req_003119,110000,1,1,1,29,0,0,0,0,0,0,5729,6464,6802,7596,7994,6182,1404,5735,2028,4612,4618,3702
req_003120,260000,1,1,1,26,1,0,0,0,-1,-1,112640,131687,112445,92863,88615,72412,30605,94865,54515,56958,65835,50272
req_003121,800000,2,1,2,29,-1,-1,-1,-1,-2,-1,633625,470897,468327,525835,0,259662,283301,355824,245654,242454,0,217332
req_003122,60000,2,1,1,29,1,0,0,0,0,0,10675,15304,15113,11438,11037,9967,863,7989,12742,5437,4401,7365
req_003123,90000,1,2,2,23,1,2,1,1,3,5,21434,18043,19906,27666,20932,23100,1163,402,918,199,118,2968
req_003124,120000,1,1,2,25,-1,-1,-1,-1,0,0,36772,34129,35504,31669,25138,30734,26007,33118,30990,24293,19512,26198
req_003125,150000,2,2,2,26,0,0,-1,-1,0,-1,12798,14673,10535,13634,9163,9631,7884,7985,3631,12045,7964,2389
req_003126,210000,2,2,2,26,0,0,-1,0,0,0,47990,47492,57837,50822,52987,43091,11605,11955,41264,48127,24430,39808
req_003127,50000,2,2,1,27,0,-1,-1,0,-1,-1,27003,25824,32122,32050,20925,24552,23737,18946,28497,15886,18995,14918
req_003128,450000,1,1,2,29,0,0,0,-2,0,-1,241433,257322,278345,0,280734,281968,38066,160335,103111,0,192294,27985
req_003129,70000,2,2,1,26,0,0,1,-1,-1,-2,21515,20496,22141,22242,20774,0,14356,4964,2613,14765,9259,0
req_003130,90000,2,1,1,24,0,0,-1,-1,-1,-1,50612,44235,40385,58494,54955,57715,36730,32052,33714,46817,44770,29865
req_003131,220000,2,1,2,27,0,0,0,0,-1,0,95727,100666,82963,95217,90766,100311,43320,76751,42657,84575,73393,79815
req_003132,260000,2,2,1,23,1,2,1,0,0,0,62455,73391,58288,68228,67117,56564,12124,5129,13677,50169,34284,42478
req_003133,140000,2,1,2,27,-1,0,1,0,-1,-1,49066,66958,67509,62475,61361,66183,26534,36267,6675,51746,39539,65620
req_003134,60000,1,2,1,29,0,-1,0,0,0,0,38542,39430,37317,41054,43229,30561,27465,26928,19200,19695,22368,21862
req_003135,170000,2,1,2,29,0,0,-1,-1,0,-1,130392,106380,155128,129946,95927,121589,80305,76436,104704,80891,83342,78655
req_003136,60000,1,2,1,29,0,2,0,0,-1,0,15555,16962,16048,14221,11354,18233,7791,2576,8842,4565,7538,18182
req_003137,90000,1,1,1,29,1,0,0,0,-2,-1,61159,50142,52952,44714,0,45038,10814,48003,39567,9100,0,14438
req_003138,170000,1,2,1,25,2,0,-2,0,-2,1,117590,135691,0,104002,0,121162,16971,122409,0,36569,0,1859
req_003139,140000,2,2,1,29,0,0,0,-1,-1,-1,58190,57520,68888,58000,57899,52133,46845,33130,17636,56709,53457,40622
req_003140,40000,2,2,2,26,0,1,1,2,0,0,24551,27548,38139,30833,27061,29910,4016,2675,391,1489,12377,9903
req_003141,80000,1,2,1,22,1,2,-2,1,1,0,20571,18912,0,24947,27690,18748,2566,2029,0,282,2432,14684
req_003142,230000,2,1,1,27,0,0,0,0,-1,-1,41756,39019,28660,30122,30813,37023,30268,22806,21981,15052,30222,18580
req_003143,90000,1,1,1,29,-2,0,-1,-1,-1,-1,0,9750,7280,7007,9996,9336,0,8182,3660,3567,6451,6771
req_003144,50000,2,3,1,22,-1,-1,0,0,1,-2,8198,7680,6640,7008,8607,0,4050,5768,5136,5334,985,0
req_003145,200000,1,1,2,22,0,0,0,0,0,0,76524,62327,61378,68354,56998,58125,30982,43594,59678,60658,35649,45235
req_003146,70000,1,2,1,24,-1,-1,-1,0,1,1,26160,26801,27957,28558,27323,21316,23842,6925,21924,2270,9115,33
req_003147,140000,1,1,2,28,0,-1,-1,-1,-1,-1,79533,59008,47985,56274,52892,46662,41700,26501,32985,44282,28425,9852
req_003148,60000,2,1,1,28,-1,-1,-1,-1,-1,-1,32362,28757,26357,20072,21265,20794,21224,19926,11337,18441,18875,10031
req_003149,20000,2,1,2,27,-2,1,-2,0,0,0,0,2023,0,1348,1624,1793,0,177,0,1249,1566,1542
req_003150,100000,2,3,1,26,1,1,-2,0,0,-1,34549,27240,0,34212,27616,24062,13208,2276,0,25755,11970,4481
req_003151,80000,2,2,1,26,0,0,0,0,0,0,17468,14552,19546,17849,19495,13047,11039,7924,12193,14627,8027,8855
req_003152,150000,1,2,2,29,0,0,0,-2,0,0,55997,59317,55941,0,57755,53159,33884,46638,49649,0,39164,30016
req_003153,210000,2,1,1,27,0,0,-2,0,0,-1,150781,143497,0,123248,148755,102777,101564,128983,0,97638,124058,50370
req_003154,110000,2,2,1,27,0,-2,-2,0,-1,0,27840,0,0,19280,15454,23415,20688,0,0,16618,4194,20639
req_003155,170000,1,1,2,27,-2,0,0,-2,-1,0,0,93024,115175,0,83871,101950,0,51934,103795,0,10083,91864
req_003156,100000,1,1,2,26,1,-2,1,0,0,0,23445,0,26114,19151,27213,24154,3878,0,2539,2836,24518,11288
req_003157,90000,2,1,2,26,2,0,1,1,0,-1,43101,35849,40697,25682,39214,34369,2073,10286,866,4237,17352,27782
req_003158,40000,1,2,2,23,0,1,0,1,0,0,12250,9022,7244,7869,11235,11227,1687,861,5318,287,6529,6134
req_003159,260000,1,1,2,28,-2,0,0,0,0,-1,0,21392,18606,19371,17537,16713,0,16772,14151,3135,6570,6210
req_003160,70000,1,2,1,28,-1,0,0,0,-1,0,6634,4211,4238,5521,4859,6579,4461,4000,2161,1292,3523,2876
req_003161,40000,1,1,1,23,0,0,0,0,-2,-2,8958,9350,8354,6124,0,0,3346,7357,1322,4843,0,0
req_003162,30000,2,1,2,26,-2,0,0,-1,0,0,0,3728,4430,4354,3977,4789,0,1880,2670,1925,3278,3766
req_003163,250000,2,2,1,27,1,0,-1,0,0,0,199338,217855,183260,183207,142944,159471,26641,164107,150471,172930,57772,79452
req_003164,100000,1,1,1,24,1,0,0,0,0,-1,64642,60302,81159,71045,55234,57358,14399,44690,35597,26461,26373,18967
req_003165,110000,2,2,1,25,-1,-1,-1,-1,-1,-1,35126,37155,35630,37269,37757,34237,14993,4038,15765,21180,23444,17117
req_003166,400000,1,2,1,27,0,0,0,0,0,0,162787,154041,154070,118952,186478,161512,72774,100376,135579,103254,168470,112370
req_003167,430000,1,2,1,28,-2,0,0,0,-1,-1,0,284693,255725,343959,311855,326427,0,271168,63939,246795,256545,268188
req_003168,140000,2,1,1,29,-1,0,-1,-1,-1,-1,19107,20530,19343,20200,17641,17748,13539,16097,13705,3781,4823,14330
req_003169,270000,1,1,1,22,0,0,0,1,0,0,65605,68719,59918,55238,51295,53212,43833,37174,41535,10319,35956,39756
req_003170,110000,1,1,1,28,0,0,0,-1,0,0,18246,22191,23770,24186,14658,14695,15307,7574,7603,10292,10179,2072
req_003171,60000,1,2,1,29,0,0,0,0,0,-1,26786,24408,20212,21286,15631,23360,5036,19070,11389,8407,11602,5616
req_003172,200000,1,1,1,29,-1,0,0,-1,-1,-1,81612,64839,54017,38086,66863,36843,54036,55969,41984,20193,41446,16904
req_003173,170000,2,2,1,28,0,1,-2,-2,-1,-1,35188,38809,0,0,30517,39405,22037,7582,0,0,24991,26383
req_003174,50000,2,1,2,25,0,-1,-2,0,0,1,15368,19281,0,17102,18082,17904,12825,15927,0,10985,13775,1512
req_003175,80000,1,1,2,25,1,2,-2,2,0,0,23863,19670,0,15539,19472,24216,427,151,0,3709,3398,18474
req_003176,80000,2,1,2,26,-2,-2,1,0,0,0,0,0,23619,20832,22057,19160,0,0,1382,12417,14637,15384
req_003177,90000,2,1,2,29,-1,0,0,-1,-1,-1,28332,30138,25768,29024,25751,27339,23388,22566,19364,16001,6705,17081
req_003178,60000,2,2,1,22,-1,-1,0,2,0,-2,21868,22553,18897,19927,20436,0,13135,16564,10426,2769,12418,0
req_003179,70000,2,1,2,23,0,0,-2,0,0,0,5869,5670,0,4348,5099,5029,2425,3314,0,2205,510,4591
req_003180,100000,1,1,1,28,-2,-1,-2,-1,-1,-1,0,7103,0,7026,4882,7138,0,2515,0,4789,3450,6082
req_003181,310000,1,1,1,27,0,0,0,0,-2,0,130787,152889,152359,173138,0,123733,62561,26888,131491,73278,0,83960
req_003182,140000,2,2,1,25,0,-1,-1,-1,-1,0,52980,53818,63322,56572,50347,55019,27943,36097,4594,39692,28380,35567
req_003183,570000,2,2,2,29,0,1,1,0,0,-1,226142,227513,180938,235090,229359,158518,86854,16420,11937,80461,29847,60141
req_003184,400000,1,2,2,26,-2,0,-1,0,-1,-1,0,111623,70025,75251,80130,59170,0,69180,42447,66000,46852,47264
req_003185,210000,2,2,2,27,0,-2,0,0,0,1,78698,0,103133,86819,80520,74562,24395,0,58674,24822,75442,2213
req_003186,50000,2,2,2,29,-1,-1,-1,0,-2,0,13391,11182,8188,6854,0,10838,10227,10269,4361,4304,0,9930
req_003187,180000,2,1,2,23,0,0,0,0,-1,-1,51427,59184,59001,57628,44039,58436,15636,30430,16468,29094,12686,33554
req_003188,50000,1,2,2,27,0,0,-1,-1,0,-2,11299,15223,9406,10419,7343,0,7786,7947,5469,10253,4379,0
req_003189,80000,2,3,1,29,0,0,0,0,0,0,11770,10510,13920,11491,9905,8824,3690,7997,10444,8843,2983,5888
req_003190,60000,1,2,2,26,-2,-1,-1,-1,-1,-2,0,33562,35473,28737,25384,0,0,19118,27609,5308,9827,0
req_003191,90000,2,1,1,29,0,-2,-1,-1,0,0,31095,0,22996,26686,26141,22765,14323,0,12175,17511,22462,11445
req_003192,60000,2,2,2,23,0,1,1,1,2,1,8175,6068,7624,6447,8446,6569,1959,487,1068,235,865,247
req_003193,50000,2,1,1,27,0,-1,-1,-1,-1,-1,12982,14439,13763,12600,13604,11876,7357,11624,9101,9421,9217,9214
req_003194,210000,2,1,2,24,0,-1,-1,-1,-1,-1,39782,35048,34743,40199,49316,47686,33759,12306,18365,19973,25562,18769
req_003195,110000,1,2,2,25,0,0,1,0,0,0,61232,49046,49715,29467,47057,49640,22523,31588,8052,22638,22346,6346
req_003196,170000,2,1,1,26,1,0,1,1,2,1,105892,93289,89220,86204,84349,89044,21932,51252,12238,6256,5002,5464
req_003197,180000,1,3,2,27,-2,0,0,0,2,1,0,27273,22685,29673,20998,27560,0,16381,15887,11260,985,3369
req_003198,70000,2,2,1,23,0,0,0,1,1,0,20526,24803,17560,16924,13562,18999,13383,14776,7933,5917,613,17348
req_003199,90000,1,2,1,29,1,1,2,2,-2,0,51864,66275,60390,53858,0,49264,5775,5821,444,8825,0,19872
req_003200,220000,2,2,1,23,1,0,0,0,-2,-1,85472,111073,102362,82423,0,90660,4186,80231,41657,36487,0,54932
req_003201,130000,2,3,1,29,0,0,0,0,0,-1,65494,56083,69620,58655,48498,42359,36028,24987,46171,36229,28071,37206
req_003202,10000,1,2,1,28,-1,0,1,0,-2,0,1975,1915,2153,1796,0,2233,1873,1095,406,447,0,1448
req_003203,60000,2,1,2,29,0,-1,-1,-1,-1,-1,1444,1180,1178,1254,989,897,910,910,255,764,877,157
req_003204,100000,2,4,1,28,0,0,0,-2,-1,0,29736,29918,19301,0,33457,17430,23129,26435,8671,0,27959,6077
req_003205,110000,1,1,1,29,-2,-1,0,-1,-1,0,0,9898,7533,6497,8369,6868,0,7774,2721,6122,5987,6751
req_003206,70000,2,3,2,27,1,3,2,-2,1,4,33426,33395,31770,0,27516,27641,8057,6162,13471,0,3035,9986
req_003207,50000,1,3,1,28,0,0,1,0,0,0,12274,11763,14939,10538,10394,10787,7954,11202,99,9723,4078,7589
req_003208,490000,2,2,2,25,-1,-1,0,-2,-1,-1,386326,440388,372089,0,435788,322305,309525,207610,277019,0,307624,239434
req_003209,190000,1,3,1,25,0,0,0,0,0,0,49677,43883,47794,47437,38889,38679,24322,30289,15195,36309,976,19243
req_003210,200000,2,1,1,28,2,1,1,1,0,0,141955,194256,216880,152288,169776,164597,32985,3267,40583,4446,125420,138182
req_003211,230000,1,1,1,23,0,0,-1,-1,-1,-1,77799,110719,96081,73283,110847,92010,40984,64026,6979,51992,71897,49364
req_003212,120000,1,2,1,24,-1,-1,-1,-1,-1,-2,29730,20958,23314,23286,22164,0,20064,10009,14331,22191,21962,0
req_003213,140000,2,2,1,27,0,-1,-1,-1,-1,-1,42310,44254,41019,38621,37642,44388,38381,40733,26149,13853,24890,15619
req_003214,110000,2,1,3,25,-1,0,0,0,-1,-1,21205,19638,19399,14771,17113,15938,14108,11349,12166,11879,15934,11239
req_003215,60000,2,2,1,29,1,0,0,1,0,-2,11831,10431,11482,13179,12349,0,662,7277,4190,54,9236,0
req_003216,90000,1,2,2,25,0,0,0,-2,0,1,40372,39957,32671,0,35895,38541,8275,22622,18768,0,4454,8475
req_003217,40000,2,3,1,25,-2,-2,-1,0,0,0,0,0,1500,1199,1188,1202,0,0,679,705,737,490
req_003218,70000,1,3,3,24,2,0,0,0,-2,0,10026,11184,10018,10514,0,9828,1241,4837,8176,7398,0,3674
req_003219,80000,2,3,1,24,0,0,0,-2,3,3,18647,18628,24693,0,15757,19446,9500,11481,19826,0,402,2054
req_003220,30000,2,2,2,26,2,1,-2,2,2,0,15350,14548,0,11540,13229,13486,158,1015,0,1453,1122,12205
req_003221,80000,2,3,2,23,3,2,0,2,0,1,21556,30364,33866,30862,21415,28958,250,2798,8239,1604,11983,3862
req_003222,100000,1,2,2,29,0,0,1,0,0,0,31808,41635,29965,29718,31956,37350,10605,35816,2468,12661,14741,22618
req_003223,60000,2,2,3,23,-1,0,-2,-1,0,1,15901,21237,0,11569,19709,17300,9097,19031,0,7886,9935,124
req_003224,30000,1,3,2,25,0,-1,0,0,0,0,11303,9388,8056,10208,8518,9517,7513,7576,3842,6310,7190,421
req_003225,270000,2,2,2,27,0,0,0,0,-1,-1,57193,48229,57666,60463,67058,59033,55690,31385,12848,37058,27024,11691
req_003226,20000,1,2,1,29,0,0,2,-2,0,0,6513,5362,5842,0,7086,6541,3497,5005,584,0,6372,3321
req_003227,90000,1,2,2,25,0,1,1,3,0,3,38228,36168,31531,26449,26620,39654,15512,1222,7606,1491,10610,2606
req_003228,270000,2,2,1,26,0,0,-1,-2,-2,0,38067,36521,33115,0,0,22572,29396,12054,19349,0,0,9453
req_003229,260000,2,2,2,28,-2,0,1,0,0,0,0,30125,22544,24023,29396,20438,0,27245,1263,13901,24412,4707
req_003230,160000,2,2,1,29,-2,-2,-1,0,-2,0,0,0,113413,100662,0,116548,0,0,60068,82855,0,78051
req_003231,80000,1,2,1,29,0,0,0,0,-1,-1,19373,22111,21824,20944,13174,17253,6044,12369,11899,16535,9371,8650
req_003232,190000,2,2,2,27,0,-2,-1,-1,-1,-1,120294,0,111962,101960,103712,90206,83458,0,96450,71554,77624,79450
req_003233,80000,2,2,2,29,2,0,-1,-1,-1,-1,14421,13919,13660,11923,10776,12881,1728,5039,10278,9148,3073,11327
req_003234,280000,1,2,1,26,0,0,0,1,1,0,62547,47196,56231,57928,43577,43025,18288,31972,48068,591,142,15052
req_003235,100000,2,2,1,27,-2,-2,-2,0,-2,-2,0,0,0,21224,0,0,0,0,0,18944,0,0
req_003236,230000,2,1,2,27,2,0,1,1,1,0,47545,37633,39398,36386,29900,34192,1657,19884,10486,246,1532,31721
req_003237,240000,2,2,1,26,-1,1,0,0,3,3,22507,19557,24215,19612,21014,24169,20778,2326,21358,7638,2088,1954
req_003238,280000,2,1,2,28,1,0,0,1,1,0,89239,78401,90897,83867,84792,70062,3359,38947,79319,31541,9896,41460
req_003239,110000,1,2,1,28,-2,0,0,0,-2,0,0,15869,13232,9602,0,13280,0,10697,6726,6527,0,10984
req_003240,130000,2,2,1,27,-1,0,0,0,0,-1,34537,53211,42980,37480,37795,43301,16726,28215,33472,34660,25916,39955
req_003241,70000,1,2,2,24,0,0,1,1,1,1,10395,10221,10888,10718,11780,11324,4085,3189,56,544,2185,291
req_003242,150000,2,2,1,28,-1,-1,-1,-1,-1,-1,113317,97198,119040,100477,98088,121200,77894,83156,107912,55421,44543,95026
req_003243,90000,1,3,1,28,0,1,1,0,0,0,41690,49211,65728,50184,33535,36755,32936,9368,5693,33044,30743,33110
req_003244,80000,1,1,1,28,0,0,1,1,1,2,38644,33959,35798,37572,28826,24433,20318,12422,10884,2290,4942,6024
req_003245,90000,1,1,2,24,-2,1,0,-2,-1,-1,0,2353,2748,0,1803,1958,0,30,1128,0,601,1649
req_003246,110000,1,2,1,27,-2,0,0,0,0,1,0,70777,75385,67694,68285,66366,0,65976,40742,52823,49358,20767
req_003247,120000,2,1,2,27,0,0,0,0,0,-2,47005,49091,41132,42883,50111,0,36334,30172,31565,32860,43255,0
req_003248,270000,2,2,2,27,-1,-1,-1,-1,-2,-1,13386,11798,12444,11146,0,13199,10833,5787,3037,4314,0,12759
req_003249,40000,1,2,2,29,-1,0,0,0,0,-1,3934,3012,3008,3890,4652,3928,2990,2458,2047,3237,2848,1597
req_003250,90000,1,1,2,25,0,-2,2,1,1,3,33507,0,31721,30131,28236,28435,26048,0,2356,653,7465,6471
req_003251,120000,1,1,1,26,1,0,0,0,0,0,60818,52059,56285,55666,43022,62740,8454,30686,29759,45509,33942,15478
req_003252,60000,1,2,1,26,1,-2,0,0,0,0,21651,0,21738,14128,16324,21785,1529,0,14496,3694,11472,4871
req_003253,80000,1,2,2,28,0,0,0,2,0,0,33476,35453,34395,39741,35590,30321,27368,16581,29936,2326,14321,5097
req_003254,50000,2,2,2,26,0,0,0,0,-2,-1,1008,1466,1326,1340,0,1310,795,525,669,1134,0,928
req_003255,40000,1,2,1,22,-1,-1,-1,-1,-2,0,14679,10637,12853,13050,0,12022,5534,10297,7140,11287,0,2994
req_003256,170000,2,2,2,27,0,0,-1,-1,0,-1,70273,73203,70453,80007,58482,57672,30535,65780,15646,67922,31431,55255
req_003257,60000,2,3,1,29,-1,0,0,0,0,0,1841,2066,2076,1900,1830,1967,796,1786,1505,480,1805,1311
req_003258,70000,2,3,1,27,0,0,-1,-1,-1,-2,23097,16893,19121,23072,23480,0,3759,10524,12482,22335,14764,0
req_003259,100000,2,1,2,27,0,0,-1,0,0,0,12029,10603,12030,14435,10757,10994,7256,7907,10080,11631,10606,6495
req_003260,80000,2,1,1,29,1,0,1,2,1,0,28564,30699,24904,25849,23571,20010,2246,27353,5267,4568,2970,10277
req_003261,120000,2,2,1,27,0,0,-1,-1,-1,-1,63103,64682,62995,55053,53835,60700,5977,36180,39887,21398,45119,31177
req_003262,50000,1,2,2,25,0,0,0,-2,-1,-1,21391,18419,15180,0,17303,22367,11736,1804,9352,0,11658,21654
req_003263,180000,2,2,1,28,0,0,0,0,0,1,48373,62932,58051,56092,65322,58564,33900,31275,37819,37851,59670,14
req_003264,170000,1,2,2,25,-2,2,2,1,1,1,0,11261,11359,10776,12065,9393,0,1898,1109,537,118,3131
req_003265,150000,1,3,1,28,0,-1,0,0,1,-1,71202,82927,64573,86213,93190,64198,53626,37652,43046,19855,22763,45456
req_003266,430000,1,2,2,28,-2,-1,-2,-1,0,-1,0,206650,0,213487,136895,250195,0,148453,0,139904,83808,33239
req_003267,80000,2,2,2,29,0,0,0,0,-1,0,17454,21873,15320,21196,16639,17241,7317,11492,2456,16959,7171,16468
req_003268,300000,2,1,1,22,0,-1,-1,-1,-1,-1,225168,202971,177797,247646,206169,171070,78900,163828,47277,101389,160041,140977
req_003269,120000,1,2,1,27,2,1,2,2,0,0,41243,43706,37406,45732,33519,43309,79,8722,802,7851,20749,34037
req_003270,130000,2,1,2,27,2,0,-2,0,0,1,40286,36730,0,37310,45653,34012,6101,34103,0,28352,36428,827
req_003271,110000,1,2,2,26,0,1,0,0,0,0,58419,81515,64480,62122,76592,52058,24886,4528,56843,45468,62739,8239
req_003272,100000,2,2,2,27,-1,-1,-1,-1,-1,-1,15258,14681,15332,14367,12464,9418,12859,11879,2244,10836,8572,4388
req_003273,90000,1,3,1,26,-2,0,0,0,2,1,0,21556,26791,24555,24227,24142,0,16374,18263,14693,34,1994
req_003274,60000,1,2,2,29,0,-2,0,0,-2,-1,7110,0,7010,6630,0,6155,5180,0,5631,4153,0,2892
req_003275,140000,2,1,2,25,1,0,0,0,-1,-2,97647,105570,87349,89395,105520,0,23475,80577,40007,46109,76251,0
req_003276,250000,2,3,2,24,0,0,0,-1,0,0,68834,57349,52115,53947,78399,64981,19934,41426,14658,43932,69888,56187
req_003277,40000,1,1,1,27,0,-1,0,0,0,0,14221,12891,13840,16442,15878,13530,13031,3006,7253,12240,12098,7313
req_003278,100000,2,3,2,26,0,3,2,-2,0,-1,57171,53461,53377,0,66811,59809,42990,3620,4723,0,25294,47495
req_003279,180000,2,3,2,28,0,2,2,0,0,0,26696,28041,25266,30814,26101,28388,25271,9320,114,21194,19776,10126
req_003280,70000,1,2,2,28,0,1,1,0,0,0,28044,29955,29707,25586,25343,24424,14667,981,361,2759,6572,19359
req_003281,90000,1,2,2,24,-1,-1,-1,-1,-1,-1,35304,39457,32103,32889,33026,30590,18446,32283,20834,16165,13983,12533
req_003282,180000,2,2,2,22,0,0,0,0,0,-1,47262,53398,53005,62841,44190,66012,26530,37847,42135,55907,28996,44255
req_003283,250000,2,2,2,27,0,0,0,0,-1,-1,5676,3835,6170,3768,4273,4195,3591,2917,4799,1403,2792,1924
req_003284,120000,2,1,2,27,-2,0,1,0,1,0,0,63171,52203,49241,39572,62774,0,15766,435,35540,1496,14653
req_003285,250000,2,1,2,27,-1,0,0,0,-1,-1,134145,139268,114065,107717,143831,130989,60434,91334,38098,39957,86934,125536
req_003286,40000,1,1,2,21,1,0,0,0,0,1,18446,16110,21390,19357,20203,16489,313,15728,11987,11132,13845,1662
req_003287,60000,2,2,2,28,0,-1,-1,-1,-1,-2,10294,9485,10515,9476,11850,0,8846,9325,8613,2628,11280,0
req_003288,30000,1,1,1,22,2,2,2,2,1,1,9902,7993,9625,9707,10176,9743,866,2833,1019,448,364,429
req_003289,40000,2,1,2,21,-1,0,-1,-1,-1,-1,9307,9473,7881,8425,7425,7521,4968,8167,236,8016,5158,4531
req_003290,50000,2,2,2,24,0,0,2,2,2,1,32379,34220,33556,23276,29624,25856,10198,6178,4414,2591,7420,2372
req_003291,40000,1,1,1,29,0,0,0,1,1,0,10503,9876,6592,10076,9268,8857,9953,6848,5866,265,837,4315
req_003292,80000,2,2,1,29,0,1,0,0,1,1,34660,27276,36370,37502,32208,34491,33476,397,16874,37137,1783,5037
req_003293,550000,2,2,1,24,1,0,0,-1,-1,-1,263342,204523,288635,289889,159186,182445,8608,100951,142703,276271,37509,70912
req_003294,130000,2,2,2,25,1,0,0,0,1,3,35764,28306,35017,33274,30839,32389,2999,23413,4614,32236,2579,6728
req_003295,100000,2,3,1,26,0,0,0,0,-2,-1,89726,80542,69138,68353,0,74708,79501,22079,27574,53532,0,69793
req_003296,70000,2,1,1,28,0,1,0,-1,-1,-1,37794,29927,27282,33605,29874,27594,17030,1616,4027,24596,19329,3383
req_003297,80000,1,1,2,26,1,0,0,0,0,-1,24159,34659,19809,29081,25001,23740,2264,9639,12614,19837,20185,23040
req_003298,280000,2,2,2,23,0,0,-1,-1,0,0,25115,25622,27681,29344,21344,30682,16470,15338,24739,8380,16339,17689
req_003299,60000,1,1,1,28,-1,-1,-1,0,-1,-1,5280,6572,6491,7016,5172,5417,1976,2521,2144,4054,2972,1855
req_003300,60000,2,1,2,27,0,-1,0,0,0,0,11363,10846,9453,10056,8274,11346,6714,7530,5327,8878,4854,8893
req_003301,380000,2,2,1,28,-1,0,0,0,-1,-1,97727,82590,72352,73127,54935,52829,94215,37752,24670,50171,43039,31482
req_003302,80000,2,2,1,27,0,-1,-1,-1,0,0,2528,3718,3112,2198,2677,3206,666,3006,878,1380,1704,1378
req_003303,70000,2,1,1,26,0,0,-2,0,1,0,37652,20333,0,24190,28978,25982,23777,14991,0,12824,2410,10572
req_003304,110000,2,2,1,28,-1,-1,-1,-1,-1,-1,24944,30343,32015,20860,28364,27483,13029,20179,10973,15504,21483,18237
req_003305,60000,2,2,1,23,0,2,2,2,1,1,34291,48568,41393,31534,39763,47428,9342,5269,1009,8037,126,4329
req_003306,70000,1,2,1,24,0,-1,-1,-1,-1,-1,23972,24342,25297,27331,25829,23219,8388,8641,7564,16092,21933,22693
req_003307,130000,2,3,2,24,-1,-1,-2,1,1,2,98916,88700,0,86592,90921,99227,60045,26951,0,8124,1197,3667
req_003308,30000,1,2,1,26,0,0,0,0,2,5,12994,17787,14836,13633,15807,14911,9766,3805,12433,9740,1431,1992
req_003309,80000,1,2,2,28,-1,-1,-1,-1,-2,-1,29938,35599,34996,29666,0,28364,22382,34307,29500,23551,0,17655
req_003310,290000,1,2,2,29,-1,0,-1,-1,0,-1,32803,35390,45263,32850,33679,37062,14545,11217,31366,28770,24673,10906
req_003311,80000,1,2,2,22,-2,0,0,3,3,1,0,71818,45462,64410,61016,46209,0,57294,23369,5643,5659,2485
req_003312,30000,2,3,2,27,0,0,0,-2,0,0,5637,5666,5245,0,4157,4085,2297,529,3477,0,2268,3716
req_003313,90000,2,2,1,29,1,0,0,1,1,0,75565,76242,58197,47186,52679,52762,1359,48706,27280,4663,16359,40612
req_003314,60000,1,1,2,27,0,0,0,0,0,1,17982,19133,16236,17297,19193,18183,16607,15808,13815,14584,9942,2664
req_003315,90000,1,2,2,28,1,1,1,1,-2,2,42800,38318,42453,48492,0,37466,388,4188,6907,9970,0,7634
req_003316,90000,2,2,2,23,0,1,1,0,0,1,50853,64238,66904,65709,51363,57758,23179,3782,3520,22208,30109,3133
req_003317,110000,1,1,2,24,0,0,0,-1,-1,-1,29438,19587,26162,30563,19889,19326,23641,15313,23589,6709,10856,12571
req_003318,100000,1,2,1,29,2,2,2,0,0,0,52268,65163,54729,58443,52509,43775,1346,8266,4054,13314,32996,39570
req_003319,30000,1,2,2,29,0,0,1,2,0,1,9685,13522,9763,10956,8928,10432,5230,13007,1592,171,3346,2486
req_003320,220000,2,2,1,27,0,0,0,0,1,0,19771,15098,20049,13725,16630,17556,14584,11273,6195,8030,1733,14762
req_003321,90000,1,2,1,26,-1,-1,-1,-1,-2,-1,16175,17706,12968,15298,0,14634,11118,5590,6150,6585,0,12188
req_003322,100000,2,1,1,27,-1,-1,-1,0,-1,0,38214,32697,32488,32088,30785,29944,22829,27182,24094,20986,22349,23290
req_003323,20000,2,3,1,28,0,0,-2,-2,0,-2,8449,8736,0,0,5776,0,8310,6758,0,0,1024,0
req_003324,110000,1,1,2,29,-2,-1,-1,0,-1,0,0,27586,21984,26069,20315,26774,0,12984,17004,22901,11192,9091
req_003325,130000,1,2,1,26,0,-1,-2,-2,-2,1,11730,12721,0,0,0,11113,10659,11478,0,0,0,751
req_003326,160000,2,2,2,28,1,1,1,1,-2,-1,58668,41680,53258,44204,0,43176,4249,848,4326,5905,0,29329
req_003327,60000,1,2,1,29,-1,-1,-1,-1,-1,0,30259,40594,40569,42677,46172,49688,7890,33092,11626,38446,20381,13855
req_003328,80000,1,1,2,27,0,0,1,0,0,1,18706,20619,18191,17485,16102,14665,2557,19068,2750,14308,3282,465
req_003329,40000,2,1,1,29,1,0,1,0,0,0,6630,6139,6337,6734,6107,5066,561,6059,2466,3143,5209,1327
req_003330,40000,2,2,1,29,2,1,0,0,0,-1,18292,25552,22378,15210,22752,25862,814,2858,12955,7588,12432,21565
req_003331,120000,2,1,2,26,0,-2,0,0,0,-1,15394,0,14563,15121,15429,14724,12366,0,8246,7846,12032,10095
req_003332,290000,1,2,2,25,-2,0,0,0,0,-2,0,16338,14612,19363,17940,0,0,11710,11035,5826,8680,0
req_003333,100000,1,1,2,29,0,0,1,0,0,0,19563,22626,13634,18898,17925,15390,16543,12579,1089,13358,12948,11048
req_003334,200000,2,1,2,28,0,1,0,-2,-2,0,79614,84714,64827,0,0,51037,58730,47,52691,0,0,45785
req_003335,40000,1,2,2,28,0,0,1,1,1,0,26690,23921,25708,23116,22865,19365,13089,15749,487,758,7183,17898
req_003336,140000,1,2,1,27,0,0,0,-1,-2,1,83666,57894,61535,58149,0,60869,67832,38448,27263,19938,0,2400
req_003337,120000,2,1,1,23,0,0,0,-1,0,2,69857,97864,77916,74164,67596,73575,45711,71614,51251,53793,60063,850
req_003338,160000,2,3,1,27,2,2,3,2,-2,1,58630,45376,57048,63401,0,51770,6172,12581,685,1250,0,552
req_003339,170000,1,1,2,28,0,0,0,0,-1,-1,12733,10052,9707,9623,12690,10032,5875,3477,5817,2205,5990,7505
req_003340,50000,1,2,2,22,0,0,-2,0,0,1,16483,18824,0,16254,19047,19713,9050,10734,0,7825,15594,1177
req_003341,70000,1,2,2,29,0,-1,-1,-1,-1,-1,26376,39085,33899,32474,30044,24191,9934,29239,6046,26020,22438,19927
req_003342,120000,2,2,1,25,0,0,0,0,-1,-1,64560,62122,51919,53897,53157,42094,36007,57823,26061,3082,24563,29120
req_003343,210000,2,2,2,27,0,0,0,0,-1,-1,95258,94850,73921,122714,93961,99641,54919,54092,69672,23125,80917,72685
req_003344,160000,1,1,1,25,0,0,-2,-1,0,-1,14147,10874,0,13708,13284,14954,12274,4616,0,10611,3360,10011
req_003345,70000,2,2,2,29,0,-1,-1,0,1,0,25237,23271,19657,20539,25000,25408,15804,21730,6956,17736,659,14667
req_003346,150000,2,2,1,26,0,-1,0,0,1,1,132923,131356,101253,128149,111442,89079,120382,115818,52178,63000,6523,4843
req_003347,110000,1,3,2,28,0,0,0,0,0,1,41388,39317,50748,46966,47428,38626,25590,27360,37526,21184,30364,862
req_003348,140000,2,3,2,26,1,2,0,1,1,2,59742,60014,55686,54053,38322,45559,2600,993,47277,285,6671,5049
req_003349,50000,2,2,1,25,0,0,0,0,0,-1,23158,24091,21949,24682,25971,23505,13529,23376,4730,15017,17680,20079
req_003350,70000,2,1,2,28,2,2,-2,0,0,-1,35581,23499,0,24300,23370,24767,8099,2229,0,17285,12655,20185
req_003351,30000,1,1,1,29,0,0,0,-1,-2,0,2349,1998,1879,2298,0,2204,1560,1078,1324,1420,0,1941
req_003352,40000,2,2,2,28,0,1,1,0,0,-1,1860,1893,2079,1975,1734,1749,1640,131,106,1465,1210,1052
req_003353,170000,2,2,1,28,-1,0,-2,-1,-1,-1,11700,14961,0,13788,10783,15109,3014,5047,0,5881,5854,8502
req_003354,60000,1,3,1,29,-2,-2,-1,-2,0,0,0,0,12194,0,10786,9893,0,0,8197,0,6063,7846
req_003355,1000000,1,3,2,27,-1,0,-1,0,-1,-1,349483,298065,306407,314252,251965,358087,268652,211409,204121,225547,146995,74287
req_003356,110000,2,2,1,25,0,0,0,0,0,-1,34833,29039,37906,36637,27749,32251,14134,9887,24120,24301,15534,13030
req_003357,50000,1,2,1,24,1,-2,1,2,2,1,18638,0,17757,14442,19226,14526,142,0,7010,2954,2071,232
req_003358,130000,1,1,1,27,2,-2,-1,-1,-1,-1,51666,0,50763,51718,56021,41497,43,0,39458,30013,42724,31140
req_003359,130000,2,2,1,25,0,0,-2,-1,-1,-1,54080,40129,0,50318,47590,37120,50630,11672,0,14431,47127,13644
req_003360,110000,2,2,2,27,-2,1,0,0,-2,-1,0,35325,29535,40348,0,27901,0,3,17363,36838,0,20508
req_003361,80000,2,1,2,25,1,0,0,1,2,1,22623,19851,22084,15849,22198,25592,2162,8852,11472,212,7187,1190
req_003362,210000,1,3,2,25,1,-2,0,0,0,0,125969,0,149102,128062,123342,88668,20323,0,107025,107050,100815,75734
req_003363,70000,1,1,2,28,0,0,0,0,0,-1,25531,27221,20679,19755,23765,20510,17474,12818,19830,18340,21123,15332
req_003364,60000,1,2,1,26,0,0,0,0,0,1,49172,35805,38516,53212,37425,42636,29944,27711,26878,37620,6626,4332
req_003365,80000,2,1,2,29,0,0,0,0,-2,1,30918,32824,41159,34084,0,29509,22467,21035,28653,26635,0,2021
req_003366,20000,2,2,1,27,0,0,0,0,2,-2,12539,14438,12625,9135,9288,0,10875,9690,10652,6003,883,0
req_003367,30000,1,1,1,25,0,0,0,-1,-1,0,26612,24047,16953,23868,21508,21367,10226,14200,10345,21459,10594,16586
req_003368,70000,1,2,1,28,-1,-1,0,1,1,-2,9116,7126,9232,8280,9004,0,4402,4593,2125,344,552,0
req_003369,50000,1,3,1,24,0,0,0,0,0,0,25550,24647,18553,28753,18996,24050,17603,12200,11246,17023,16623,11535
req_003370,130000,2,1,2,23,-1,0,0,0,0,1,33705,25323,40785,37529,31289,33147,26335,8857,22019,16819,23200,1901
req_003371,60000,2,2,1,28,-1,-1,0,0,0,-2,14357,13637,11609,12413,13572,0,11599,7601,7066,7697,12875,0
req_003372,80000,1,2,1,25,0,0,0,-1,-1,-1,15200,19729,14548,16136,17753,14852,11026,6600,11660,8885,11685,10226
req_003373,50000,2,1,2,26,3,2,1,0,0,1,39424,30084,32429,31751,30431,15787,1285,2192,260,29650,17065,3151
req_003374,100000,2,2,2,24,0,1,0,0,0,1,16238,14538,21297,16861,16757,17655,16005,79,16459,13137,5692,100
req_003375,160000,2,1,2,27,0,0,-1,-1,-1,-1,36263,46415,42629,36705,46188,38676,13448,24746,24932,36548,33507,21174
req_003376,60000,1,3,1,29,0,1,1,0,0,2,39983,25102,34578,25839,28698,28993,26035,207,374,11573,10197,4882
req_003377,80000,1,3,1,27,0,0,-2,0,0,-2,15408,12596,0,16152,13644,0,9813,5091,0,2626,1024,0
req_003378,110000,1,2,2,26,0,-1,0,0,0,1,27570,32430,30314,24476,21615,25686,8064,24843,22986,11367,12453,5744
req_003379,400000,1,1,2,28,0,0,0,-1,-2,0,167273,93873,121538,158469,0,124682,128757,32576,42779,86015,0,60853
req_003380,50000,1,1,1,28,-2,0,0,0,1,1,0,15408,8660,8969,11645,13280,0,14096,3855,6347,4054,328
req_003381,90000,1,2,2,29,0,-2,0,1,0,0,61864,0,70453,75142,64574,70307,39373,0,31365,8029,57156,47607
req_003382,170000,2,2,2,23,0,0,-1,-1,-2,-1,6569,4187,4381,5239,0,5784,4429,2451,2873,2969,0,4841
req_003383,100000,1,1,2,25,0,0,-1,-2,0,0,31631,22235,26646,0,24278,22712,20415,18047,3264,0,15512,19135
req_003384,150000,2,1,1,28,0,0,0,0,-1,0,103622,109191,75885,89760,72836,92759,54140,65493,50526,66857,60611,63493
req_003385,130000,2,2,2,29,0,0,-1,0,-2,7,17606,22313,17942,17228,0,14664,1413,16411,7133,12121,0,227
req_003386,80000,1,2,1,27,0,0,0,0,0,0,6245,6883,8754,8144,7989,6427,2872,4914,6304,6379,7456,5602
req_003387,160000,1,4,2,29,1,1,1,0,-2,0,86204,103562,119430,113718,0,109430,27620,13667,17273,102449,0,78142
req_003388,60000,1,1,1,28,-1,0,0,0,0,-2,4644,4368,4416,4504,3349,0,2028,1207,2261,2895,2389,0
req_003389,40000,2,3,2,26,-2,0,0,-1,0,-2,0,22619,17675,22570,17276,0,0,16486,6156,14869,15652,0
req_003390,100000,1,1,1,29,-2,0,0,-2,1,1,0,25162,21317,0,20407,24192,0,19408,11398,0,144,1066
req_003391,110000,2,2,2,25,0,-1,-1,-1,-1,-1,56685,51443,54883,46258,40854,40992,15794,37006,32633,33486,33902,23852
req_003392,70000,2,2,3,29,-1,0,0,-1,0,0,9729,9535,9561,9037,9999,7978,5943,7242,7143,7149,6464,5633
req_003393,120000,2,4,2,25,1,0,1,0,-2,1,69743,68430,86351,61683,0,63146,7016,30099,23768,35227,0,13886
req_003394,350000,2,2,1,23,1,1,1,1,0,-1,170359,148216,137710,150792,128462,151668,458,14223,16711,4623,127201,127371
req_003395,50000,2,2,2,29,0,-2,2,2,2,0,25148,0,26866,31239,23458,17596,16827,0,1570,1384,4592,4526
req_003396,70000,2,2,1,25,-2,0,-2,0,0,0,0,48692,0,42251,48069,51066,0,14387,0,26969,45851,22020
req_003397,100000,2,3,3,26,-1,-1,0,-2,0,1,26382,24628,21939,0,22683,16566,21872,17691,10852,0,17464,2377
req_003398,360000,2,3,1,28,0,-1,-1,-1,0,0,123293,109666,160691,142303,131783,149068,84051,63218,138789,96677,56871,136819
req_003399,90000,1,4,1,26,0,0,0,0,-2,2,8847,7917,7095,7561,0,5657,2688,5198,3739,3160,0,126
req_003400,120000,2,3,2,27,0,0,-1,-1,-1,-1,57901,71813,67618,67150,70008,44136,47178,26973,49894,40000,23474,26452
req_003401,130000,2,1,1,25,-2,1,0,0,-2,-1,0,73863,63293,63525,0,47241,0,1785,31926,56689,0,9133
req_003402,260000,2,2,2,28,-1,-1,-1,0,-1,-1,63791,77376,81517,71458,57173,61491,20090,51665,52057,41774,28955,43890
req_003403,120000,2,2,1,29,0,2,2,2,0,0,42141,41311,42523,38535,39340,45891,37085,769,7672,10768,16897,39400
req_003404,130000,1,3,1,29,0,-1,-1,-1,-2,-1,60712,58636,42385,48280,0,31357,50780,42326,42175,45015,0,28703
req_003405,70000,2,1,1,29,0,-1,-1,0,0,-1,6296,6639,5928,4725,4372,7400,4385,2436,5773,2359,3332,3994
req_003406,40000,2,1,2,27,1,1,3,2,3,2,8931,7804,8368,7542,7054,7396,166,335,1006,507,489,507
req_003407,100000,1,1,2,26,0,0,0,0,0,0,31187,33446,29538,31018,22080,32583,20003,2700,11613,8033,19471,27375
req_003408,60000,2,3,1,28,1,0,0,0,0,0,25496,31936,22067,25995,21008,28210,684,22240,6709,12345,14853,13915
req_003409,80000,1,3,2,25,0,0,-1,0,1,-2,71769,50673,45725,45921,53431,0,53870,30871,31322,7286,1823,0
req_003410,70000,1,3,2,25,0,0,-2,-1,0,0,8190,9263,0,8921,7894,8847,5954,3705,0,7744,6076,4875
req_003411,160000,2,3,1,26,0,-1,-2,-1,0,-1,19796,29102,0,24521,18491,21747,4133,26418,0,15090,17858,20105
req_003412,110000,2,1,2,23,0,-1,-1,-1,-1,-1,71552,69421,58747,68240,63141,66447,54246,49631,47306,54480,57470,26676
req_003413,80000,1,1,1,28,1,2,1,1,1,1,25664,25858,27743,24305,23385,25856,5247,2890,402,4611,151,1786
req_003414,130000,1,2,1,26,1,0,0,0,-2,0,34329,33835,23663,30069,0,32057,2926,11885,17084,9672,0,29300
req_003415,50000,1,2,1,28,0,0,2,2,1,0,11457,12504,9663,11438,12106,10180,10086,10763,895,171,525,7247
req_003416,20000,1,1,2,25,0,0,2,1,0,0,1453,1335,1233,1054,1062,1096,1044,1150,265,78,657,243
req_003417,150000,2,2,2,24,0,0,-1,-1,-1,-1,14887,13733,13115,16556,14967,12104,9162,8804,6379,16229,7727,4633
req_003418,60000,2,3,1,27,0,1,0,0,0,0,19632,22776,18391,21760,21834,21653,8494,1926,13037,17410,17906,20917
req_003419,50000,2,2,2,25,0,0,0,0,1,3,19821,24437,19948,16700,18631,17795,12438,24200,18524,8274,6452,2173
req_003420,200000,2,3,2,25,3,1,1,1,-2,-2,35861,36918,28985,35737,0,0,1331,6689,133,4284,0,0
req_003421,210000,1,2,2,26,-1,0,0,-1,0,0,81172,114851,86304,106576,97256,92606,64579,104952,50622,86341,57688,80469
req_003422,170000,1,1,1,26,-2,0,0,0,0,0,0,51985,67351,55762,43841,54696,0,46735,27834,51117,13357,27702
req_003423,80000,2,2,1,27,0,0,-1,0,-1,-2,40128,25018,30526,28271,23627,0,5640,24520,21327,21396,12001,0
req_003424,100000,2,1,1,23,1,1,1,0,0,-2,67477,62933,54844,46718,43401,0,13750,102,14487,29198,35820,0
req_003425,60000,2,2,1,27,1,2,1,0,1,1,22031,26027,20583,25309,24178,23590,5672,59,66,24796,987,1886
req_003426,40000,2,2,2,27,0,0,0,0,-1,-1,5162,5593,3743,4667,2985,5146,1699,1777,537,2373,779,4429
req_003427,110000,2,1,2,28,0,0,1,0,-1,-1,19155,24290,18916,24744,31031,16630,10982,19840,938,16063,23908,7252
req_003428,200000,1,1,2,23,1,-2,0,0,1,0,134910,0,161998,160872,165263,173306,24417,0,96321,95535,2017,110533
req_003429,90000,2,1,1,26,-1,-1,-1,-1,0,-1,25751,26126,20429,18994,26029,25258,9695,14898,14961,18805,8074,16479
req_003430,30000,1,3,1,28,-1,0,0,0,0,0,3553,4699,4461,3561,3657,4055,2190,1989,2909,2629,266,3692
req_003431,240000,2,2,2,26,0,0,0,0,-1,-1,121380,116478,120753,108342,106276,100579,47336,100165,40470,88872,91840,86805
req_003432,130000,2,2,2,23,0,0,-1,-1,0,0,33465,31669,36492,40248,31263,32593,17159,19070,20012,32556,22621,21674
req_003433,40000,2,1,2,24,0,0,-1,-1,-1,-2,17234,18137,13579,13192,11411,0,10184,14267,7588,11969,6683,0
req_003434,190000,2,3,1,28,-1,0,0,0,0,0,63047,77108,115812,93350,89699,85065,28350,39155,40954,52101,66369,52163
req_003435,80000,2,2,1,26,0,3,0,0,0,-1,33724,34415,28754,38360,30886,25025,31898,1880,15378,27692,20955,19007
req_003436,20000,2,2,2,26,0,0,0,0,0,0,6791,7956,6426,6238,5708,6020,3986,4208,3362,4710,3088,1242
req_003437,100000,2,1,2,27,0,0,-1,-1,-1,-2,48963,35161,41980,35016,39709,0,25044,10647,20446,16171,23430,0
req_003438,60000,2,2,2,25,0,0,-2,-2,-1,-1,16815,12840,0,0,12450,16485,8591,10217,0,0,8266,453
req_003439,170000,2,3,2,24,0,0,0,0,-1,-1,130239,108516,87074,93789,70546,89218,76641,74774,69666,81115,44239,24773
req_003440,60000,1,2,2,24,0,0,1,-2,1,3,24875,33035,33063,0,28066,27534,19842,4906,6153,0,3796,3116
req_003441,180000,2,2,2,28,0,0,0,1,0,0,34890,37278,41756,32231,38104,33279,18834,34625,13052,6836,25141,27585
req_003442,180000,2,1,1,24,0,-1,-1,-1,-1,-1,119811,102007,90818,105489,82910,90483,53662,98937,14893,78863,52138,74893
req_003443,130000,2,2,1,29,-1,0,0,0,1,0,9004,7322,10457,10758,11013,10824,5624,3725,1847,7827,2816,10692
req_003444,60000,1,4,1,29,0,-1,-2,0,0,1,10541,11317,0,13242,11211,12137,3527,3533,0,11096,7062,663
req_003445,130000,2,3,2,29,-1,-1,-2,-1,-1,-1,60133,52724,0,52128,48183,59578,47677,43240,0,34169,8312,42518
req_003446,120000,2,2,2,27,-2,0,0,0,-1,0,0,35778,34811,30712,21599,30916,0,27999,29982,28457,14956,14670
req_003447,120000,1,2,2,27,0,-1,0,0,0,1,22026,21573,20787,26504,18205,21044,6473,13134,12911,13243,5645,72
req_003448,50000,2,2,1,25,0,0,0,0,0,0,13022,13538,13948,17407,15631,14049,11973,8714,7081,13139,5904,9870
req_003449,90000,2,2,1,29,0,0,0,0,1,1,14465,17250,19866,19169,19928,18664,6335,7483,10577,18247,1990,1214
req_003450,40000,2,3,1,29,1,1,0,0,0,0,18912,14397,17506,15428,16093,19232,6913,9,3821,8550,14993,14869
req_003451,170000,2,2,2,25,0,1,1,0,-1,0,46602,35954,46997,49081,40528,43275,12401,2563,70,39181,31987,36532
req_003452,70000,2,2,1,28,-1,-1,-1,-1,0,-1,35116,31972,29943,32299,27653,29936,21093,7923,6179,14263,8317,23332
req_003453,100000,2,2,1,27,0,0,0,-1,-1,-1,28334,24987,26375,23983,22482,24737,21505,15209,23902,20765,16247,11877
req_003454,60000,2,1,1,29,-1,0,-1,0,-2,0,12129,12277,9103,14151,0,8914,9078,7794,4655,13814,0,6768
req_003455,90000,2,2,2,29,-2,2,0,0,0,0,0,42875,31726,31485,46488,27744,0,5828,24933,4569,23557,23349
req_003456,120000,1,1,2,27,0,0,0,0,0,2,90594,92385,74510,67436,71792,79679,57807,55869,50245,56056,67139,6240
req_003457,50000,2,2,1,29,0,-1,-2,0,-1,0,18244,21836,0,16441,21003,14042,12592,20442,0,8270,18459,11928
req_003458,50000,2,2,1,26,0,0,0,0,1,3,16755,17169,9877,15328,15897,11724,15317,10236,7665,14622,2357,692
req_003459,100000,1,2,2,23,1,0,0,0,0,-1,31738,28620,23711,29536,21510,24255,4262,12905,21907,17853,19660,21009
req_003460,50000,2,3,1,26,0,0,0,1,1,1,8726,8283,8488,8990,7662,6779,4964,649,6791,835,113,187
req_003461,100000,1,2,2,29,-2,-1,0,0,0,0,0,27227,27277,26376,27351,19584,0,14408,10203,19904,25772,12971
req_003462,80000,1,3,1,26,1,0,1,2,1,2,37198,26839,25410,36682,29598,35944,4257,24412,9141,520,930,1607
req_003463,50000,2,2,2,24,-1,0,1,1,0,0,17709,13257,15319,12209,11765,13793,10137,7691,833,2141,10862,8975
req_003464,280000,2,2,1,27,0,-2,0,-1,0,-2,203745,0,139883,201631,199476,0,103225,0,17855,155666,105278,0
req_003465,310000,2,1,1,26,-1,0,-1,-1,0,0,157160,164317,173862,199657,218195,179156,146128,70539,100754,175493,116423,106638
req_003466,90000,2,2,2,24,0,0,0,0,0,1,25946,24925,22979,22921,29170,21747,11926,7989,13589,17558,14263,748
req_003467,50000,2,2,3,29,-1,-2,-1,-1,0,-1,11765,0,9882,10153,11763,9304,3003,0,2916,4642,8164,7220
req_003468,180000,2,1,2,29,0,0,-2,0,-1,-1,109660,156707,0,122557,125755,131238,108642,85201,0,67475,80313,41495
req_003469,100000,1,1,2,29,0,0,0,-1,-1,-1,32110,26642,29345,30973,29440,23041,5964,26380,26049,29673,13247,20019
req_003470,30000,1,3,1,26,-1,0,0,0,3,6,8068,6947,5870,4894,5379,6693,4130,3057,2243,4096,1034,1116
req_003471,110000,2,1,2,27,0,0,0,0,-1,-1,44317,47591,43774,40494,35696,38664,31602,25476,32351,17688,17383,22147
req_003472,40000,1,1,1,28,0,1,0,1,1,1,7894,7434,7114,8272,6931,5670,6031,165,5434,475,249,620
req_003473,130000,1,2,1,29,0,0,0,-1,-1,0,20529,20532,16869,15501,19637,14557,15129,12750,16140,3132,10851,13972
req_003474,20000,1,3,2,26,0,0,0,0,1,2,3933,3137,3932,2997,3293,3622,1565,2907,3776,2446,352,544
req_003475,110000,2,2,1,27,0,0,0,0,0,-2,5212,4267,4486,3779,5429,0,1526,1526,2148,3280,1358,0
req_003476,40000,2,2,1,29,-2,0,0,0,0,1,0,4790,5185,4905,4940,4966,0,2361,5006,4532,3105,463
req_003477,80000,1,2,2,25,-1,0,0,1,1,0,14319,11678,14734,10358,12984,14348,9521,8799,11215,1320,3067,4891
req_003478,260000,2,3,1,26,-1,0,0,0,-1,-1,69222,65211,50665,52445,46858,57505,56242,49131,43661,12040,33236,32622
req_003479,60000,2,1,1,25,-1,-1,0,-1,0,0,11880,10790,11111,11345,10372,9719,11378,6588,7724,5911,8049,7553
req_003480,190000,1,2,1,28,-1,-2,-1,0,-1,-1,28756,0,25536,25289,23818,27098,10609,0,21563,21527,4611,11926
req_003481,130000,2,1,2,29,0,0,0,0,0,-2,74274,58434,69745,70559,69705,0,57703,20250,35000,36815,62164,0
req_003482,190000,1,1,1,25,0,0,0,0,0,0,11404,10944,12013,11594,8191,10841,7819,1954,11062,4190,3816,2779
req_003483,30000,2,3,2,29,0,0,0,0,-2,-1,8476,8293,8214,9001,0,7279,3570,3556,6269,4377,0,5358
req_003484,80000,2,3,1,26,5,-2,2,0,0,-2,23456,0,21480,24212,20232,0,693,0,599,16655,19344,0
req_003485,100000,1,2,2,28,-1,-1,-1,-1,0,0,10216,8135,7952,7713,8420,8604,5557,991,6100,7565,6264,4468
req_003486,180000,1,2,1,25,0,0,-1,-1,-1,-1,28671,26353,29230,23388,29132,27119,17707,10767,18248,4074,23803,19656
req_003487,250000,1,1,2,29,-2,0,1,1,0,0,0,93605,98925,135929,102683,89550,0,59418,716,7889,62034,20528
req_003488,30000,2,2,1,28,0,-2,0,0,0,0,8147,0,10592,6881,6911,8517,5347,0,6376,2402,3421,5090
req_003489,540000,2,1,2,29,-1,-2,0,0,-1,-1,149594,0,194414,182936,193568,138119,124812,0,106440,167745,114663,57650
req_003490,170000,1,1,2,25,0,0,-1,0,0,-2,28303,26355,28474,27826,24755,0,17340,16095,14863,19606,17184,0
req_003491,60000,2,1,1,25,1,2,0,0,0,0,46297,50190,46721,52502,41880,45896,3114,1536,42608,31018,28158,26063
req_003492,280000,1,2,2,29,2,0,0,0,0,-1,99849,62716,81107,56360,87056,86020,831,46342,58566,15442,35308,47105
req_003493,150000,2,1,1,29,-2,-1,0,-1,-2,-1,0,38819,33588,25096,0,25920,0,21342,19414,21295,0,17210
req_003494,60000,2,2,1,29,0,0,0,-2,-1,-1,21187,21551,20707,0,19933,16888,6770,16915,10336,0,14202,10288
req_003495,110000,2,2,1,29,0,0,0,0,0,0,33184,25928,23108,26950,29508,23009,28808,21703,8555,8880,11947,5531
req_003496,60000,2,1,2,23,0,0,1,2,-2,2,2284,2930,2497,3508,0,2352,114,988,214,19,0,8
req_003497,220000,2,2,1,26,-1,-1,0,0,0,-2,94696,96192,94333,97847,69421,0,5155,48115,42099,84997,30002,0
req_003498,130000,2,1,2,29,0,0,-1,-1,-2,0,16381,16246,16455,15654,0,13280,9616,4361,14091,14780,0,9689
req_003499,50000,2,2,1,25,1,0,0,1,0,4,27046,22874,21040,28946,22566,17188,478,17635,15056,4992,13824,100
req_003500,180000,2,1,2,24,0,0,0,-2,0,1,31882,24784,31428,0,23222,23005,16366,7453,19944,0,10708,2649
req_003501,40000,2,3,1,29,0,0,0,1,0,0,4252,5140,5629,4414,3586,4555,3972,2929,3040,259,2499,2391
req_003502,100000,2,1,1,26,-1,0,0,0,0,0,38436,36166,43110,30398,25790,34114,28973,31285,24671,3278,16981,11449
req_003503,150000,1,1,1,24,0,-1,0,0,0,1,35814,32317,34386,20629,36318,31043,8805,9557,16241,16958,16943,12009
req_003504,160000,2,2,1,24,-2,-1,-1,-1,0,-1,0,59212,51691,69724,36796,75330,0,50661,37448,58153,21680,35865
req_003505,120000,2,1,2,28,-1,0,0,0,0,-2,29502,25145,28148,24327,27404,0,17606,14987,13206,15846,15673,0
req_003506,20000,2,2,2,29,0,-2,0,0,-1,0,14405,0,13359,11470,11880,10311,11256,0,10782,10695,9798,5830
req_003507,100000,1,2,2,29,-1,0,0,0,1,0,14637,16191,19133,11332,13546,18116,10552,7315,15514,9823,7951,14894
req_003508,20000,2,2,2,29,0,0,1,0,0,-2,2994,2536,2352,2285,2714,0,1247,1558,385,887,1135,0
req_003509,80000,1,3,2,26,-2,0,0,0,0,-2,0,53088,41177,47894,50918,0,0,38633,18778,27813,41852,0
req_003510,30000,1,2,2,28,1,0,0,0,0,1,18393,17465,17255,17437,16765,17821,1000,15038,11571,6131,9075,142
req_003511,10000,2,3,1,26,2,1,1,1,-2,1,2681,1974,1552,2249,0,2546,265,528,254,122,0,577
req_003512,130000,1,2,2,24,-2,0,0,0,0,-1,0,43957,37289,31141,38995,39578,0,28644,34556,10868,32506,28057
req_003513,170000,1,2,2,24,0,0,0,0,0,0,62736,59640,59663,49175,49400,39841,56275,30718,20885,29970,37728,38355
req_003514,50000,2,2,1,28,0,1,0,0,0,0,8742,9434,8955,8236,8391,7421,6588,41,3695,5112,2666,3553
req_003515,160000,2,1,1,27,2,1,0,0,0,-2,41671,39965,34838,33621,44721,0,6946,10384,34081,14600,25213,0
req_003516,90000,1,1,2,25,0,0,0,0,0,1,31695,39620,35140,34295,34118,29539,26702,34952,4868,28564,16513,2840
req_003517,70000,1,3,2,28,0,0,2,3,3,6,8415,6110,6631,6842,6722,6250,4752,5797,3042,629,2111,328
req_003518,370000,2,1,2,29,0,-1,-1,-1,-1,-1,135463,151318,132370,160698,128719,123868,33558,35952,93359,106619,89480,91449
req_003519,120000,1,1,2,27,1,0,1,1,3,3,81551,79632,75192,89658,81655,56086,2075,78306,1851,3175,3287,526
req_003520,110000,1,1,2,28,-2,-1,-2,-1,-1,-1,0,27833,0,20258,23322,25347,0,11405,0,12709,19117,12379
req_003521,190000,1,1,1,25,-2,-1,-1,-2,-1,-1,0,70644,75806,0,78048,45499,0,63951,61049,0,68978,19288
req_003522,80000,2,4,1,25,1,1,0,0,0,0,30115,31118,40999,34199,36705,29936,3975,157,23672,20015,29417,29632
req_003523,190000,2,2,1,29,0,-1,-1,-1,-1,-1,82109,104779,98221,95289,102115,87500,76638,35831,73994,87343,82457,69039
req_003524,90000,1,1,2,28,2,3,2,2,0,0,41969,39636,53793,52684,53744,34020,2129,2941,2128,5879,37519,32308
req_003525,40000,1,2,1,25,0,0,-1,0,0,0,2605,3024,2516,2282,1949,2144,200,1631,2126,1331,1352,1033
req_003526,50000,2,3,1,25,0,-1,-1,-1,0,0,14439,11347,12702,20283,15616,8489,13346,8236,9103,9377,13478,2243
req_003527,470000,2,2,1,29,0,1,1,0,2,0,189704,237100,184515,213017,123204,193144,185419,10140,23808,184603,916,173551
req_003528,270000,2,1,1,22,0,-1,0,0,-1,-1,148737,105729,151898,146718,121755,126152,89420,95717,123201,66245,84097,83454
req_003529,110000,2,1,2,28,0,-2,0,-2,0,0,33859,0,31856,0,28795,20850,19192,0,16406,0,22419,13242
req_003530,90000,1,1,2,23,-1,-1,-1,-1,-1,-1,57152,49707,46209,42251,45457,46223,48930,44155,34555,19591,26043,41876
req_003531,40000,2,2,2,25,0,1,-2,1,1,1,17460,13347,0,17081,14418,14515,14896,5366,0,2232,2117,1191
req_003532,30000,2,3,2,25,0,0,0,1,0,-2,2669,2683,2698,1980,2550,0,1947,1395,2078,668,1730,0
req_003533,190000,1,2,2,27,0,-1,0,0,-2,-1,6624,7516,6905,5766,0,6350,6372,3238,4932,1999,0,669
req_003534,150000,1,2,2,29,-2,0,-1,0,0,0,0,71843,74810,75612,79515,63294,0,43051,19428,17771,68352,19642
req_003535,220000,2,1,1,28,-1,-1,0,0,-2,-1,58256,63052,76287,49849,0,70423,51298,27932,52074,33297,0,17020
req_003536,360000,1,1,2,26,0,0,0,0,0,0,81008,93266,82079,76907,90336,79867,25139,51214,67967,38388,75614,29637
req_003537,40000,1,2,2,29,0,0,1,1,0,1,23013,22352,22327,23914,19188,19616,17052,15581,211,3781,18085,1254
req_003538,50000,2,2,2,26,0,1,0,0,1,2,21875,29332,32541,19048,27248,27631,14125,5103,14797,8476,1470,3891
req_003539,150000,2,1,2,28,0,-2,0,-2,0,-1,95103,0,97389,0,104202,79128,68526,0,65415,0,12714,42167
req_003540,130000,1,2,1,24,0,0,0,0,0,1,17021,12798,18790,15579,15695,15468,15666,5076,5196,7604,12522,602
req_003541,150000,2,2,2,25,0,-2,-1,0,0,1,41219,0,43925,28922,26965,37201,27649,0,37818,23067,9157,3555
req_003542,70000,2,2,1,28,1,-2,0,-2,1,0,34773,0,30595,0,24998,25711,3922,0,11694,0,123,22343
req_003543,100000,2,3,1,26,0,0,0,-2,0,-1,24503,23304,22010,0,28395,31637,20418,6946,12678,0,16421,16468
req_003544,170000,2,2,2,28,0,1,0,1,0,0,47507,46073,48320,55527,43079,42584,21741,5582,32490,1636,22395,17305
req_003545,70000,1,1,1,29,0,0,1,0,0,0,1877,2876,3033,2555,2552,2654,1224,2144,385,1178,2037,2357
req_003546,50000,1,1,1,29,1,1,2,2,8,2,13584,15809,20044,21364,18572,20833,608,1760,2915,2713,1930,17
req_003547,10000,1,3,1,28,2,1,0,1,1,2,6294,4803,3118,4873,4492,4448,221,909,1742,785,203,1127
req_003548,180000,2,2,2,26,0,0,-1,0,-2,1,84991,61277,76038,57159,0,66778,65534,36429,70061,43935,0,659
req_003549,110000,2,1,2,28,-1,-1,-2,-1,-1,-1,7125,8298,0,6918,8641,8552,5188,7518,0,6700,5591,5683
req_003550,100000,2,1,1,28,0,0,-1,-2,0,0,23374,24665,27218,0,19292,16294,21802,10832,15789,0,9285,10962
req_003551,70000,2,2,2,27,0,-1,-1,-1,-2,-1,18631,19577,19117,18789,0,16453,17079,19443,11851,13848,0,13369
req_003552,80000,1,1,1,23,-2,0,-2,0,1,1,0,51128,0,40803,50143,47541,0,35907,0,24278,8737,7234
req_003553,40000,2,1,2,29,-1,-2,-1,-1,-1,-1,27926,0,28105,21921,25167,31895,21128,0,15920,18236,15487,9913
req_003554,110000,2,1,2,28,-2,1,1,0,-2,0,0,23240,23370,23811,0,23022,0,54,10730,7461,0,12833
req_003555,90000,1,2,1,25,2,3,1,-2,0,0,45668,55197,45007,0,35430,44331,13289,1756,716,0,22137,17631
req_003556,320000,2,1,1,23,0,-1,-1,-1,-1,0,59056,58369,65345,61254,82484,55303,33292,20311,24517,46254,76615,20723
req_003557,80000,2,3,2,25,-1,0,-2,-2,0,0,37332,32729,0,0,19755,29560,29411,25361,0,0,19012,8150
req_003558,190000,2,2,2,29,-1,-1,-1,-1,0,0,114694,114995,79226,102636,77895,74300,89342,75766,46122,73143,64173,12548
req_003559,50000,1,1,2,29,0,2,2,1,0,1,20470,18043,20561,18216,17791,19881,15516,588,248,198,4395,440
req_003560,50000,2,1,1,26,0,0,0,0,0,0,5406,4046,5937,5186,5217,5738,2078,3313,5176,998,4265,4533
req_003561,90000,2,1,3,26,0,1,0,0,-1,-1,34758,34144,29914,36652,43990,34119,31251,4286,15111,27736,35962,26165
req_003562,20000,2,1,1,28,1,0,0,0,-1,0,7763,5470,6325,6301,5091,5281,1135,3467,4525,1464,2045,3782
req_003563,150000,2,2,2,23,1,1,1,2,2,2,62680,63089,67368,60317,61297,54308,251,1442,13563,16037,4594,2690
req_003564,50000,2,1,2,29,1,0,0,0,1,1,30499,35687,26744,39720,33204,30105,1286,13321,15488,28224,2834,2652
req_003565,100000,2,1,1,21,1,0,0,0,0,-1,90282,77974,85606,93465,92715,66335,5120,62042,57515,79844,38966,18636
req_003566,150000,2,1,2,25,-1,-1,0,0,0,0,6880,8525,6230,5753,6681,6681,1472,8154,5178,4461,5078,4416
req_003567,80000,1,2,2,26,0,0,1,1,0,0,27518,29370,34484,28687,29304,28183,14621,25898,3569,1675,12393,19574
req_003568,90000,2,2,2,27,-1,-1,-1,0,0,1,41194,28391,26057,37141,39067,32139,20361,12309,18655,20073,38697,4595
req_003569,450000,2,3,2,29,-1,0,0,-1,-2,-1,53184,65995,52356,54273,0,56934,47702,57237,18511,36369,0,36055
req_003570,170000,2,1,1,28,-1,-1,-1,-1,-1,-1,29776,39933,40472,41317,42600,32802,8024,28834,37216,21066,14432,16225
req_003571,70000,1,2,2,28,0,2,0,0,0,2,22562,25357,24292,19022,19664,17258,13065,115,21735,1851,12258,931
req_003572,60000,2,3,2,24,0,1,-2,0,-1,0,29200,29584,0,25900,20618,28321,26567,2481,0,19573,7516,17643
req_003573,100000,2,2,2,27,0,0,0,0,0,0,29241,32173,30839,27031,32625,22625,26101,28496,21786,11048,28560,10945
req_003574,470000,2,1,1,25,0,1,0,-2,0,-2,278089,340974,328917,0,285165,0,232808,6348,208436,0,200377,0
req_003575,120000,1,2,1,28,0,-2,-1,-2,0,1,30903,0,32795,0,33554,24149,13519,0,20944,0,10000,1959
req_003576,40000,2,1,1,22,-1,-1,-1,-1,0,1,8832,9465,7899,6461,7339,8172,6786,6596,3386,2791,4618,1009
req_003577,50000,1,3,2,25,0,-1,0,0,-2,0,47787,43036,48260,43607,0,28515,34160,33833,34210,22138,0,18796
req_003578,80000,2,1,2,24,0,0,0,-1,-1,0,29254,38853,30487,27324,34275,32866,9621,12625,25633,25816,10624,32532
req_003579,90000,1,1,2,25,2,4,3,2,1,0,56385,63412,59324,58784,57199,52198,3198,4077,5111,6306,3190,39066
req_003580,150000,2,1,2,27,-1,-1,-1,0,-2,0,82325,75272,85304,82793,0,72320,5724,51253,22825,41941,0,47802
req_003581,120000,1,1,2,28,2,3,2,-2,-2,2,86351,79393,97231,0,0,88867,16810,5496,3092,0,0,4688
req_003582,80000,1,1,1,24,0,0,0,0,-2,1,12129,12740,10513,11875,0,10313,10566,3074,10036,10104,0,715
req_003583,80000,2,1,1,25,0,0,-2,-1,0,0,50754,41321,0,36666,36786,29479,13149,31389,0,18667,22585,18721
req_003584,180000,2,3,1,26,0,0,0,0,-2,0,38766,29212,26844,33808,0,31730,22892,21481,12062,24054,0,20417
req_003585,80000,2,2,2,25,-1,-1,-1,-1,-1,0,20378,19704,17580,17978,18917,16348,10718,12497,15592,9240,14786,12567
req_003586,50000,2,1,2,26,-1,0,0,0,-2,0,15051,17436,16795,14726,0,13751,4836,9049,16013,9009,0,11051
req_003587,70000,2,1,1,26,0,0,-2,-2,-1,-1,2108,3224,0,0,3656,3178,1301,2361,0,0,3410,1263
req_003588,100000,2,1,2,24,-1,-1,0,0,-1,-1,61837,68858,58674,65291,70680,53583,16234,65138,18028,48431,52910,36657
req_003589,190000,2,1,1,28,0,0,0,0,0,0,63725,33809,46217,47254,36403,47178,28904,16859,30265,42780,24106,25090
req_003590,110000,1,1,1,28,2,1,2,1,-2,0,54211,46027,42938,46925,0,30021,11,4323,2226,2581,0,26798
req_003591,80000,2,2,2,22,0,2,2,1,1,0,9954,8493,10084,11670,8674,8831,2587,499,492,584,450,7349
req_003592,30000,1,1,2,25,1,0,0,0,0,0,25225,19279,23054,24881,25367,21011,731,9181,16035,20898,24873,7380
req_003593,80000,2,3,2,22,0,-1,-1,0,1,1,36222,42133,43282,43627,41829,40797,24981,28146,9901,23062,12799,2652
req_003594,200000,2,2,2,26,-2,-1,-1,-1,0,0,0,106660,98248,100020,84413,85302,0,52301,79595,31436,67539,4779
req_003595,220000,1,3,1,27,-2,1,0,1,0,0,0,84777,91226,71768,84267,86100,0,180,69792,1771,42646,37780
req_003596,110000,2,2,2,29,-1,0,0,-2,0,-1,31118,48836,46051,0,46293,36450,28502,42539,39230,0,24943,19856
req_003597,50000,2,1,2,23,0,0,0,0,0,-2,13199,12785,14327,12926,13072,0,6194,11924,7145,10154,13017,0
req_003598,180000,2,1,2,24,-1,0,0,0,-1,-1,110439,92045,107835,113291,106053,93723,93816,44205,95652,78712,46383,14218
req_003599,360000,2,2,2,28,2,1,1,-2,-1,-1,171835,159702,171951,0,156596,163912,3440,36057,26804,0,143915,79466
req_003600,30000,2,1,1,29,0,0,1,1,1,1,18400,17498,18042,19364,18423,15731,3618,10841,406,4159,749,273
req_003601,40000,2,1,1,29,0,0,0,1,0,-1,19297,18317,12652,16900,17472,10799,14763,5898,5059,185,8045,8434
req_003602,80000,1,1,1,27,2,2,2,2,1,1,28226,37165,37731,35337,30742,29659,204,9155,2732,1621,6,3672
req_003603,230000,2,2,1,24,-2,1,1,2,0,0,0,101121,62877,84832,73163,71782,0,3798,13687,35777,37642,33730
req_003604,30000,1,3,3,24,0,0,0,0,0,1,11146,8193,9589,11359,9346,12358,10645,6302,8002,1580,7745,593
req_003605,40000,2,2,2,23,1,2,2,0,1,1,33726,31275,30310,33027,39576,28304,13574,1589,1383,13655,15586,271
req_003606,90000,2,2,1,25,-1,-1,-1,-1,-1,-1,24865,27374,24788,16138,24069,20205,23109,17788,17505,12781,9666,15564
req_003607,90000,2,3,2,26,0,0,-2,0,-1,-1,16997,19489,0,18406,17151,18449,13664,15032,0,9669,14493,18163
req_003608,280000,2,2,1,22,-1,0,-2,0,-1,-1,40001,39067,0,37493,34597,52087,31270,29477,0,19984,23059,34844
req_003609,60000,2,2,1,23,0,0,0,0,0,0,41946,40616,39353,37630,45178,40549,27877,37030,22119,17662,24430,30528
req_003610,70000,2,2,2,27,0,0,0,0,0,0,31280,28969,26618,24720,33787,27032,7642,13458,13014,16778,16216,11282
req_003611,70000,2,2,1,29,0,0,0,0,0,1,43008,39513,39864,40531,51639,51842,35671,18472,36666,3437,44766,1815
req_003612,50000,1,3,2,27,0,0,0,0,0,0,10816,9530,8840,10629,9117,8521,1983,2626,4668,5450,6624,3658
req_003613,30000,2,2,2,29,0,0,0,0,0,0,13073,14538,12332,12143,10923,12579,1230,12965,7930,6022,7006,9032
req_003614,40000,2,2,1,25,0,0,0,0,-1,0,20986,17577,19421,21459,17427,15907,4690,7075,15217,14091,14759,4242
req_003615,210000,2,1,2,25,-1,-1,0,0,0,0,28006,46738,41632,39136,45813,45223,17675,35638,39104,20721,14446,33845
req_003616,40000,2,2,2,24,-2,-1,-2,-1,-1,0,0,5961,0,5596,5337,5374,0,4623,0,3231,5050,3880
req_003617,270000,2,1,1,21,0,-1,-1,0,-2,0,17005,19505,18873,17541,0,15293,12918,17018,9378,15743,0,9646
req_003618,50000,2,3,2,22,0,0,0,0,0,-1,18237,24228,22432,19725,18081,20130,10115,15372,8600,12722,15021,15438
req_003619,100000,1,1,2,23,-2,0,0,0,-1,0,0,56443,43898,36390,49775,51102,0,49943,32169,8647,37068,26506
req_003620,100000,1,2,1,29,0,0,0,0,0,0,14942,12546,15311,17624,13223,14304,12222,5152,4882,13674,5174,11173
req_003621,140000,2,1,1,28,2,1,-2,2,2,1,48468,34350,0,47391,38821,40586,6524,2063,0,2005,382,9310
req_003622,110000,2,2,2,27,1,0,0,0,0,0,48733,41191,47186,40872,38058,38549,7398,22047,36717,25426,19299,23022
req_003623,50000,2,3,1,27,2,2,0,0,-2,2,11413,7888,9350,9012,0,9643,691,62,4528,4029,0,919
req_003624,330000,2,1,3,28,-1,-2,-2,-1,-1,0,115413,0,0,141652,174016,160487,105750,0,0,50364,137169,143630
req_003625,60000,2,3,1,24,-1,0,-1,-1,0,-2,9771,9284,7852,11744,10773,0,6310,3175,2494,2655,3843,0
req_003626,130000,2,1,1,24,2,0,0,0,0,0,16493,17441,21511,17067,16001,13151,6773,12086,18327,10286,14874,6181
req_003627,120000,2,2,1,27,0,-1,0,0,0,0,76320,71617,63011,58491,62616,62551,38468,64913,37868,30927,17445,40235
req_003628,340000,2,3,2,24,-1,-1,-1,-1,-1,-1,57042,51502,65912,51689,54500,38989,27814,11649,42185,40076,44231,37014
req_003629,60000,2,2,1,24,0,0,0,0,1,1,20312,16635,17081,14970,14356,14432,17196,12490,13430,12001,713,788
req_003630,80000,1,3,2,26,-1,0,-2,0,1,1,16895,15645,0,16312,17646,17600,14787,2312,0,2715,2911,1654
req_003631,250000,2,1,2,28,0,0,0,0,-1,-1,125500,115708,153847,122669,136494,114645,45427,110699,64551,108615,95089,43340
req_003632,60000,2,2,2,25,-2,0,0,-2,0,-2,0,5872,5338,0,5776,0,0,2689,3435,0,5649,0
req_003633,80000,2,2,1,25,0,0,0,1,0,0,16980,20405,17595,21485,19413,19854,11712,11498,3975,379,12598,6201
req_003634,40000,2,2,1,25,1,2,2,1,1,1,29646,35034,30838,20630,30530,21802,586,5202,3481,702,5289,123
req_003635,80000,2,3,1,28,1,-2,2,2,0,0,31895,0,28508,28268,26667,29701,6074,0,3863,4620,18909,12307
req_003636,60000,2,2,1,24,0,1,0,0,-2,0,15547,16262,14462,16376,0,16303,13395,6727,10915,9825,0,8688
req_003637,50000,2,1,1,29,0,-2,-2,-1,0,1,15075,0,0,11391,9348,7556,9884,0,0,10007,7090,827
req_003638,60000,2,1,2,27,-1,-1,-1,0,-1,0,20801,24233,24267,21158,21830,20045,5187,18025,20330,6957,5428,5423
req_003639,100000,2,3,1,28,2,1,0,-2,2,0,54555,55128,72332,0,64145,52325,8667,452,56622,0,13878,28103
req_003640,170000,2,2,1,28,0,0,1,1,0,0,31911,36701,26881,38883,24620,33410,18688,25044,1118,902,16889,23928
req_003641,200000,2,3,1,24,0,-1,-1,-1,0,0,33092,21679,18928,24993,30132,24416,26706,10079,17281,20122,25586,4699
req_003642,100000,2,2,1,29,0,0,0,-1,-2,0,45988,51360,49390,47102,0,49841,19353,34661,34516,24331,0,30959
req_003643,120000,1,1,2,24,2,0,0,1,0,-2,50233,51720,43990,38472,38433,0,3072,19057,15152,1589,21833,0
req_003644,70000,2,2,1,29,0,1,0,0,0,0,641,573,522,653,572,633,397,89,454,83,408,586
req_003645,200000,2,1,2,29,1,1,1,0,1,-1,113408,66771,98783,90030,63785,104676,19238,18366,6127,85308,162,47354
req_003646,70000,2,3,2,29,0,2,1,2,1,2,19669,14472,18003,17370,19254,17460,10973,1248,71,2224,951,3973
req_003647,130000,2,1,2,23,1,0,1,0,0,-2,48338,67186,62397,66817,53076,0,5841,56488,763,54802,52254,0
req_003648,540000,2,4,2,25,1,0,0,0,-1,-1,370319,343423,322258,334857,401713,251372,51487,222271,133493,284156,301851,222432
req_003649,100000,2,2,2,23,0,1,0,2,-2,1,75971,48355,70297,76687,0,53594,63591,5094,32064,2091,0,4626
req_003650,100000,1,4,2,29,1,2,1,0,0,2,25587,28722,29007,25186,26345,22907,437,3777,39,14922,12148,1617
req_003651,70000,2,1,2,26,0,0,-2,0,0,0,9377,8855,0,8620,6521,9649,1654,3960,0,2645,2464,7654
req_003652,30000,2,2,1,28,-1,-1,-1,-1,-1,-1,25135,19324,17278,21884,22942,14455,20086,13558,7453,11452,15031,5795
req_003653,80000,1,1,2,25,2,1,2,1,0,0,29516,25424,22293,20225,21939,21864,7263,7722,981,5846,7388,14480
req_003654,100000,2,2,2,27,0,0,0,0,0,0,17943,19352,16236,19367,20186,21146,17169,12280,4692,14861,12328,18518
req_003655,70000,2,3,1,29,-2,-1,0,-1,-1,-1,0,16755,12410,12000,13085,16090,0,15822,8279,9220,12690,8448
req_003656,80000,2,3,1,29,0,0,0,0,1,1,23327,24120,22637,21505,23527,20868,12895,11162,21588,18546,1674,3108
req_003657,50000,1,2,2,21,1,2,1,0,0,0,21070,21001,20907,19454,17642,17058,603,4603,1253,14158,8070,13781
req_003658,30000,1,2,2,27,-2,0,-2,0,-2,0,0,9362,0,13672,0,11681,0,4331,0,9808,0,8925
req_003659,70000,1,3,2,28,0,0,0,0,0,0,10732,12902,9092,13052,9538,10752,6517,10415,2765,1447,1184,8915
req_003660,160000,2,1,2,22,0,-1,-1,-1,-1,0,8687,7875,8657,10712,9081,7389,6519,5903,8280,7235,2607,4042
req_003661,160000,2,1,1,25,0,2,-2,-2,0,0,31617,20327,0,0,24736,22109,4423,678,0,0,12219,20268
req_003662,90000,1,4,2,27,-1,0,1,1,0,1,25271,23018,21755,25531,25516,20742,7137,10172,5449,3153,14599,2066
req_003663,40000,1,2,1,28,0,-1,0,0,0,0,23157,17696,18609,18838,19575,20609,15505,17312,14155,2000,11996,12577
req_003664,60000,2,2,2,25,0,-1,0,-1,-1,-1,17078,14793,13570,10972,13861,9544,13585,12694,10918,5873,2447,9363
req_003665,470000,2,1,2,29,1,2,1,2,1,0,313566,309141,229884,278136,280268,216835,7269,15470,12699,72338,52633,158612
req_003666,60000,2,1,2,25,0,0,0,0,0,0,11676,16627,16786,18407,19951,18326,11423,8845,10707,15078,5409,16275
req_003667,90000,2,1,2,24,1,0,-2,0,-1,0,48566,54972,0,44105,47878,43196,3324,42195,0,30936,45633,8045
req_003668,90000,2,2,2,26,1,0,2,2,1,1,60744,46406,40767,55070,51520,61308,9236,32486,2547,3117,622,4171
req_003669,120000,1,1,1,25,0,2,2,2,2,0,72379,65712,68718,68379,47569,57042,61188,5296,2633,11918,2524,17329
req_003670,120000,2,1,1,27,0,0,0,0,0,0,70045,79823,84652,59701,60888,49624,55351,66618,77699,51710,50589,37471
req_003671,110000,1,2,1,24,0,0,0,0,0,0,6024,6977,7461,5642,5463,5219,2948,2473,6982,3659,2991,2758
req_003672,80000,1,2,2,26,0,0,-2,-1,0,0,6516,4711,0,4930,4456,6190,3088,2207,0,2126,2850,3602
req_003673,50000,2,2,2,29,-1,0,-1,0,-2,0,19315,16970,17962,15112,0,18322,14807,6492,15776,4612,0,7809
req_003674,80000,1,1,2,28,0,2,0,0,0,0,43382,47320,50584,37137,32190,39089,41432,4341,14703,18781,24437,8592
req_003675,30000,1,1,1,25,-1,-2,0,0,0,0,14285,0,12056,13831,14114,13576,11449,0,618,2808,3888,7705
req_003676,100000,2,2,2,28,-1,-1,0,-1,-1,-1,26782,20013,18365,26763,23957,21376,11092,18794,11180,24209,17472,9515
req_003677,60000,1,4,2,25,-2,2,1,3,5,6,0,14827,15324,15044,12676,13477,0,2306,729,600,696,898
req_003678,20000,2,2,2,28,0,1,0,-2,0,-1,10063,8320,9600,0,9080,8567,6490,774,5863,0,5786,6222
req_003679,130000,1,1,2,23,-1,0,-1,-1,-1,-1,100666,98897,62348,84530,91964,76308,96910,58447,45465,33797,49661,73261
req_003680,40000,2,2,2,25,1,0,0,-2,0,1,19030,17058,17174,0,18309,12193,5761,7977,4366,0,10644,1806
req_003681,60000,2,2,1,27,0,1,-2,1,0,0,7044,8027,0,5946,6984,5394,2136,21,0,1497,5431,3922
req_003682,40000,2,1,2,24,0,0,-2,-1,0,-2,20932,26244,0,17990,26247,0,11751,14638,0,5785,4328,0
req_003683,110000,2,2,2,29,3,0,1,3,2,-2,66389,66602,60350,45688,46391,0,9761,44151,11934,1333,12249,0
req_003684,110000,2,2,1,27,1,0,0,0,0,-1,19820,18328,20642,26369,23411,16291,1785,11881,11316,15987,4597,8178
req_003685,190000,2,1,2,25,-2,0,0,1,0,0,0,41714,28629,34050,38406,31034,0,9914,12903,290,11701,14840
req_003686,50000,1,1,1,26,0,-2,1,0,0,1,6193,0,8246,8800,6888,6124,3954,0,641,5005,6087,254
req_003687,140000,2,2,1,26,-2,-1,-1,0,0,-1,0,20035,20331,17509,15751,16134,0,5548,10062,16316,10834,15858
req_003688,30000,1,3,2,27,0,-2,-2,0,0,0,14130,0,0,10188,10022,11116,8365,0,0,2521,6280,9381
req_003689,130000,2,2,2,23,0,0,0,-1,-1,-1,15814,12453,11042,16068,10836,12672,7684,3017,5773,8960,5640,11509
req_003690,160000,2,3,1,27,0,-1,0,-2,0,0,24234,22315,24161,0,25447,21901,14638,9781,5815,0,20254,20571
req_003691,200000,1,2,1,28,0,-1,-1,0,-1,-1,9826,10342,9030,9402,11286,10353,8176,5150,3977,7384,7274,9407
req_003692,60000,2,2,2,27,0,1,0,1,0,0,5434,5041,6071,6190,4816,6308,2504,52,4640,1151,3570,979
req_003693,60000,1,2,1,25,0,0,-2,0,-2,1,21915,21146,0,24259,0,18296,13219,11299,0,16519,0,2164
req_003694,100000,1,2,1,25,0,0,0,0,0,0,52906,64011,67548,70791,56452,38496,20514,61422,46067,31583,43793,25119
req_003695,50000,1,2,2,25,-1,-1,-1,-2,-1,0,31656,29610,31422,0,28890,33208,25317,21726,10281,0,11745,30245
req_003696,70000,1,2,2,26,-2,0,-1,0,1,0,0,24808,27394,36476,25858,26236,0,17595,10285,16661,2550,20777
req_003697,110000,1,2,1,25,-1,0,0,0,0,0,22313,25855,22874,24742,21813,21168,7349,14335,20768,1972,6924,4698
req_003698,50000,2,2,1,26,0,0,0,-2,0,0,23440,22192,17796,0,20009,17683,16758,9560,3595,0,14838,13604
req_003699,110000,2,2,2,27,0,1,0,0,2,-2,13960,18296,18192,15616,17132,0,9165,487,11602,13203,1574,0
req_003700,90000,1,2,2,26,0,0,0,1,0,-1,33524,44123,39706,53339,35077,29247,21513,30727,25459,1918,28734,14264
req_003701,400000,2,1,2,23,0,0,-1,0,-2,-1,129253,159291,140068,132204,0,109331,78019,45100,64373,95411,0,85357
req_003702,350000,2,2,1,23,-1,-1,0,0,-1,0,43579,51745,39942,36977,47864,30188,24514,43376,34148,36274,23613,25011
req_003703,100000,2,1,1,21,0,0,0,0,-1,-1,55863,49366,49159,51860,52669,60782,17714,26950,41814,37884,12064,26228
req_003704,110000,2,1,2,27,0,0,0,-2,0,0,21443,23864,27600,0,21068,22982,13761,16852,26952,0,11923,18153
req_003705,130000,1,1,1,23,-2,1,0,0,-1,-1,0,42429,36496,40715,52748,45682,0,1099,11934,17467,51533,23216
req_003706,100000,1,2,2,24,0,0,0,0,0,1,20134,22440,17208,19370,18257,18330,11328,15743,15972,15475,16469,67
req_003707,80000,2,1,1,23,-2,0,0,-1,-1,-1,0,50720,47129,46269,45011,38701,0,18376,11921,34974,20401,35774
req_003708,80000,2,1,2,27,0,0,0,0,1,0,53957,51161,36615,48779,43358,48496,41065,43936,11540,22030,4978,26460
req_003709,70000,1,3,1,22,-2,0,0,2,2,2,0,6266,10017,8396,8040,8094,0,2126,6292,765,892,2237
req_003710,60000,2,1,2,22,0,0,0,0,0,0,16186,18111,16539,14522,14472,18192,4053,7321,9010,1785,11237,16332
req_003711,500000,2,1,1,27,0,0,-2,0,-1,-1,404558,372587,0,314283,399022,310068,368970,341588,0,274738,212602,286303
req_003712,110000,1,2,1,23,0,0,1,2,1,2,1748,1924,1986,2183,1895,1802,1669,517,202,303,638,263
req_003713,180000,2,1,2,24,-1,0,-2,-1,-2,0,61889,65029,0,46163,0,66522,45324,61512,0,29102,0,17727
req_003714,170000,1,2,2,29,0,0,-1,0,-2,0,53373,71480,53241,49282,0,49675,31142,33662,45517,41220,0,17142
req_003715,120000,2,3,1,28,-2,-1,-1,-1,-1,-1,0,81339,83096,64774,70710,72994,0,50906,48565,57808,54787,48314
req_003716,40000,1,2,2,26,2,0,0,1,0,0,13169,18478,17258,11833,12930,15126,578,7178,9938,1312,9144,10061
req_003717,80000,2,2,1,25,1,2,0,2,2,0,15338,15270,15250,15839,10938,12215,9,1974,8171,905,1450,7919
req_003718,150000,2,3,2,26,-1,-1,-1,-1,-1,-1,18062,19389,20321,18314,19093,20050,7953,15506,14448,11500,11842,8745
req_003719,50000,2,1,2,28,0,0,-1,0,-1,0,12215,14070,14476,17134,11889,12766,9323,11397,5486,12913,7886,3625
req_003720,60000,2,3,1,22,-1,-1,-1,-1,-1,0,26009,31071,42900,32262,32330,24845,11295,30258,30955,11064,10943,14180
req_003721,520000,2,1,1,26,-1,-1,-2,-1,-1,-1,430958,399640,0,435324,381389,379741,299007,356512,0,281316,249555,193206
req_003722,170000,1,3,2,23,0,0,0,2,1,1,65130,77910,68853,51121,51587,67869,49609,62651,11107,2309,2842,14429
req_003723,130000,2,3,2,29,-1,-1,-1,-1,-1,-1,61112,73100,41351,63435,42263,54725,54941,39510,38078,39214,36948,16690
req_003724,120000,1,2,2,24,-1,-1,-1,-1,0,-1,30963,22513,30292,25187,23641,23121,14413,17917,11576,16227,17562,20534
req_003725,150000,2,2,1,25,1,1,1,1,2,2,115605,85250,99983,88010,80983,85700,1502,4838,6605,6334,6355,400
req_003726,100000,2,2,1,24,0,1,0,0,0,0,37637,31375,27452,29034,27955,24166,13260,5953,7912,24932,26793,13806
req_003727,150000,2,2,2,25,-1,-1,-1,-1,-1,-1,88300,69128,89395,73987,86942,69620,82741,51536,60668,42492,55138,26938
req_003728,170000,2,2,2,29,-1,0,0,1,0,-1,21837,22892,22255,19557,14019,19452,9849,18144,20682,1554,3167,14941
req_003729,170000,1,1,2,29,0,-2,-1,0,0,0,46733,0,63299,37831,47889,66814,41307,0,42754,29120,29605,52056
req_003730,30000,1,2,1,27,0,0,-2,0,-1,-1,12714,9370,0,12514,9133,9562,7023,4732,0,7247,6844,3028
req_003731,80000,1,1,2,29,-2,-1,0,0,0,-2,0,32109,28959,36280,35738,0,0,23613,19324,9119,21221,0
req_003732,130000,2,1,1,29,1,-2,-1,-1,-1,-1,29899,0,32260,26376,35062,35464,1043,0,21492,16797,24950,25200
req_003733,130000,1,1,2,29,0,0,0,0,0,1,32025,28669,28574,25054,26673,13428,21059,18737,18425,9210,23972,620
req_003734,210000,2,3,2,29,1,-2,0,0,0,0,91432,0,82950,89406,72525,75389,570,0,54504,39683,17018,37502
req_003735,150000,2,3,2,26,0,-1,0,0,0,-1,59249,56755,77561,54076,57199,66467,31854,38666,39078,20707,15051,45170
req_003736,260000,1,2,1,29,2,2,3,2,1,1,93185,85713,109428,67973,110109,74103,23688,14213,9992,10096,190,1796
req_003737,40000,2,1,1,24,0,0,-1,0,-1,0,20230,15689,16081,17477,11945,21596,12718,10070,9038,12592,7747,17318
req_003738,80000,2,2,2,27,1,0,0,0,-2,1,18986,19139,28079,25897,0,20509,998,13287,20553,22333,0,258
req_003739,20000,1,1,1,27,0,-2,0,0,2,3,10691,0,16404,15448,15359,14039,2617,0,12356,13495,1246,1794
req_003740,90000,1,2,2,21,-1,-1,0,-1,0,-1,53089,62836,68752,75179,78312,65488,34170,54423,42452,55485,50618,23753
req_003741,210000,2,1,1,28,1,0,0,0,0,-2,54759,73115,55298,60652,40569,0,4803,44174,38866,17142,15022,0
req_003742,90000,2,2,1,27,1,0,0,0,0,-1,60866,62668,64635,43731,51003,55296,12350,45634,42921,24955,28201,27219
req_003743,60000,1,2,1,29,2,0,0,0,0,0,43925,46722,32402,29095,35266,30470,4812,35054,8866,22129,14886,24130
req_003744,180000,2,1,2,29,1,0,0,0,-1,-1,43884,36979,36243,33496,37668,37080,8294,19341,12942,10285,21966,6288
req_003745,40000,1,3,1,27,-2,0,0,0,-1,0,0,8509,9711,9609,8663,7509,0,6793,6317,1178,7067,4295
req_003746,40000,2,2,2,29,0,1,0,0,1,1,29982,28102,25230,24662,27550,18612,24213,770,21237,3642,2281,817
req_003747,170000,1,2,2,24,-1,-2,0,0,0,-1,7120,0,9595,8184,8893,6997,4107,0,2682,5024,7492,5303
req_003748,250000,1,1,1,26,0,0,-1,-1,0,0,174133,160388,153675,123542,129571,159031,99258,82310,106116,41492,41685,64443
req_003749,120000,2,2,1,27,0,-2,0,1,1,0,86224,0,66125,74846,61561,57649,41714,0,52010,3882,2079,49746
req_003750,200000,1,1,2,27,0,2,-2,0,0,0,65863,81154,0,65795,59805,74478,34691,6234,0,7826,51881,53687
req_003751,130000,1,1,2,26,0,-2,0,0,-1,0,29357,0,21155,26988,23375,22747,9235,0,16290,23011,20975,18494
req_003752,170000,2,2,2,24,0,-2,-2,2,1,0,61387,0,0,74975,66675,62653,14690,0,0,6128,3292,29818
req_003753,320000,2,1,1,25,0,0,-1,-1,0,0,21670,18130,18090,19739,19440,22065,9678,3470,15546,15528,10572,20193
req_003754,40000,1,1,1,27,0,1,0,0,0,-2,4450,5404,4386,5010,3060,0,3918,387,2443,4668,2146,0
req_003755,130000,2,2,2,24,-2,-2,-1,-1,-2,0,0,0,50183,55608,0,42317,0,0,35544,37046,0,22807
req_003756,40000,1,2,2,26,0,-2,0,0,1,1,1663,0,1709,1487,1697,1387,428,0,908,1415,32,215
req_003757,70000,2,2,2,27,2,0,2,0,1,-2,60692,48361,53605,46029,50444,0,10902,47524,7770,41462,3233,0
req_003758,370000,2,1,2,28,2,-2,0,0,0,-1,250135,0,201109,124747,238560,191356,40391,0,186302,87858,141681,130965
req_003759,40000,2,2,1,26,0,0,1,-2,0,1,4974,5872,5654,0,3981,4928,4627,5273,552,0,3671,343
req_003760,260000,2,2,2,25,-1,-2,0,1,0,0,134971,0,145283,139630,121479,122852,61852,0,140167,9739,49135,70405
req_003761,80000,2,1,1,24,0,0,0,0,-2,0,6354,6431,9056,6821,0,6134,1552,2813,6052,5258,0,4138
req_003762,160000,1,2,2,25,0,0,1,2,1,0,17532,15381,18377,12996,17472,14548,7018,8715,1333,128,1103,1966
req_003763,100000,2,1,2,23,2,1,1,0,0,1,56702,53061,47436,63767,55010,53199,12834,940,3456,40729,35431,8677
req_003764,50000,1,1,3,24,0,-1,-1,-1,0,0,9956,10346,7580,11549,8506,9877,7332,3032,2373,9029,5396,9044
req_003765,80000,1,2,1,27,1,0,0,0,0,1,55986,49575,58377,53000,59710,44822,305,44353,48786,30484,26944,1356
req_003766,20000,2,3,2,29,-1,-2,-1,0,-2,0,2886,0,2929,3600,0,2845,1300,0,1212,2465,0,1419
req_003767,120000,1,3,2,26,0,0,0,1,-2,1,58019,55234,61173,71002,0,45676,49146,49021,43735,6730,0,2969
req_003768,40000,2,2,1,24,0,0,0,0,-1,0,17255,15378,16659,13220,14146,12856,14076,7007,13447,7733,7255,12765
req_003769,100000,1,2,2,24,0,0,0,1,0,1,23163,26742,23934,17679,21368,21931,8708,19951,5766,980,11096,1333
req_003770,170000,1,2,2,28,1,0,0,-2,0,-1,50593,50670,40151,0,42442,35391,3566,21083,36916,0,24583,24231
req_003771,50000,2,1,1,25,0,-1,-1,-1,-1,-1,3416,4673,4224,4490,2644,3677,2090,4051,1372,2516,610,1362
req_003772,120000,1,1,2,27,2,1,0,0,1,1,93576,116382,100772,104802,83683,93678,1645,8460,82763,84349,452,22027
req_003773,240000,2,2,2,24,0,0,-2,0,0,0,211326,217019,0,161300,211959,155668,137320,198995,0,80134,156751,64807
req_003774,170000,2,2,1,28,1,0,-1,0,0,0,53274,57379,56823,53475,61827,53887,10511,27126,30361,19938,29884,35346
req_003775,560000,2,1,1,28,0,0,-1,-1,-1,-1,256212,254579,208240,273258,203155,171331,99899,147087,102557,218741,117595,92529
req_003776,50000,2,2,2,23,0,0,0,2,-2,1,24385,21086,23183,15903,0,12970,8932,10141,13331,1105,0,751
req_003777,160000,2,2,2,27,1,0,0,0,0,0,147856,91603,145024,126857,108337,115670,21311,58632,121191,98657,86876,71901
req_003778,50000,1,3,1,26,8,2,1,1,3,2,28125,20666,22918,20656,19287,17365,1102,1222,2114,1032,345,620
req_003779,560000,2,2,2,28,-2,-1,-1,-1,-2,-1,0,104516,101432,97637,0,86570,0,70815,66174,92823,0,60934
req_003780,70000,1,2,1,26,0,-1,-1,-1,0,-2,34522,29471,21250,27182,29214,0,28034,25617,12368,21633,14391,0
req_003781,60000,1,2,2,25,0,0,0,-2,0,0,14419,18532,13132,0,15030,21579,9664,17390,6361,0,12517,13138
req_003782,50000,1,2,2,29,0,0,0,0,0,1,19091,21957,14884,14579,19603,14954,17851,21173,8813,11295,17271,1033
req_003783,50000,2,3,2,24,-1,-1,0,0,1,3,16128,15196,19056,13635,14320,18475,12986,10388,6167,4280,267,1321
req_003784,80000,1,1,2,28,0,-1,0,0,-2,0,15027,14775,20018,17821,0,14522,5472,14115,11204,2973,0,11259
req_003785,100000,2,4,1,26,1,3,0,0,0,0,42009,37877,29179,38364,33781,35724,7198,10233,11671,26299,18787,15931
req_003786,110000,1,1,2,29,0,0,0,0,0,-1,24085,17152,30073,23013,21220,22639,10312,4850,4697,17534,19604,17501
req_003787,90000,2,3,2,25,0,0,0,0,-1,-1,16593,17742,18043,13298,12903,10771,16111,8747,9070,4097,9208,7272
req_003788,90000,2,1,2,29,0,0,-2,-2,-2,-2,9975,7158,0,0,0,0,7196,5364,0,0,0,0
req_003789,80000,1,3,1,28,0,0,0,0,-1,-2,59250,68692,47273,55546,61071,0,24075,33231,16322,48486,33590,0
req_003790,30000,2,2,2,28,-2,-1,0,0,0,0,0,9653,7850,10366,7814,8506,0,6397,4837,6313,5787,7249
req_003791,170000,1,2,2,29,1,3,3,2,1,-2,107281,76758,51289,73003,95038,0,11398,1630,16345,4118,9869,0
req_003792,180000,2,1,1,29,0,0,-1,-1,-1,-1,38058,36284,33828,44774,32659,25278,26532,30289,15115,31134,19193,18812
req_003793,290000,2,3,2,23,0,0,-1,-1,-1,-1,41380,54091,43663,54456,46890,38351,38067,24498,6211,30242,43411,16274
req_003794,120000,2,3,1,27,0,-1,-1,-1,-1,-1,34075,39438,23739,42194,27916,28166,22746,19514,18825,20643,24603,7934
req_003795,100000,2,1,2,26,-1,-1,-1,-1,-1,-1,27296,21961,22684,22492,18793,25487,13879,8454,15646,21769,15659,4175
req_003796,110000,2,1,2,28,0,0,0,0,0,0,39437,35639,29510,32132,32260,34166,19762,18634,23546,16958,22586,27621
req_003797,20000,2,2,2,28,1,2,0,0,0,1,18051,21105,13316,17039,14084,15050,3574,5634,7082,12005,5742,734
req_003798,60000,2,1,2,25,0,0,0,0,-1,-2,15676,15208,17082,16943,15128,0,7189,5692,7001,5296,9464,0
req_003799,90000,1,2,2,24,-1,-1,-1,-1,-1,0,77122,59015,59708,50674,47517,75160,65065,43266,38391,24330,2041,20638
req_003800,200000,2,1,1,29,0,-2,0,1,1,2,90843,0,74281,71949,60719,64693,50007,0,29421,9324,1500,224
req_003801,80000,2,3,2,27,-1,0,-2,-2,-1,-1,15802,14477,0,0,16675,14184,3728,9582,0,0,7388,10706
req_003802,40000,1,4,2,28,0,-1,-1,0,-1,-1,14478,13906,13884,12935,11183,12526,13284,11042,10313,7718,957,4670
req_003803,70000,2,2,1,28,1,0,0,0,1,1,18630,26795,21907,21804,25487,23397,293,2609,13393,20476,1078,687
req_003804,30000,1,1,2,28,1,-2,1,1,0,0,25875,0,27069,18518,27194,21575,1473,0,3088,1237,18877,17046
req_003805,50000,1,2,2,28,1,2,2,1,2,7,15910,14382,13954,10556,13901,14628,772,312,165,1011,517,1276
req_003806,150000,2,2,2,23,0,0,-1,0,0,-2,83353,94573,92357,58545,68182,0,7022,40120,44890,26316,53874,0
req_003807,350000,2,1,2,28,-2,1,2,-2,0,0,0,202940,142832,0,222469,179998,0,44561,18047,0,119370,108730
req_003808,100000,1,2,1,25,0,0,0,1,0,0,25055,30273,35259,37349,35626,26095,21891,15411,29306,8946,29239,11242
req_003809,70000,2,2,2,29,-1,-1,-1,-1,0,2,29741,28813,25563,28806,27308,23259,28647,16977,15259,17887,18007,3586
req_003810,40000,2,1,1,27,0,0,0,0,0,-2,15299,13435,16397,14166,16870,0,11539,3620,4679,1672,6368,0
req_003811,110000,2,2,2,29,-1,-1,-1,-1,-1,-1,52604,47509,53880,60108,58672,52784,34413,32251,51582,29833,29669,50643
req_003812,100000,2,2,1,27,0,-1,0,-1,-1,-1,8995,9791,5876,7199,9107,8753,6801,7643,2317,5141,5138,8300
req_003813,160000,2,1,2,29,0,-1,0,0,0,1,71801,63774,52513,62887,48728,76427,35034,39900,8582,61518,30635,1223
req_003814,60000,1,3,2,25,0,0,0,0,0,1,38698,29909,41963,44211,36831,34396,16406,8177,37471,36454,30687,328
req_003815,130000,2,2,2,28,-1,-1,-1,0,0,0,54990,60895,59783,59695,70053,67854,40424,27742,51840,48461,59818,48372
req_003816,180000,2,1,1,28,2,3,2,2,-2,0,39904,66420,70859,53387,0,52420,13233,2061,15991,2706,0,15932
req_003817,70000,2,2,1,28,0,-1,-2,-1,-1,-1,15948,19135,0,19674,18884,17455,11820,12022,0,822,17352,13702
req_003818,230000,2,1,1,24,0,-1,0,0,-2,-1,120635,118591,89534,96174,0,82030,59704,106423,22600,92241,0,78080
req_003819,140000,2,2,2,23,1,-2,-1,-1,-2,0,107159,0,105555,92288,0,86461,3179,0,90722,77100,0,67970
req_003820,40000,1,1,1,27,0,0,0,1,2,2,12073,14250,11109,11232,11912,10268,9096,4357,10305,854,234,441
req_003821,50000,2,3,1,24,0,-1,-1,0,0,0,15714,11663,16817,12382,15643,13322,14539,7082,4621,8910,12626,11640
req_003822,30000,2,3,2,28,0,0,1,-1,-1,-1,5655,5075,4524,4958,4185,5348,2224,1866,1809,2690,501,1864
req_003823,50000,1,1,1,25,1,0,0,0,0,-1,28292,24589,30629,22329,26964,25952,1988,13576,29941,3165,16504,21409
req_003824,60000,2,1,2,23,1,2,0,0,0,2,28757,15319,20902,23491,21073,20415,2125,2861,1411,13609,9178,1760
req_003825,120000,2,1,2,26,-2,-1,0,-1,0,0,0,20346,21462,31866,27525,28749,0,13384,5137,19093,4145,20799
req_003826,100000,2,2,1,28,2,-2,0,0,-1,0,76269,0,78509,85505,56833,84556,6053,0,35319,55056,29848,76743
req_003827,80000,1,3,2,28,-1,0,-2,0,0,0,34785,34411,0,30601,28452,29857,33185,14320,0,15097,24211,21374
req_003828,220000,2,3,2,28,1,0,0,0,1,0,108106,83240,99989,93895,85248,90102,14707,65477,58020,19353,12869,67411
req_003829,160000,2,1,1,24,0,0,0,0,-2,-2,72244,67386,60453,54744,0,0,15517,41985,49508,53075,0,0
req_003830,50000,2,3,2,28,-1,0,0,0,-2,-1,33988,20043,21091,25095,0,17173,21529,5926,9795,4787,0,15752
req_003831,60000,2,2,2,27,0,-1,-1,-2,-1,-1,3270,2622,3008,0,3290,2511,1490,2403,1064,0,3131,1834
req_003832,220000,2,1,2,26,1,2,0,1,2,2,46855,52970,53145,49205,41092,34132,5748,4703,20717,2509,2970,2783
req_003833,170000,1,2,2,27,-1,-1,-2,0,1,1,57348,56727,0,45656,51191,36910,41688,25017,0,43826,3613,9537
req_003834,60000,1,3,1,28,-2,0,0,0,0,0,0,35816,33896,33750,34944,28277,0,35141,14558,22342,32481,19008
req_003835,110000,2,2,2,21,0,0,0,0,1,1,24705,22916,23979,22470,23915,26288,20859,22430,14623,14487,7767,7147
req_003836,110000,2,2,2,28,0,-1,-2,0,-1,0,25731,24928,0,25437,25884,28191,10396,23698,0,18573,12115,20276
req_003837,120000,1,1,1,27,-1,1,0,3,2,1,15458,21063,16661,16454,15839,16553,7044,5478,5544,979,2241,598
req_003838,20000,2,3,2,29,0,0,0,-1,-1,0,12019,10524,9307,10492,10441,8822,6687,9131,6635,3356,7074,5210
req_003839,130000,2,2,2,29,8,2,2,1,0,0,52875,47071,40811,42945,37024,33894,2093,1510,5836,7245,15045,18351
req_003840,50000,2,2,1,25,-1,-1,0,0,0,0,13685,14129,14641,12918,16282,11395,1353,7597,2749,6801,5914,6541
req_003841,50000,1,2,1,25,0,1,2,3,1,1,10523,10922,10492,10183,9929,6443,8969,1156,2352,424,1042,461
req_003842,90000,1,2,2,26,0,0,0,0,-1,-1,38175,34359,36050,34584,26438,30700,34025,28512,17729,27244,24300,24353
req_003843,90000,1,1,2,21,1,0,0,0,-1,-1,21219,28614,31843,25400,27083,33698,119,20083,17125,19471,11323,25105
req_003844,260000,1,2,2,26,0,0,-1,-1,0,-1,109844,97805,97306,113588,107186,151485,99931,29797,73920,87324,97123,65765
req_003845,100000,1,2,2,28,0,0,-1,-2,0,0,26874,26789,37084,0,28129,33888,22281,21956,24587,0,12935,26816
req_003846,100000,1,3,1,29,-1,-2,-2,1,2,2,36843,0,0,34571,27087,29165,35364,0,0,5510,1878,2886
req_003847,290000,1,1,1,27,-1,0,0,-1,0,0,12921,10916,10148,10475,11347,13711,7466,8481,2392,7719,694,5817
req_003848,210000,1,2,1,29,-1,-1,-1,-1,-1,-1,23461,18065,23837,26048,18769,22295,13377,11032,12125,21576,5814,10474
req_003849,50000,1,2,2,28,2,2,3,2,1,1,36222,30516,28125,25782,27076,24803,2997,7598,6446,452,2244,3240
req_003850,90000,1,2,1,27,2,0,1,1,0,0,21837,24029,27234,23413,29074,24252,549,7085,973,185,18711,13282
req_003851,180000,2,2,2,23,0,0,0,0,-1,0,120717,111821,149069,143731,108581,119296,103290,60132,101445,65850,84455,61411
req_003852,50000,1,1,1,28,0,0,0,2,2,2,19226,17029,16000,13358,18529,13421,6848,12796,2963,2189,2099,2048
req_003853,110000,2,1,1,28,0,0,1,0,0,0,52030,54409,56203,50689,54696,61766,29152,31281,1541,29784,50227,51658
req_003854,10000,2,3,1,24,3,3,3,2,2,3,1698,1537,1675,1902,1464,1194,72,55,475,362,164,2
req_003855,180000,1,2,1,26,0,-2,-2,0,0,1,177894,0,0,154146,126001,160268,49309,0,0,63101,70047,4313
req_003856,80000,1,2,2,28,0,0,0,-1,0,0,10946,11925,12834,9889,10339,10517,8024,7395,7783,6617,7297,8255
req_003857,170000,2,1,1,25,-1,-1,-1,-1,-2,0,24234,20059,19292,21812,0,17681,14901,17661,7151,8892,0,10704
req_003858,110000,1,3,2,24,0,1,1,2,2,0,110940,103536,97815,84283,87341,74106,76900,6719,4101,19969,25869,31189
req_003859,60000,1,3,1,24,0,0,0,0,0,0,26101,24003,21076,24710,30221,24059,17042,19155,6946,18731,21509,14688
req_003860,50000,1,3,1,25,1,0,1,2,-2,0,38877,46784,41330,32242,0,31993,2402,31808,111,4085,0,27356
req_003861,200000,1,2,2,28,-1,0,0,0,0,0,17919,20360,16157,20652,22167,19593,7643,16375,11962,17071,2408,12858
req_003862,100000,1,1,2,24,0,0,0,0,0,0,33226,38929,41079,52660,32339,34763,28107,34742,22544,31180,24191,9165
req_003863,100000,2,2,2,29,0,0,1,2,0,-2,15161,14965,13881,13108,15865,0,12963,7014,855,995,7580,0
req_003864,50000,1,2,1,26,0,0,1,0,1,3,25571,21433,25355,22117,24805,19219,22068,6039,1079,14862,8,178
req_003865,130000,1,2,2,25,0,0,0,0,0,0,42961,66400,53187,47581,38305,46062,16734,56095,32724,39724,12794,42961
req_003866,100000,1,3,1,25,0,0,0,0,0,0,32531,28045,27948,28643,28841,29229,19870,15712,24294,7612,26873,15277
req_003867,120000,2,4,1,23,0,0,0,0,0,1,36814,51010,40377,36708,48253,53125,23384,26994,34917,21266,39675,9033
req_003868,140000,2,2,2,25,-1,-1,-2,-1,-1,0,29578,23263,0,33042,28537,22200,11415,16832,0,2281,19421,11664
req_003869,90000,2,1,1,27,-2,0,1,0,0,0,0,30591,34667,26100,37797,34194,0,17360,5119,19721,35933,33374
req_003870,130000,2,2,1,29,0,0,1,-2,0,1,52064,55414,41109,0,50306,50529,23731,48973,1926,0,25392,162
req_003871,50000,1,2,2,27,0,0,1,1,1,0,22980,17268,20395,19661,22884,18490,20852,14834,1306,1594,159,13187
req_003872,30000,2,2,1,26,0,0,0,0,0,0,2243,2486,2155,2273,1748,2049,2034,1375,1741,2036,1090,503
req_003873,120000,1,2,2,22,0,0,0,0,0,0,36371,36292,23258,26840,25948,24782,20969,26721,9509,26419,8687,20061
req_003874,140000,2,2,2,26,0,1,1,0,0,1,56303,52798,62015,73050,59347,52901,39634,5930,636,59223,23170,5660
req_003875,90000,1,2,1,29,0,0,0,1,2,2,1081,1130,690,980,978,980,910,559,290,3,194,229
req_003876,100000,2,2,2,29,-1,0,0,0,-1,-1,45336,50489,39648,46788,57618,49908,11424,10237,25958,26559,50766,35420
req_003877,80000,1,2,1,28,0,0,0,0,-1,0,37999,45348,31572,39378,41119,39103,20234,37873,22048,22341,37045,36191
req_003878,70000,2,2,1,23,2,1,0,1,-1,0,60806,46952,40182,42518,40306,43116,35412,9661,13335,7028,39505,33568
req_003879,30000,2,2,2,25,2,1,0,1,2,3,6674,5201,5393,4974,5695,6529,63,1045,4559,203,2120,420
req_003880,190000,2,2,1,29,-1,0,0,-1,-1,-1,27856,30331,26810,26502,28112,25757,17996,15800,18057,10580,16855,23670
req_003881,80000,2,2,2,26,0,0,-1,-1,-1,-1,27817,28861,30601,29280,23319,31546,20165,12748,26466,16382,18221,29629
req_003882,80000,1,1,2,25,-1,-1,0,0,0,0,18956,17588,14883,17987,19356,19112,8003,10874,7214,8407,10916,15197
req_003883,530000,2,1,2,26,-1,0,0,0,0,-1,278194,245702,296889,220805,212183,219576,106823,186169,104726,125779,193931,127247
req_003884,40000,1,2,2,25,-1,0,-1,0,1,0,16102,8585,15189,15196,12233,15013,10615,6229,5687,14113,1072,13936
req_003885,110000,1,1,2,29,0,0,0,0,0,0,51890,38922,41369,39693,41041,35470,27056,20680,34181,23891,23405,15660
req_003886,60000,1,1,1,24,-2,-2,0,2,0,2,0,0,26682,25783,32447,28422,0,0,20390,1532,26632,3239
req_003887,250000,1,2,1,28,0,0,0,0,-1,-1,65587,61155,61597,64548,70727,70030,29294,47682,23180,38820,44512,51128
req_003888,100000,1,1,2,29,0,-2,2,1,0,1,5962,0,5884,6461,7229,4888,3531,0,726,272,3504,132
req_003889,220000,1,2,2,29,0,-2,1,0,-1,-2,21082,0,17471,31193,21114,0,2428,0,992,20937,20711,0
req_003890,40000,1,2,2,27,-2,0,0,0,1,0,0,18612,15961,15550,13139,16145,0,12293,7676,11949,473,6244
req_003891,150000,1,2,1,29,-1,0,1,1,0,0,102223,85226,85124,82949,78171,72681,95230,70640,4237,6520,66714,61714
req_003892,40000,2,2,2,22,0,0,-1,-1,0,0,17670,22497,14067,19117,16948,15054,9580,6733,4885,12807,13644,14712
req_003893,50000,1,1,1,28,1,1,0,-2,2,-2,38361,41963,30469,0,22691,0,611,623,22222,0,5402,0
req_003894,90000,2,2,1,27,0,-2,-1,0,0,0,31839,0,30570,27113,25179,31320,21985,0,16829,22939,15059,19220
req_003895,330000,2,2,1,23,1,2,-2,2,1,1,105598,96869,0,86505,78326,89764,14952,3862,0,49835,243,25353
req_003896,70000,2,1,3,24,1,0,2,3,2,0,21177,14467,19556,21958,21105,16386,7482,10465,119,563,1069,10145
req_003897,50000,1,1,2,25,-1,-1,-1,-1,0,1,22434,24659,15236,18030,18942,15098,14219,8894,14101,10779,10352,289
req_003898,380000,1,1,2,28,-2,0,0,0,0,0,0,201993,140544,152977,153697,189210,0,119434,109136,99968,93657,153135
req_003899,160000,2,1,2,22,0,-1,-1,-1,-2,-1,22646,43014,26532,28097,0,22822,11992,13699,11975,7776,0,11218
req_003900,60000,2,3,1,29,-1,-1,-1,-1,-1,-1,41106,22714,32170,26950,24634,28573,31151,15426,11226,562,16300,17115
req_003901,250000,2,2,1,23,1,1,3,1,2,-2,77387,57800,59098,48253,55725,0,7577,2010,2226,6717,3937,0
req_003902,110000,1,2,1,26,0,0,1,1,1,1,27004,29315,32317,22290,21374,23991,17955,11302,2493,7113,2742,8798
req_003903,120000,2,1,1,27,-1,-1,-1,-2,-1,-1,27957,29152,28595,0,25603,32323,20302,11004,11981,0,11523,22788
req_003904,410000,2,2,1,29,0,2,0,1,-2,-1,294709,325422,311665,201915,0,273990,185568,71958,112283,10044,0,24851
req_003905,120000,2,2,2,24,2,0,-2,0,-1,-1,51176,47754,0,53003,43181,46052,413,9879,0,9349,30228,43575
req_003906,90000,2,3,2,27,0,0,0,2,1,1,28310,51926,47537,40842,38566,34474,4709,45792,8348,3145,3775,6424
req_003907,150000,2,2,1,28,0,-1,-1,0,0,-1,40549,53677,51968,36217,45408,30032,22774,39392,11650,20244,26895,21156
req_003908,70000,1,2,2,29,0,0,0,-2,2,2,12408,17915,18010,0,15541,13232,7690,8656,8003,0,1084,3167
req_003909,180000,2,1,1,27,-1,-1,-1,0,0,-1,115354,118144,138364,112681,103941,90253,55670,14395,101271,70634,76138,45289
req_003910,100000,1,2,2,25,0,0,-1,-1,-1,-1,22970,20720,23270,17212,19774,20744,1261,12529,9955,8783,11970,12863
req_003911,110000,2,1,1,28,0,0,-1,-1,-1,-1,34460,39650,33167,35673,30266,31955,20281,32659,6420,26492,10502,26323
req_003912,160000,2,1,1,27,0,0,0,0,0,0,85497,76011,85323,83292,61269,47940,63059,66233,52083,63510,41373,33783
req_003913,160000,2,1,1,25,-1,0,-2,-1,-1,-1,89754,76384,0,66169,88953,47644,55640,51746,0,49652,64557,15736
req_003914,130000,2,1,1,28,0,-1,-1,0,0,-1,3887,4914,4769,3566,4325,3605,1425,2480,1619,1406,3633,2569
req_003915,60000,1,1,2,25,0,-1,0,0,1,0,25375,26149,32583,31362,24796,21097,18867,17719,24297,9754,194,17989
req_003916,550000,1,1,1,24,0,0,0,0,-1,-1,4071,3732,4120,4284,3947,3065,3709,3007,1051,3203,3618,1075
req_003917,300000,2,2,2,28,0,0,0,0,0,-1,225467,159273,199425,139634,156417,139797,57805,138556,75172,105815,78170,104068
req_003918,210000,2,1,1,29,0,0,0,0,-1,-1,87823,65978,71248,78415,61236,79693,85844,51921,65815,15619,46656,20537
req_003919,90000,2,2,2,22,0,0,0,-1,-1,-1,18859,17413,16872,18855,20919,15171,17433,9343,11513,13759,20047,9318
req_003920,150000,2,2,1,29,0,0,0,0,0,-2,74025,71664,64616,80293,77361,0,73722,42427,21435,48089,48637,0
req_003921,40000,2,2,2,26,0,1,1,1,1,1,6904,5905,4593,4775,5971,5433,4729,380,206,564,925,405
req_003922,50000,1,1,1,28,1,0,1,1,0,0,17669,13882,13337,18340,12374,9113,2179,10776,2314,90,4564,4789
req_003923,50000,2,2,1,25,-2,0,0,0,0,-1,0,17197,20564,13523,16987,14064,0,1829,14945,10003,16616,9248
req_003924,30000,2,1,1,24,-1,0,0,0,-2,1,1932,1860,1654,1789,0,1789,1368,1329,1294,660,0,232
req_003925,50000,2,2,2,29,0,0,0,-2,0,0,30575,28531,39076,0,40390,37083,21325,17327,10049,0,15017,13597
req_003926,60000,1,3,2,29,0,0,0,0,1,1,18965,19395,16990,16863,14324,15889,10212,7145,15441,15370,133,1708
req_003927,130000,2,1,2,28,0,3,2,-2,0,0,88260,127903,118417,0,100230,92260,24204,6556,5831,0,29374,24587
req_003928,240000,1,2,2,28,-1,-2,-1,-2,0,0,145400,0,119630,0,114629,138268,79105,0,91089,0,49209,89769
req_003929,120000,2,1,2,27,0,1,0,0,-2,0,18007,18127,13188,11454,0,17853,6654,997,10785,7870,0,8585
req_003930,140000,1,2,1,23,0,2,-2,3,2,1,105816,107378,0,102004,115741,91109,94694,3571,0,1252,8400,4467
req_003931,60000,1,3,2,28,-1,0,0,1,2,1,33157,22197,26177,23087,28457,31137,27886,12468,4397,923,1066,1195
req_003932,70000,2,2,2,25,0,-1,-1,-1,-1,-1,10458,13935,13176,8475,11527,11925,9066,6044,8701,4913,5149,10430
req_003933,190000,1,3,1,29,2,1,2,0,0,0,79923,74115,67210,61114,60251,63909,1682,616,9033,47301,49234,38788
req_003934,140000,2,2,1,26,0,2,0,0,1,1,43523,37854,41267,30552,32302,32822,38891,2407,32499,7804,416,6359
req_003935,30000,2,1,2,29,-1,-1,-2,-1,-1,-2,6065,5598,0,4852,6342,0,4782,4247,0,4117,4723,0
req_003936,50000,2,1,2,25,-1,0,0,0,0,-1,20484,20775,17160,16092,20063,19646,16026,14221,10491,2378,14672,11651
req_003937,50000,2,1,2,26,0,0,0,0,0,-2,16995,24266,25278,18407,23116,0,7020,19590,23788,12442,20881,0
req_003938,50000,2,2,2,29,0,0,2,3,2,0,2149,2138,2124,2055,2159,1947,1018,1846,124,222,201,1112
req_003939,40000,1,1,3,29,3,0,1,0,1,2,18191,16950,16288,20551,18167,14933,692,15509,505,11378,4415,5866
req_003940,250000,1,2,1,25,-1,0,0,0,-1,-2,137272,107690,94429,89952,92702,0,114498,21256,46540,19339,71566,0
req_003941,40000,2,2,2,25,-2,0,0,-1,0,0,0,11004,10676,11127,12486,7355,0,8881,9684,4201,9521,6751
req_003942,130000,2,2,1,26,-1,-1,-1,-1,-1,-1,112805,123672,96678,117328,99536,92570,34254,98777,39529,61056,52366,66186
req_003943,130000,2,1,1,25,0,0,0,-1,-1,-2,28359,36223,24336,36201,25991,0,3868,13601,17243,18305,8389,0
req_003944,100000,2,1,2,24,-1,-2,0,0,0,0,15839,0,11349,13634,14665,13050,12619,0,5122,9335,7223,7080
req_003945,70000,2,1,2,29,-1,-1,-1,0,1,1,25912,21101,17217,19313,14852,17162,22821,13928,14971,4674,2529,5446
req_003946,250000,2,2,1,25,-1,0,0,-1,-1,-1,84872,83504,81052,101458,74020,77168,4134,21018,44822,79535,26244,55721
req_003947,540000,2,2,1,27,0,0,-1,-1,-1,-1,72177,91069,77223,66248,70341,71788,26879,33548,59895,42180,36117,63020
req_003948,60000,2,1,1,29,-2,2,1,0,-2,0,0,4882,3134,3162,0,3746,0,156,182,3145,0,1160
req_003949,120000,2,2,2,26,-1,-1,-2,-1,0,-2,77153,64198,0,61144,70479,0,21721,15233,0,26169,16339,0
req_003950,500000,1,1,2,25,0,0,0,1,1,0,246345,216750,210802,251920,209203,232766,129750,18900,112343,5173,16688,41845
req_003951,20000,1,1,1,27,0,0,0,0,0,-2,4130,4213,2993,4085,3077,0,1567,2297,2760,2708,2589,0
req_003952,70000,2,2,2,27,1,0,1,2,2,1,51624,41196,50723,37467,27721,43433,1139,3101,520,2752,6146,5772
req_003953,70000,2,2,1,24,-1,-2,-2,-1,0,0,3342,0,0,4270,4669,3909,1639,0,0,3918,4305,785
req_003954,80000,2,2,2,29,0,0,-1,-1,-1,0,33745,29707,31797,26886,35926,23872,18253,26550,22438,25539,32664,13344
req_003955,130000,1,2,2,24,0,0,-1,-1,-1,-1,33330,24951,27232,28304,30832,27609,24196,16853,18349,25885,4020,14065
req_003956,250000,2,2,1,29,-2,0,-1,-2,-2,-1,0,271194,194146,0,0,206890,0,193618,50744,0,0,74195
req_003957,150000,2,2,2,29,1,1,1,0,0,0,57045,61969,65373,58463,49820,52851,3663,6299,13458,23360,43851,40998
req_003958,290000,2,2,2,24,2,2,3,2,1,1,120225,118253,101038,86816,93916,88414,3509,12310,978,1465,3441,14586
req_003959,70000,2,2,2,29,0,0,-1,0,0,0,30069,21235,27886,24440,16658,26973,21434,10409,9704,12680,6301,15287
req_003960,70000,1,1,2,23,0,0,1,2,1,2,6426,7928,5565,7865,5295,5408,2153,6201,141,528,946,565
req_003961,100000,1,1,2,23,0,-2,0,0,0,-1,56214,0,76102,46285,75489,64827,33661,0,39412,26464,40836,33738
req_003962,90000,2,2,1,26,-1,-1,-1,-1,0,-1,27082,22572,22945,23678,17104,24304,3564,21835,12093,22660,10588,9896
req_003963,330000,1,2,1,25,0,0,-1,-1,-1,-1,88251,84200,105073,98954,100247,119311,14523,11303,48792,65807,90387,73135
req_003964,330000,2,2,1,25,-2,0,0,0,-1,-1,0,181545,158483,176939,152005,214794,0,96726,85038,172056,30646,130022
req_003965,130000,2,1,1,26,-1,-1,-1,-2,0,0,51110,50371,61577,0,51566,46302,35262,29007,11596,0,49344,33530
req_003966,120000,2,1,2,27,0,-1,0,-2,0,0,3623,3477,3218,0,2663,3559,2435,2412,2616,0,1935,2679
req_003967,100000,2,2,2,29,2,1,0,0,3,2,23925,29146,30669,24325,22023,17701,1138,2947,29779,12988,5964,5870
req_003968,70000,2,3,1,25,0,0,0,2,2,-2,18659,19676,19322,14859,16071,0,11495,14406,11361,2401,1804,0
req_003969,70000,1,3,2,28,-1,-1,0,0,0,-2,44513,43209,30229,41115,29487,0,22419,34068,25202,28109,26855,0
req_003970,80000,2,3,2,22,1,1,1,1,0,1,23101,32645,32888,36132,28210,28409,1482,3016,3769,2161,17762,3171
req_003971,120000,2,2,1,29,0,0,-1,-1,-1,-1,76993,58699,57723,62394,41293,65563,59200,38717,18923,47511,40105,17053
req_003972,170000,1,1,1,27,-1,-1,0,-2,1,0,3176,2221,2822,0,3774,2352,1792,1752,2253,0,516,1873
req_003973,30000,1,1,1,26,1,0,0,0,0,0,13770,11306,11469,10895,9997,11433,1123,9438,7363,9318,7469,6998
req_003974,90000,2,3,1,25,0,0,1,0,-2,-2,46096,30041,33047,39188,0,0,37212,18535,2802,25898,0,0
req_003975,130000,2,2,2,29,0,2,0,1,1,0,51593,54739,55171,52053,48512,37087,34088,8495,42196,2386,1351,19307
req_003976,80000,2,2,2,29,3,0,0,-1,-1,-1,78813,52870,61876,58971,63707,50970,3440,38982,50881,35253,33058,40138
req_003977,50000,1,4,2,26,-2,1,3,2,1,0,0,17165,11428,14125,14374,13917,0,224,921,1251,1001,11823
req_003978,160000,1,3,1,28,1,0,0,0,1,1,51349,41996,47642,20960,37532,37408,6591,30049,38843,11291,6966,318
req_003979,160000,2,2,2,29,0,-1,-1,0,0,0,23189,31692,24195,24975,20138,21796,11631,21667,16502,14125,18901,8301
req_003980,120000,2,1,2,27,0,-1,0,0,0,0,12113,13382,11051,11501,9984,12004,11469,4984,6859,10507,4039,7740
req_003981,110000,2,1,1,26,-1,0,0,0,-1,-1,4862,4828,5481,4180,4905,4492,1929,4526,3623,3204,3834,2265
req_003982,340000,2,1,1,26,0,2,1,0,-2,0,184592,235074,207927,229553,0,215512,14555,8317,3653,203614,0,171665
req_003983,70000,1,1,2,26,0,0,0,0,-2,2,19107,21169,17610,23092,0,13678,16335,3070,17192,17891,0,410
req_003984,100000,1,1,1,28,-2,0,-1,0,0,0,0,42730,44769,35457,45780,39905,0,22014,40190,30727,27471,20194
req_003985,350000,2,2,1,29,0,0,1,1,0,0,40311,40035,38068,37930,27542,37490,25174,30436,5182,5240,16528,34206
req_003986,200000,2,2,1,28,0,-1,-1,-1,1,1,42536,39926,35594,36902,35089,39192,34617,25382,15006,30541,1926,4774
req_003987,30000,1,1,1,29,1,1,1,1,2,2,14731,14171,16771,14437,13880,12910,2357,132,6038,46,1793,1690
req_003988,110000,2,1,1,23,0,0,-2,1,1,-1,63411,58865,0,58481,46414,57658,47048,28490,0,8662,2325,36675
req_003989,90000,1,3,2,27,0,-1,-1,-2,1,0,36349,36758,28629,0,32882,40178,23723,2373,7823,0,912,16930
req_003990,40000,2,1,1,24,0,0,0,0,0,-2,7730,8706,8300,5818,6398,0,4068,7551,5969,2394,4653,0
req_003991,70000,1,1,1,27,0,0,0,0,-1,-1,7701,7759,7511,6776,8059,7330,6453,5352,4389,5858,1998,4383
req_003992,120000,1,2,1,27,-1,0,-1,0,0,1,63790,49364,48015,55061,58432,61959,53192,18079,28986,34066,32598,2042
req_003993,40000,2,2,1,28,0,0,-1,0,0,0,19907,19459,14947,18599,17426,17551,15169,14192,14401,2753,11183,10938
req_003994,110000,1,1,2,24,-2,-1,-1,-2,0,0,0,56660,52032,0,50297,51410,0,20512,2281,0,36108,34650
req_003995,140000,2,2,2,27,-1,0,0,-1,0,0,28283,34111,33412,31251,25727,27022,22424,30450,16510,28580,14267,11071
req_003996,80000,1,2,1,29,2,0,0,2,1,1,17586,22653,17692,12500,16993,15139,4025,7758,12048,549,794,3741
req_003997,50000,2,1,1,22,-1,0,0,0,0,0,13937,13617,11135,11717,14109,9864,6964,12374,6102,7138,10468,2307
req_003998,230000,1,1,2,24,-2,-1,-1,-1,-1,0,0,57210,47394,61492,67147,53575,0,20035,18952,36919,43746,39243
req_003999,120000,2,3,1,27,-2,-1,-2,0,1,0,0,25196,0,22321,17731,15830,0,9589,0,8529,414,11177
req_004000,110000,2,1,1,29,-1,-2,0,1,1,2,68715,0,63090,65013,68317,75603,45651,0,35701,8687,17508,7766
req_004001,130000,2,2,2,25,1,0,2,2,1,1,62511,56633,52680,41560,32516,32828,3793,28440,3878,5041,2450,2243
req_004002,130000,2,1,2,24,-1,0,0,0,0,0,17708,13853,13640,15204,15882,15667,4136,11295,10683,11316,2780,9748
req_004003,110000,1,2,2,23,1,0,0,0,0,0,20095,20931,16178,19610,14202,14321,400,15446,8805,16016,13144,7434
req_004004,50000,2,2,1,28,1,0,0,0,0,-2,26396,20461,18609,18493,21578,0,412,15667,9014,9138,15464,0
req_004005,160000,1,2,1,28,-1,-1,0,0,1,0,19405,21063,17797,18393,16876,18091,11213,19677,10726,8812,2298,3111
req_004006,80000,2,3,1,28,-1,-1,-1,0,0,0,22708,27715,24017,29832,20993,18234,9537,20286,23284,17670,15856,9920
req_004007,130000,2,2,2,26,1,2,0,1,2,-2,36884,38989,33412,40149,29932,0,3033,1387,27204,7652,3069,0
req_004008,120000,2,2,1,26,0,1,1,2,0,0,26599,28992,28690,34099,25170,17698,22094,1672,341,80,11459,9522
req_004009,80000,2,2,2,27,0,0,0,0,0,0,8283,5675,10896,7335,8150,8715,4873,4502,8567,4436,6489,4053
req_004010,80000,2,2,2,29,-1,-1,-1,-1,-1,-1,16127,19125,17304,15475,14688,14574,8605,13850,13018,11483,11847,5589
req_004011,120000,1,1,2,26,0,0,-2,0,0,0,29254,16733,0,20598,25091,18337,10955,14462,0,9889,23194,14451
req_004012,140000,2,2,2,26,0,0,-2,-1,-1,-1,33076,37244,0,31010,30446,28636,13970,19956,0,15021,12268,22224
req_004013,70000,2,3,1,29,0,0,-1,-1,-1,-1,29567,26626,32982,33103,18594,24587,13105,21147,18784,14712,18044,3871
req_004014,300000,2,1,2,22,0,0,-2,0,-1,-1,116781,137531,0,113095,97200,105183,25002,40375,0,87364,43656,68395
req_004015,110000,2,1,2,29,0,1,0,-1,-1,-1,16232,13640,13165,8982,13148,11409,11102,5976,5377,7442,8332,3704
req_004016,130000,1,1,1,29,-1,0,0,0,0,0,29387,29532,24969,28153,32526,32416,22691,14889,12949,15941,26727,30431
req_004017,90000,2,1,1,28,0,0,0,-1,-1,-1,38389,31917,31231,27987,24398,24518,25375,22915,17947,22593,19049,13742
req_004018,60000,1,1,2,25,0,0,0,1,-2,-2,10942,8190,10807,7927,0,0,7561,3485,9136,1063,0,0
req_004019,50000,1,2,2,24,0,0,0,0,1,0,26204,27973,24018,22714,22239,19659,23309,25989,18715,6989,451,15181
req_004020,70000,2,2,1,29,0,0,0,-1,-1,-2,14286,13048,10406,15150,14666,0,7094,11548,7189,11379,12238,0
req_004021,40000,1,1,2,28,0,0,-1,-1,-1,-1,3202,3466,4553,4538,3822,3463,1280,1596,3110,3827,3061,2760
req_004022,110000,1,2,2,24,0,0,0,-1,0,1,26563,18765,17295,21413,19754,20644,16699,12583,14797,11653,11078,5455
req_004023,50000,2,2,1,24,0,0,0,0,0,1,8313,6286,6535,6961,9476,7008,1478,2512,6152,3509,4591,438
req_004024,120000,1,2,2,29,-1,0,0,2,6,2,58602,58897,53517,55748,51972,43169,54588,46940,27805,1801,5243,1242
req_004025,150000,2,3,1,27,1,1,0,-2,0,0,75523,62272,75600,0,47451,66269,7985,1081,42947,0,36973,22553
req_004026,220000,2,2,2,28,2,1,1,0,1,-1,87929,129336,95062,104799,105685,83562,19508,12429,22818,45897,5008,83286
req_004027,110000,2,2,1,28,-2,1,-2,1,0,2,0,26065,0,24667,27320,23711,0,2551,0,196,8739,3193
req_004028,110000,1,2,2,26,0,0,0,-2,0,-1,12189,20714,22846,0,22778,18786,7715,19701,19805,0,16720,5385
req_004029,140000,2,3,1,29,0,0,0,-2,-1,-1,38465,36087,42960,0,37326,37409,35617,34701,38747,0,23400,15035
req_004030,230000,2,1,2,26,-2,-2,0,0,0,-1,0,0,135472,138163,145715,153557,0,0,112413,129718,119759,130144
req_004031,130000,2,1,2,25,0,0,-2,-1,-1,-2,55850,47797,0,47139,51977,0,31075,31557,0,35578,43305,0
req_004032,60000,1,1,2,23,0,3,1,0,0,-1,24248,24135,26065,21588,17556,21144,12701,1789,2425,14093,13785,13862
req_004033,40000,2,2,2,29,-1,-1,-1,-2,-1,0,23131,20491,23551,0,17726,21444,15657,8687,14883,0,7871,10066
req_004034,30000,1,3,1,26,1,1,-2,-2,0,-1,5584,7374,0,0,5589,6110,1296,463,0,0,3798,1080
req_004035,60000,2,1,2,27,0,0,0,0,-1,-2,20221,17547,16918,17988,15862,0,15143,11631,12811,16522,10335,0
req_004036,110000,1,1,1,27,0,-1,-2,-2,0,0,23774,27083,0,0,31626,27721,18399,20525,0,0,8092,15332
req_004037,60000,1,1,1,28,0,0,0,0,0,0,10615,12016,14604,12047,10309,10340,10210,4881,6572,1405,1173,9167
req_004038,160000,1,3,2,25,0,-2,0,1,0,0,78166,0,59977,84958,64166,66217,55883,0,48333,1324,32264,43462
req_004039,90000,1,1,1,26,-2,-1,0,0,1,0,0,51074,49640,47918,44741,51900,0,36284,28054,38780,2418,33223
req_004040,90000,1,2,2,24,-1,-1,-1,0,0,1,37819,32188,39620,36058,43110,46549,30580,26385,33357,31613,40543,2463
req_004041,50000,1,2,1,26,-1,-1,-1,0,0,0,8186,9684,10117,7643,6615,9351,4228,4894,7323,5917,6413,7604
req_004042,180000,2,1,2,28,0,-2,-1,-1,-1,-1,68034,0,63753,57595,40750,49947,14276,0,41167,34256,27696,37297
req_004043,30000,1,2,1,28,0,0,0,0,-2,0,6926,6561,7141,7533,0,5788,4937,4343,3445,4609,0,4549
req_004044,100000,1,2,1,22,0,0,0,1,2,1,19731,23674,20661,20128,24553,21716,6947,15274,5833,8,801,399
req_004045,130000,2,2,2,28,1,2,1,1,0,0,68765,59689,86554,81009,67142,63634,23135,1248,7776,1982,45362,55280
req_004046,200000,2,1,1,27,-1,-1,-1,-1,0,-1,96918,54738,94470,96184,96393,91752,86484,31557,16994,91785,24437,64947
req_004047,90000,2,1,2,29,0,0,0,-1,-1,-1,40714,43686,41744,46692,50571,45546,33488,10069,26628,40267,35366,39630
req_004048,180000,2,1,1,26,0,0,0,2,2,-2,67598,53270,55821,55235,42219,0,45731,41884,40476,3215,6056,0
req_004049,150000,2,4,2,26,1,3,2,1,1,-2,60167,59163,58650,49078,58840,0,4999,2342,2870,16288,7386,0
req_004050,130000,2,3,2,26,1,-2,0,0,1,0,32598,0,31717,44682,33570,29744,569,0,10835,34119,905,22680
req_004051,300000,1,1,2,25,0,0,0,0,0,-2,45809,51153,50228,52113,39450,0,37752,49988,41603,44064,18797,0
req_004052,50000,2,2,2,23,-1,-2,0,0,-1,-1,26669,0,26547,23174,24545,27554,13563,0,13801,10241,7358,16868
req_004053,80000,2,1,1,27,0,0,0,0,-1,-1,26802,28798,33978,21231,30864,24104,1730,26565,26462,12646,19123,9904
req_004054,100000,2,2,2,27,0,0,0,0,0,0,24696,24474,25045,22188,25981,14921,13650,7253,7319,5254,14024,8760
req_004055,160000,2,1,1,25,1,0,1,0,0,-1,66624,61917,76405,49054,77233,64579,3234,32730,800,32524,63651,56323
req_004056,210000,2,2,1,28,-1,-1,-1,-1,1,0,52189,45085,39832,42108,45115,42499,41646,14259,13488,27253,2886,11732
req_004057,60000,2,2,1,26,0,-1,0,0,1,2,35710,29181,31451,26714,26419,30898,31289,23090,21795,18053,1727,3631
req_004058,310000,2,2,1,29,0,0,-2,-2,1,0,71597,89096,0,0,95729,105529,9352,55397,0,0,40719,51485
req_004059,110000,2,2,3,23,2,1,2,0,0,-1,59422,53010,59853,57753,44636,53450,3813,2893,1907,53005,18584,47862
req_004060,170000,2,2,2,28,2,2,2,0,0,0,96574,121706,129344,129484,122186,103653,35708,3714,4879,53148,101565,101732
req_004061,120000,1,2,1,26,0,-2,0,0,0,0,73310,0,69935,70876,73911,55275,30457,0,24359,26855,23983,44545
req_004062,50000,2,2,2,25,0,0,-2,1,0,-2,33737,24271,0,27414,26268,0,22457,17278,0,2985,22217,0
req_004063,40000,2,2,1,29,0,-1,-1,-1,-1,-1,29675,29985,23919,27085,21591,23260,3999,27095,17141,25445,5969,7643
req_004064,50000,2,2,1,26,0,2,2,2,0,0,17780,12471,14404,13627,15094,15802,12159,75,186,1136,14612,12989
req_004065,50000,2,2,2,27,0,0,-1,0,0,-1,16557,21296,17797,16492,19622,17905,3693,16038,16422,11169,4534,4247
req_004066,60000,2,1,2,28,-1,0,0,-1,0,0,23214,21927,22834,23966,18932,15536,13783,21786,17897,14038,18210,5158
req_004067,100000,2,1,1,27,0,0,-1,-2,-1,-1,60607,55619,68338,0,45160,44791,22747,50935,29899,0,26990,39963
req_004068,70000,1,2,2,29,0,0,0,-2,-2,-2,18589,16511,15613,0,0,0,8195,7377,4197,0,0,0
req_004069,100000,2,1,2,25,2,-2,0,0,1,3,69263,0,70344,79000,69176,85196,7518,0,64986,42030,278,10580
req_004070,120000,2,2,2,24,0,0,-1,0,0,0,56820,42298,53535,28632,56989,37415,32657,10439,43779,17228,34211,25622
req_004071,130000,2,1,1,22,1,0,0,0,0,0,21051,24466,27802,21014,28067,21251,869,16354,15651,6770,25383,6762
req_004072,250000,2,2,2,28,-1,0,-1,0,-1,-1,111411,135407,164939,170348,149279,123594,62652,109854,113621,123376,106944,88074
req_004073,290000,2,1,2,29,0,0,0,0,-1,-2,121485,128450,152038,124484,143319,0,91293,76297,109754,70537,39696,0
req_004074,50000,1,2,1,29,1,0,0,0,0,0,20886,17853,19989,20542,15696,20167,2573,15353,17013,5559,10646,9168
req_004075,90000,2,3,1,29,-2,0,-2,0,2,3,0,17089,0,18568,11731,12189,0,5150,0,14495,1330,1002
req_004076,120000,2,1,2,28,0,0,1,-2,0,0,56603,66481,58236,0,45865,53315,34945,57244,11350,0,15152,37140
req_004077,110000,2,2,2,24,0,-2,1,-2,1,0,54468,0,52661,0,60285,60062,46777,0,2946,0,2286,19585
req_004078,60000,1,2,1,26,0,0,0,0,0,1,22468,27874,18782,21328,20306,20196,20850,20528,10612,16871,16628,8170
req_004079,80000,1,3,2,28,0,1,1,1,1,1,6911,5436,6628,4954,6690,6689,3528,7,321,244,1717,953
req_004080,200000,2,1,1,28,1,2,1,-2,0,0,100891,133407,114465,0,111423,135794,14978,35364,21780,0,74899,75098
req_004081,100000,1,2,2,24,0,0,0,1,1,0,41792,27341,31689,34696,38405,33503,27682,16944,20490,1444,2041,15575
req_004082,80000,2,3,1,28,0,0,-1,0,-2,-2,4760,4488,4377,3796,0,0,1547,3998,1227,2675,0,0
req_004083,80000,1,2,2,27,0,-1,-1,-1,-1,-1,28637,38642,25262,30522,24507,28903,18273,23250,23219,2225,11175,23843
req_004084,190000,1,3,2,28,0,0,-1,-2,-1,-1,16545,16296,17127,0,10772,11556,13351,12529,2492,0,3285,6956
req_004085,100000,1,2,2,25,-1,0,0,0,0,0,38324,34542,28672,29488,28236,28489,24424,18662,24032,10279,18839,20438
req_004086,220000,1,2,2,22,1,0,1,0,0,0,56162,55946,61947,60558,54345,51199,4710,44741,9187,34835,44206,36821
req_004087,280000,1,2,1,24,-1,0,-1,-2,0,-1,196577,200002,173407,0,182818,152306,175066,138150,117570,0,118329,144202
req_004088,130000,2,1,1,29,-1,-1,-1,-1,-1,-1,16673,15899,15646,14302,12946,14346,8111,7130,5582,12181,10002,7030
req_004089,60000,2,3,1,26,1,1,1,1,0,-2,9994,11657,12807,12829,10439,0,180,576,2586,195,6706,0
req_004090,70000,1,3,2,27,0,0,0,0,1,0,5028,5172,4702,3958,4182,3452,4544,3586,4281,2426,0,2715
req_004091,60000,1,1,1,27,0,-2,1,0,0,1,30960,0,34897,24588,24378,31768,19858,0,545,10200,12116,296
req_004092,430000,2,2,2,28,-2,0,-1,0,-1,-1,0,127870,105539,109503,90160,86578,0,78114,102778,84901,73307,35233
req_004093,110000,1,2,1,22,1,1,-2,1,1,0,91700,100236,0,76942,70306,83380,1011,8564,0,1581,3217,37996
req_004094,50000,1,3,2,26,0,0,0,1,1,2,18305,17016,16937,19129,17094,19274,5600,10185,9362,1930,650,89
req_004095,340000,2,2,2,29,0,0,0,0,0,1,138894,148453,143217,142810,150375,103319,114738,103079,19621,50333,120112,14949
req_004096,40000,1,2,1,26,0,0,0,0,-2,-2,13007,9318,12224,9074,0,0,5142,5046,4183,6627,0,0
req_004097,60000,2,2,1,24,0,0,1,0,0,0,8860,9112,6653,5749,6446,7669,7521,3492,1789,2431,3996,5904
req_004098,50000,2,2,1,28,0,1,0,0,1,0,25752,26487,30859,25008,18215,26779,22507,3723,25481,19069,1159,13452
req_004099,40000,2,1,2,27,1,1,0,0,0,0,29787,30863,24251,27735,26079,20626,3547,2610,13630,13313,20144,11703
req_004100,60000,2,3,1,29,1,2,-2,0,1,0,22072,32534,0,29432,35532,38388,3508,1191,0,19430,827,38058
req_004101,50000,1,2,2,28,0,0,2,1,1,2,6300,8096,7985,7309,7378,6302,5373,5086,286,968,957,749
req_004102,130000,2,2,2,29,0,-2,0,0,0,0,15064,0,13466,12650,12480,10890,4149,0,8069,9231,11852,9583
req_004103,320000,2,1,1,27,0,0,0,1,1,0,250645,271215,225998,233032,255126,265088,205616,197467,85663,13297,46479,140699
req_004104,120000,2,2,1,23,0,0,1,0,0,2,47988,39838,62058,36317,40928,37121,41439,28605,2098,21082,29821,5888
req_004105,140000,1,2,1,26,0,-1,0,1,2,1,2944,3932,4414,3367,4504,4047,1697,3053,2840,101,730,671
req_004106,90000,1,2,1,27,0,0,0,0,0,0,24498,26876,29101,27633,23908,25855,19404,24293,12922,24003,20444,20793
req_004107,40000,2,1,1,21,0,-1,0,0,0,-1,18413,19401,17194,15482,17267,12760,16419,17517,9217,1181,16986,5735
req_004108,120000,1,3,2,27,0,-1,-1,0,0,0,91963,88424,86411,102593,95851,92347,55373,70273,82131,24778,47872,83494
req_004109,120000,2,2,1,23,0,0,0,0,0,-1,51937,65066,65819,49234,62009,56090,30183,49622,49339,36573,47123,35024
req_004110,130000,1,2,2,24,-2,0,-2,-1,-1,-2,0,95197,0,95725,93670,0,0,76691,0,67196,60756,0
req_004111,90000,2,2,2,27,-2,0,0,1,1,0,0,37651,47683,53495,40935,44962,0,26283,17782,8207,6950,14575
req_004112,80000,2,3,2,27,0,0,0,0,0,-1,27221,24518,23496,24471,19326,22763,19184,15669,8082,20455,14247,16905
req_004113,280000,2,3,2,29,0,0,-1,0,0,0,95912,104090,89468,101783,85066,74305,55332,90106,40088,7618,42836,63271
req_004114,120000,2,3,1,26,0,0,0,0,-1,-1,45221,58154,45187,36063,49961,37702,19227,38734,36680,12071,35229,32668
req_004115,160000,2,2,2,24,-1,-1,-1,-1,-1,-1,59545,42551,47971,36766,45888,45842,49940,35079,24321,21128,22508,33191
req_004116,60000,2,4,2,26,-2,0,0,1,0,0,0,4693,5821,6754,5629,4967,0,3002,5736,875,1844,2846
req_004117,330000,2,1,1,25,0,0,0,-1,-1,-1,95909,86881,68133,94530,102889,74125,39509,58905,24345,14569,26547,58048
req_004118,250000,2,3,2,25,-1,0,0,-1,0,0,10666,9237,8295,8168,9053,7059,10366,5305,6568,5897,7340,4927
req_004119,250000,2,3,2,26,0,-1,0,-2,0,0,120049,128979,108740,0,94007,104141,99215,64614,86364,0,70537,91959
req_004120,190000,2,2,2,29,2,-2,1,1,1,0,56349,0,72917,76723,76589,51933,1843,0,5156,19168,18648,46478
req_004121,70000,2,1,1,25,-2,0,0,0,0,0,0,11558,12984,14623,11901,9175,0,6786,12362,10190,4602,6154
req_004122,110000,1,2,1,29,1,0,0,-2,-2,1,19192,23770,21103,0,0,21010,2716,21592,10340,0,0,871
req_004123,80000,1,2,1,29,0,0,0,0,0,-1,6795,6619,7367,8952,8366,7307,4785,295,3944,5809,3129,4714
req_004124,70000,1,3,1,24,0,1,0,0,0,0,6628,7535,5861,5553,4099,3905,2510,2193,3694,353,2123,3280
req_004125,20000,1,2,2,28,-2,0,1,2,-2,3,0,9431,8063,8075,0,11591,0,5318,89,436,0,2398
req_004126,50000,2,2,2,22,2,1,1,2,3,3,9095,9274,10160,9706,10418,8739,761,2226,919,793,1738,283
req_004127,190000,2,1,2,24,-1,-1,-2,-1,-1,-1,96407,73743,0,49327,78465,77673,39325,58945,0,42058,63680,26167
req_004128,70000,2,1,2,26,0,0,0,1,0,0,32064,46764,39745,42463,41174,48555,25282,43805,18704,2979,35134,19155
req_004129,100000,1,1,2,28,0,0,0,-1,-1,0,23998,28976,24056,27019,26895,21624,21399,25408,5006,17432,22946,16680
req_004130,170000,2,1,1,29,0,0,-2,-1,-1,0,35836,48841,0,43683,30950,36335,21823,7224,0,29379,5111,34106
req_004131,100000,2,3,2,27,-1,-1,0,-1,-1,-1,8938,5702,5986,9402,8318,7379,5277,1986,5006,7513,942,2249
req_004132,140000,1,1,2,24,0,-2,0,1,0,-2,63125,0,63550,51241,58515,0,34957,0,54985,7796,36622,0
req_004133,40000,2,2,1,27,0,0,0,0,0,0,27935,33081,28997,29620,32891,32383,14181,31990,12782,15422,27974,16099
req_004134,240000,1,2,2,23,-1,-2,0,0,0,-2,73420,0,82033,58024,97258,0,54336,0,65569,46564,55734,0
req_004135,100000,2,2,1,24,2,1,0,0,0,-2,37891,41002,38267,34816,34327,0,6261,226,25927,21272,25787,0
req_004136,370000,2,3,1,28,0,0,1,0,0,-1,19443,26756,25095,24825,20462,24641,11375,25320,1866,21165,4565,11411
req_004137,150000,1,2,1,23,0,0,0,0,0,0,66787,83346,88192,77346,86587,83703,38990,34027,42878,71961,65620,35652
req_004138,140000,2,1,2,28,1,0,0,-1,-1,0,67704,61411,43218,47116,41368,56952,285,34732,22167,45122,40209,26759
req_004139,100000,1,3,1,24,0,-1,0,0,0,-2,23328,26519,28197,19130,24961,0,17749,21205,14390,8678,8432,0
req_004140,70000,2,4,1,25,-1,-1,0,0,-2,0,15350,11748,10007,13231,0,12290,5149,6856,7789,5026,0,5997
req_004141,50000,2,3,2,26,0,0,0,1,0,0,6205,5835,4643,5948,3984,3747,2430,5367,3862,796,1821,1825
req_004142,90000,1,1,1,26,1,1,0,-1,-1,-1,39787,58298,45541,56279,46627,48353,4328,5529,39160,38634,34155,27240
req_004143,80000,2,1,2,26,-2,1,0,-2,0,-1,0,30536,38418,0,24559,27531,0,5283,23705,0,10081,12101
req_004144,50000,2,1,1,27,0,2,1,7,1,1,1334,1077,1259,1231,1018,1340,467,68,133,53,142,75
req_004145,400000,2,2,1,28,0,0,0,0,0,-1,198791,216024,125687,198833,208413,175667,142439,200527,119939,156938,35063,69326
req_004146,130000,2,1,1,28,0,0,1,0,0,-1,57573,58630,50426,41319,42230,43744,28358,55701,7208,38202,25803,13921
req_004147,30000,2,1,2,28,0,0,0,0,0,-2,5077,4281,3123,3679,2718,0,3184,3688,2231,1280,1553,0
req_004148,100000,2,1,1,25,1,0,0,0,0,-1,36912,33408,41163,25126,38175,27269,355,25181,35021,22407,28600,23411
req_004149,90000,2,3,1,25,-1,-1,-1,-1,-1,0,3396,3481,3769,4998,4936,3275,2707,3001,2145,3921,1154,384
req_004150,120000,2,3,1,29,0,0,1,2,2,2,68589,59451,45030,67332,54852,57568,28178,36449,20049,838,3217,4164
req_004151,100000,2,1,2,27,1,0,1,0,0,0,60579,51747,40419,55256,38582,46385,10916,16579,3830,51397,32387,5392
req_004152,70000,2,1,1,28,1,1,0,-2,0,-2,25576,23956,34615,0,31087,0,1480,339,24013,0,19955,0
req_004153,130000,2,2,2,24,1,2,0,0,0,0,38461,38018,35058,42695,38060,40968,901,1612,21308,24850,32446,29188
req_004154,40000,2,2,2,28,0,0,0,-1,0,0,15242,12238,14159,13088,13148,12749,9840,7753,3843,4868,4587,4204
req_004155,40000,1,2,2,27,0,-2,-1,0,0,-2,7395,0,4589,7458,7484,0,2571,0,3230,3701,2594,0
req_004156,140000,1,2,2,29,-1,-1,-1,0,0,0,34629,60031,59695,59228,41903,37834,18814,25129,58277,28910,14003,16129
req_004157,80000,2,1,2,27,-2,-1,0,-1,0,0,0,6722,9464,7971,7038,6916,0,4442,7288,5818,1312,4028
req_004158,40000,1,2,2,27,2,0,0,-1,-1,0,14523,19330,13156,13206,14980,15321,4045,6130,990,10387,11155,6374
req_004159,90000,1,2,1,28,0,0,-1,-2,-2,0,27359,33946,32989,0,0,26998,8861,12903,17116,0,0,22525
req_004160,100000,1,1,1,27,0,0,-2,0,2,3,38342,32088,0,37748,34495,36508,3046,21139,0,35978,2469,7407
req_004161,90000,1,1,1,29,0,1,2,1,1,1,15651,13330,20614,15126,15502,15930,1053,1912,137,2883,1987,1084
req_004162,90000,2,1,2,27,-1,0,0,0,-1,-1,42759,44256,32902,35927,44419,45634,9180,18881,24860,23346,27059,40731
req_004163,60000,2,2,1,27,1,0,0,0,-1,-1,8827,6647,8883,8041,7478,6464,1328,4707,4160,3877,5863,3723
req_004164,50000,2,2,2,24,-1,-1,0,-2,0,0,14332,15538,12593,0,16581,10568,12252,4797,10217,0,11214,6956
req_004165,130000,2,2,1,29,0,0,0,-1,0,-1,37336,48007,63492,52750,45728,53119,35651,39784,46390,35836,21454,46022
req_004166,70000,2,1,1,28,0,0,-1,0,0,0,2841,3305,4222,3256,3120,3099,2040,2114,1790,633,580,595
req_004167,70000,2,1,1,28,1,0,0,0,0,0,17531,19211,23362,24081,23340,16880,431,8318,15426,9006,11161,13657
req_004168,200000,2,2,2,27,0,0,0,0,0,0,127000,109137,101341,107540,94403,104352,21258,56540,52449,34839,66705,68480
req_004169,100000,2,1,1,25,0,0,0,0,-1,0,16085,15552,25551,23458,20884,21919,10923,6116,7245,16925,17921,20681
req_004170,140000,1,2,2,28,0,-1,-1,-1,-1,-1,86707,99062,91690,75145,106847,70118,30698,54495,14992,43875,82308,64295
req_004171,90000,1,1,1,27,0,-2,0,0,0,0,35892,0,33156,29508,30575,25721,27711,0,9998,6501,7955,21122
req_004172,120000,2,1,2,29,-1,-1,-1,0,-2,0,6008,5758,6173,4691,0,5652,1928,4221,712,3989,0,2894
req_004173,100000,2,3,1,26,-2,0,0,-2,1,0,0,23964,27727,0,17861,24181,0,19129,13074,0,387,7657
req_004174,90000,1,3,1,26,7,2,1,1,1,1,34033,36775,38438,34951,26536,31657,729,3651,3291,6113,668,1248
req_004175,60000,2,3,2,24,0,-2,0,0,1,0,16897,0,15695,14740,15340,14178,3368,0,13780,10444,1883,4718
req_004176,30000,2,1,2,29,0,0,0,-1,0,0,10448,11391,11811,9324,10600,13229,4435,10068,10454,5555,5315,829
req_004177,60000,2,2,1,24,0,1,0,2,3,3,19934,22502,17061,20344,22871,21410,4380,2520,16192,1490,3694,407
req_004178,170000,1,2,2,29,0,0,1,2,1,-1,48035,39726,46888,32083,44185,45001,42359,23810,99,1726,3443,32953
req_004179,60000,1,1,1,27,2,-2,0,-2,0,0,17922,0,24396,0,23144,20242,1507,0,5858,0,11628,16991
req_004180,210000,2,2,2,29,0,0,0,1,0,0,107774,100391,126841,95654,105502,88653,31996,73226,33573,23735,38979,62151
req_004181,100000,1,1,2,28,0,1,0,-2,1,0,2736,2540,2314,0,2685,2351,2132,222,1823,0,24,1377
req_004182,160000,2,1,3,23,0,-1,-1,0,-1,0,21198,17732,17284,17931,16744,22420,14030,15188,12562,4791,8046,21277
req_004183,80000,2,1,2,28,1,1,0,-1,-1,-1,25872,17580,32520,24022,32763,27247,3731,9,21807,3000,10104,7689
req_004184,90000,2,2,1,21,0,0,1,3,1,1,35699,35669,38766,30110,30763,17802,23621,19194,1818,7249,2791,8
req_004185,190000,1,1,2,25,-1,-1,-1,-1,0,0,80070,77696,67158,76772,72889,63239,32531,74096,35894,68875,33278,54877
req_004186,60000,1,1,1,28,1,1,1,0,-2,2,18749,21265,16162,15815,0,14812,3524,5,2162,9466,0,2353
req_004187,110000,2,3,2,23,0,1,3,1,-2,0,56733,42689,36784,31545,0,26693,19703,7814,734,2241,0,17477
req_004188,100000,2,2,2,25,1,1,0,1,1,0,59999,60123,42163,39642,50131,49636,1289,24189,37745,9616,1058,35641
req_004189,100000,2,1,2,23,0,-2,-1,-1,-1,1,10531,0,7988,10118,8507,9443,10137,0,1577,7218,2519,1922
req_004190,420000,2,3,2,26,0,0,0,0,0,0,36893,34295,35168,35844,33219,33743,29616,13125,22060,33915,28669,16183
req_004191,170000,1,2,2,25,0,0,0,0,-1,0,122864,91119,156215,124896,116773,104290,37094,65075,97265,47394,52473,56785
req_004192,40000,2,2,2,24,-1,-1,0,0,0,0,7355,5974,4881,5869,6510,4130,5573,796,3084,1809,3834,1491
req_004193,20000,2,3,2,26,1,1,0,3,3,1,5537,7430,5245,6202,5595,4882,128,323,3131,236,801,12
req_004194,200000,2,3,2,27,0,0,0,-1,0,0,24141,23182,30583,30696,18154,25336,6432,17016,26939,13363,14881,17943
req_004195,270000,1,4,2,28,-1,-1,0,0,-1,0,115128,99366,114302,122261,129439,106362,44866,84489,77166,54695,118961,81631
req_004196,120000,2,1,1,25,0,0,0,0,0,-1,36788,30511,37729,30852,21107,31644,26485,21085,18473,10049,16848,28843
req_004197,200000,2,1,2,25,-1,-1,0,0,1,-1,91853,113852,111171,87450,86799,95049,69700,19053,93689,76194,15900,80284
req_004198,20000,2,2,2,29,0,0,0,0,0,2,4909,4395,5914,5384,6048,5280,509,3780,4569,1973,5148,417
req_004199,30000,1,2,1,28,-1,-1,-1,-1,-1,-1,1986,2744,2051,2947,2376,2535,922,2001,813,2643,1623,2133
req_004200,100000,2,2,1,28,2,2,-2,0,0,-1,52514,61991,0,47952,57442,49421,1930,894,0,13078,30657,44085
req_004201,20000,1,1,2,24,1,1,1,1,2,3,13320,16196,13882,10363,14097,10407,1093,526,3424,2062,539,183
req_004202,90000,1,1,2,29,0,0,0,0,0,0,47319,62511,41964,57015,52381,46361,35172,42154,17193,29816,29046,39930
req_004203,40000,1,1,1,26,-1,-1,0,0,0,0,28528,22191,25434,34882,25668,27911,18002,13002,23928,25291,8631,6132
req_004204,80000,2,2,2,27,0,-1,-1,-2,-1,-1,33128,46213,42543,0,42895,48043,23633,36180,19268,0,15919,22742
req_004205,80000,2,1,2,29,0,1,-1,0,-2,0,15250,15571,13594,11365,0,13971,14430,5653,8470,6655,0,8844
req_004206,30000,2,2,2,22,-2,-2,0,0,0,-1,0,0,4134,4225,4845,3145,0,0,3453,1126,4411,1589
req_004207,200000,2,2,2,29,0,0,0,-1,-2,0,152531,155312,167289,129367,0,157939,95193,99101,87765,72767,0,98241
req_004208,100000,2,2,1,26,0,0,0,0,1,0,49696,57673,68220,58018,71530,58495,35841,22749,15332,54249,1412,35064
req_004209,70000,2,1,2,29,-2,-1,-1,-1,-1,0,0,15568,18565,14118,14861,14067,0,4374,13229,12482,11500,10069
req_004210,50000,2,2,2,24,0,-2,-2,0,0,0,17157,0,0,16280,16266,15050,1721,0,0,5137,9339,4575
req_004211,170000,1,1,2,28,-1,-1,-1,0,0,-2,25923,20715,24267,24173,23258,0,9604,12463,10691,22608,12736,0
req_004212,120000,2,2,2,29,1,-2,1,1,0,-1,40973,0,45881,44134,37762,46553,5006,0,6053,5557,25163,26535
req_004213,120000,1,2,1,26,-1,-1,-1,0,0,0,35356,46199,46259,45996,56171,43013,25600,20530,36462,27779,46838,10059
req_004214,190000,2,2,2,28,0,0,0,-2,0,0,43361,38355,42086,0,40400,45690,31514,17779,29123,0,35697,16767
req_004215,110000,2,2,1,28,0,0,1,1,1,1,16101,15553,17607,13248,12570,12809,9376,12429,5055,2770,57,1528
req_004216,110000,2,1,2,28,0,1,1,1,-2,0,60261,66820,54532,55904,0,53208,22746,13380,14130,7003,0,22748
req_004217,60000,1,2,2,27,-2,1,1,8,2,1,0,17424,13170,14291,16963,15084,0,3332,1017,1338,148,895
req_004218,50000,2,3,1,24,0,1,1,0,0,0,14346,17848,15023,21068,14223,16469,6830,455,544,20587,9749,10961
req_004219,160000,2,1,2,24,-1,-2,-1,-1,-1,0,78117,0,64692,93209,77655,82367,34696,0,56386,57376,57586,77779
req_004220,60000,1,3,2,27,-2,0,0,0,-1,-1,0,45413,42248,33310,49734,45330,0,14729,37156,18026,32207,31639
req_004221,140000,1,2,1,25,0,1,0,-2,0,1,59680,68966,74425,0,59508,81603,27809,7291,46455,0,35545,14635
req_004222,60000,2,2,1,25,1,1,1,2,1,0,30677,36002,32371,32129,32134,32904,2453,4673,12055,1897,6213,19574
req_004223,170000,2,3,2,26,0,0,-2,0,0,0,57031,46701,0,69054,63771,62969,41999,37164,0,48186,40112,36438
req_004224,60000,1,1,2,25,0,0,0,0,0,0,8767,7612,9346,7857,10722,7214,3836,4651,2551,4296,4212,3053
req_004225,60000,1,1,2,28,1,1,0,0,0,-2,27362,24526,27352,18938,27278,0,572,1154,12901,9148,21750,0
req_004226,90000,2,2,2,26,1,2,0,0,0,0,26082,40468,33494,28325,32894,29765,362,3085,27159,22242,19078,18704
req_004227,140000,2,3,2,24,0,-1,0,0,0,0,68926,121553,103310,107342,107197,96104,53989,83528,75655,92303,79324,81605
req_004228,60000,2,1,1,24,0,0,0,-1,-1,-1,7502,6593,6197,6366,6995,6163,4815,4348,3690,1895,4920,2358
req_004229,30000,1,2,1,29,0,-2,0,0,0,1,14366,0,11863,12400,13782,13012,3951,0,8416,6528,11934,2242
req_004230,60000,2,1,1,28,1,0,1,1,1,2,9768,9958,8362,7132,7957,7722,982,2751,109,128,910,500
req_004231,80000,1,3,2,24,-1,-1,-1,-1,-1,0,10647,10642,9135,12592,13867,10230,6501,6603,6756,12127,4216,2830
req_004232,90000,2,1,2,23,1,-2,2,2,2,1,46845,0,72620,59538,59566,61001,8151,0,289,9625,4101,6425
req_004233,40000,1,2,2,25,0,1,0,0,0,0,14374,12796,14259,13865,14075,13343,4466,1351,8278,11900,7436,10215
req_004234,90000,2,2,2,23,0,0,0,0,0,-1,25352,23242,25956,26059,23534,21778,24395,14853,18906,10682,13472,17394
req_004235,70000,2,1,1,22,-1,0,0,0,0,0,15629,14366,13486,13416,16078,14389,7675,11451,4331,4011,12802,9896
req_004236,40000,2,2,2,26,-2,2,1,-2,-2,1,0,20525,21040,0,0,27003,0,3799,672,0,0,1578
req_004237,100000,2,1,1,25,0,0,0,0,0,0,70031,60194,46678,68899,56831,49974,64040,19649,21834,62050,37848,35680
req_004238,160000,2,2,1,23,0,0,0,-2,0,-1,76693,74021,90171,0,72905,59131,32206,22724,50545,0,69485,33398
req_004239,80000,2,3,2,26,0,0,0,0,0,0,2911,3224,2795,3511,2630,3207,1332,2021,2189,1634,937,2387
req_004240,230000,2,1,1,24,0,0,0,1,0,-2,120265,121555,123430,122455,132221,0,87614,70450,56719,20537,104404,0
req_004241,110000,1,2,1,29,0,0,-2,0,-1,-1,31888,40532,0,38108,37484,46322,27941,15127,0,23888,19534,40439
req_004242,120000,2,1,2,27,0,0,1,2,0,-1,3668,2283,2516,2970,3225,2581,3047,1142,615,195,2502,1410
req_004243,140000,1,2,1,23,0,0,1,-2,0,-2,20655,19249,18388,0,21284,0,19927,3394,837,0,5689,0
req_004244,80000,2,4,2,29,-2,1,0,-2,0,2,0,30278,34824,0,30098,25872,0,1977,28529,0,22937,2351
req_004245,70000,2,2,1,29,-1,-1,-1,0,1,-2,22925,23081,19115,18145,22994,0,17584,18059,15911,13204,2270,0
req_004246,340000,1,1,1,24,0,0,0,0,0,-1,21456,21621,19045,21262,19413,21320,4069,20408,12849,10424,3915,20773
req_004247,90000,2,3,2,29,1,0,0,0,0,-2,56940,41816,44157,47231,42945,0,826,34085,585,39862,41549,0
req_004248,90000,2,2,2,23,0,0,0,0,0,0,4760,4652,3852,4025,3213,3640,3471,4481,1964,1892,1537,3274
req_004249,90000,2,3,2,25,1,0,0,0,-1,-1,13754,20223,12364,17470,15916,11990,3731,15572,6586,11640,9314,10167
req_004250,80000,2,2,1,25,-1,-1,-1,-1,-1,0,77311,62403,63534,46581,49083,51594,59600,2256,52655,29329,35103,41150
req_004251,70000,1,1,1,28,0,0,1,0,2,1,23979,33036,29783,27318,25662,20349,20328,11143,6686,22290,265,6557
req_004252,60000,1,3,1,28,0,0,2,1,1,1,43889,42775,35666,40132,31335,32891,13250,40315,5347,218,5697,3462
req_004253,330000,1,2,2,28,-1,-1,-1,-1,-1,-1,101459,130492,115374,85532,111323,94505,92627,113606,104156,55869,81275,57085
req_004254,150000,1,1,2,24,0,-1,0,0,0,-1,74107,81935,87453,94479,68425,72204,32650,37186,67218,85434,34725,34959
req_004255,40000,1,3,1,24,0,0,0,0,0,1,15197,19091,16124,19190,21193,16730,8552,9417,8954,15710,2768,7604
req_004256,90000,2,2,1,27,-2,3,8,2,2,1,0,13134,11908,11837,15575,11728,0,1545,3165,770,1181,235
req_004257,40000,2,2,2,28,0,-1,0,0,1,0,17298,21910,16522,17319,23619,19703,9927,19481,10218,11317,477,12994
req_004258,150000,1,2,2,29,-1,-1,-1,-1,0,-1,40412,50892,37722,35453,34197,49691,38692,5492,7067,19054,12620,27448
req_004259,180000,2,2,2,28,0,0,0,0,0,1,40287,40491,44252,36065,33277,36013,33236,21657,39907,34526,29444,6236
req_004260,120000,1,1,1,29,0,2,1,2,3,3,28649,20581,24698,29770,35915,17855,22345,4278,16281,3259,4306,450
req_004261,90000,1,3,2,29,0,0,1,0,1,0,7196,9718,9968,7983,6905,8748,2793,7220,1779,2161,493,2281
req_004262,60000,2,1,2,29,-2,0,-2,-1,-2,-2,0,15051,0,14317,0,0,0,11807,0,10241,0,0
req_004263,130000,2,2,2,29,0,-1,-1,-1,-1,-1,3377,2743,3614,3548,3848,2672,660,2089,1443,2040,2305,1562
req_004264,70000,2,1,2,29,0,0,-1,-2,-1,-1,51555,34628,29612,0,33366,29100,37647,8539,7607,0,22020,23566
req_004265,120000,1,1,2,27,1,3,1,1,1,0,34827,31872,32472,26256,32180,34525,2188,4054,1154,494,4766,30329
req_004266,50000,1,3,2,27,0,0,0,1,1,0,6514,6423,6276,7177,7644,5706,3305,4117,1774,799,1312,642
req_004267,50000,1,3,2,27,1,1,1,2,2,3,34267,28729,29784,36640,27660,28311,1951,824,630,513,3918,1576
req_004268,60000,2,3,2,29,-1,-1,0,0,1,0,32090,39090,28562,34031,31923,26865,20952,34215,20624,21779,1606,13893
req_004269,370000,2,1,2,27,-1,-1,-1,-1,-1,0,142601,90903,94603,95792,91202,111243,97099,36964,19141,44292,38643,65504
req_004270,210000,1,1,2,24,0,0,1,0,0,0,140198,138789,135747,183475,142516,155009,119102,97035,9424,49548,86452,91945
req_004271,60000,2,3,2,26,0,1,1,-2,-2,2,5630,4784,5036,0,0,4729,3715,127,2591,0,0,288
req_004272,230000,2,2,1,29,-1,-2,-1,-1,-1,-2,24632,0,30044,29619,30790,0,18277,0,28226,25913,20169,0
req_004273,120000,1,2,1,27,0,0,0,0,0,2,43420,48306,52225,37314,55014,53906,22039,30344,19958,13421,52790,7350
req_004274,210000,2,2,1,25,0,-1,0,0,0,-2,85693,69753,75386,58768,52249,0,43906,24895,34015,51861,22963,0
req_004275,50000,1,2,2,29,-1,0,0,-1,0,-1,37361,26717,42270,30568,27489,32290,22961,5812,22999,15097,5976,17153
req_004276,340000,2,2,1,29,-1,0,0,-1,-1,-1,174033,194056,202238,197601,168898,193975,100858,55180,164081,111267,9867,131872
req_004277,210000,1,2,1,26,2,1,0,0,-1,-1,81044,101252,69126,118716,102329,77597,4627,8792,28199,110323,88748,67686
req_004278,130000,2,2,1,26,-2,0,0,2,2,0,0,33582,34132,31330,38701,27562,0,26236,16505,4055,10467,25403
req_004279,160000,1,1,2,26,-2,-1,-1,-1,-1,-2,0,99113,87621,86930,106234,0,0,35872,26117,45099,76810,0
req_004280,140000,1,1,2,24,0,-2,0,1,1,2,11781,0,12903,11471,9699,11586,6979,0,10832,960,1387,162
req_004281,90000,1,3,1,27,-2,0,0,1,2,2,0,21261,22658,14687,19868,18615,0,8676,13843,79,1718,5492
req_004282,220000,2,2,1,24,2,2,1,1,0,-2,33545,23953,27422,23307,26992,0,5849,47,2963,692,4781,0
req_004283,20000,1,2,2,24,0,0,0,0,-2,0,15943,12166,12240,12512,0,8943,2192,5104,10008,4289,0,7035
req_004284,60000,1,1,2,29,1,1,-2,0,0,0,27257,31321,0,24912,25054,22712,3487,7106,0,22156,12067,3753
req_004285,300000,1,1,2,29,0,-1,-1,-1,-1,-1,138781,121367,121872,124083,109509,107427,67491,74988,38549,75651,93497,78609
req_004286,110000,2,3,2,25,-1,-2,-2,0,-2,0,11008,0,0,11131,0,8237,6106,0,0,9576,0,3491
req_004287,240000,1,1,2,26,0,0,0,1,1,0,115800,93291,67552,102206,79097,84206,55737,67248,47293,13165,3663,33609
req_004288,190000,2,3,2,26,0,1,1,0,0,2,19704,12736,17660,16928,19542,15742,12072,1022,156,5740,8029,3385
req_004289,140000,1,1,2,23,0,2,0,1,0,0,66837,62929,43723,55493,54055,52019,42933,5314,15359,2516,6423,35714
req_004290,460000,2,1,2,26,-1,0,-1,-1,-1,-1,182729,196426,178062,161012,174444,161611,96437,89355,18494,77631,95205,131781
req_004291,60000,2,2,2,28,-1,-1,-1,0,1,1,22945,27821,31558,23303,22519,25235,14350,10770,22871,16266,179,290
req_004292,110000,2,2,1,28,0,1,1,1,1,1,3965,3353,4768,4353,3698,3961,2297,36,157,436,815,103
req_004293,60000,2,3,2,23,0,0,0,0,0,0,41365,38892,43798,45793,41320,52290,31618,29275,30932,43941,22945,45430
req_004294,50000,1,2,1,27,0,1,0,-1,0,0,5801,7309,5924,5929,6846,7666,4437,466,1204,4850,4939,5350
req_004295,60000,2,1,1,26,0,-1,0,0,0,0,6708,7881,6374,6030,6537,5463,3902,5889,5553,4216,5000,4849
req_004296,110000,1,2,2,27,0,0,-1,-1,-1,0,9035,11582,11883,9889,11770,9853,5689,8487,5204,5471,2953,1539
req_004297,340000,2,2,2,28,1,2,1,0,0,-1,125845,105234,123469,94411,107940,106039,4481,17921,19568,41517,89011,90669
req_004298,60000,2,2,2,27,0,0,0,-1,-2,-2,29986,28034,27123,25936,0,0,19348,4109,25286,19351,0,0
req_004299,50000,2,1,2,25,0,0,0,-1,-1,-1,10636,7796,8484,7199,12056,7958,3136,6741,5758,4400,8677,2036
req_004300,50000,2,3,2,29,0,1,1,0,0,1,39536,33763,32109,29142,21689,29779,11991,2691,36,17887,19197,4833
req_004301,40000,2,2,1,28,0,-1,1,1,0,1,8197,7206,8185,6870,6532,6403,7558,5003,242,1499,3679,304
req_004302,70000,1,2,1,26,0,-1,-1,0,0,0,12502,18766,14712,13578,15190,16518,3721,9007,14089,12109,6354,13448
req_004303,450000,1,1,1,28,0,-2,0,-1,0,-1,96167,0,84171,94338,68317,96629,85660,0,24014,91291,27177,69528
req_004304,110000,2,2,1,24,0,-2,-2,-2,0,0,37035,0,0,0,37734,37568,20422,0,0,0,16320,22708
req_004305,120000,1,1,2,23,0,0,0,0,0,0,21446,14085,20107,14647,15422,18873,6870,11115,13308,12356,2870,16908
req_004306,210000,2,2,2,27,1,3,2,1,0,-1,205143,144371,179029,186107,209473,155334,17582,9620,1871,3592,162020,112490
req_004307,20000,1,2,1,26,-1,0,0,0,1,1,11758,13081,11352,12493,13876,10084,8004,4813,4759,8170,284,137
req_004308,160000,1,1,1,28,0,0,1,2,1,-2,66922,88593,79253,79030,84205,0,48038,81146,3202,5377,7885,0
req_004309,60000,2,2,2,24,2,0,0,1,0,0,50215,43908,34420,50428,39446,46855,721,20435,11071,1863,34611,42405
req_004310,50000,2,1,1,27,0,-2,-2,0,0,1,11540,0,0,13439,5726,8178,10725,0,0,12735,3072,680
req_004311,70000,1,1,2,29,0,1,0,1,0,0,5844,5320,7112,5693,6177,4655,2821,61,6121,1357,4034,944
req_004312,100000,1,1,2,26,-1,-2,0,-1,-2,-1,10911,0,12557,12097,0,9427,9744,0,2896,6856,0,7922
req_004313,60000,2,2,2,29,1,-2,1,2,0,-2,30202,0,38338,33649,33961,0,1374,0,1249,6665,26196,0
req_004314,240000,2,1,2,27,-2,0,-2,-2,-1,-1,0,160871,0,0,118601,145591,0,82284,0,0,78596,58000
req_004315,80000,1,2,1,24,-1,-1,0,0,0,-2,5304,5254,6944,4835,6102,0,3336,3283,1551,3756,3461,0
req_004316,90000,2,2,1,26,0,0,-1,-1,-1,-1,50723,34081,24206,31523,31213,38455,38973,15629,17406,19822,27692,30848
req_004317,150000,2,3,2,28,2,0,-1,0,0,0,36605,34665,26659,36376,36947,39998,3727,12708,23562,11010,18990,1852
req_004318,90000,2,1,2,26,-2,1,1,0,-2,0,0,28582,36960,37650,0,33981,0,8048,14,25934,0,18911
req_004319,110000,1,2,1,26,0,0,1,1,1,1,35894,35389,46588,29312,40410,37604,29829,31967,63,18,4865,4010
req_004320,90000,1,3,1,23,-2,-1,-1,-1,1,0,0,29861,35539,34555,27641,26743,0,15435,31443,26908,7004,26276
req_004321,30000,2,1,1,26,1,2,2,0,0,0,15842,18935,20390,19355,14498,15351,1275,971,645,6087,6919,7361
req_004322,320000,2,1,2,22,1,1,1,-2,0,1,50857,34600,48594,0,45602,53859,3155,5521,4217,0,39685,79
req_004323,70000,2,1,2,27,2,6,3,2,-2,0,82942,62210,85331,42479,0,55268,35647,635,3117,672,0,16141
req_004324,530000,1,2,1,28,0,0,0,0,1,1,268410,218146,214645,203633,182472,244173,157988,180164,139262,47879,6466,46224
req_004325,40000,2,2,1,26,0,0,1,1,0,1,13600,11434,11415,11017,11484,12474,5994,7237,489,595,9750,1886
req_004326,110000,2,1,2,22,0,0,0,0,0,-1,17145,18134,18380,13404,13606,17935,16253,8578,17682,12206,10819,11089
req_004327,120000,2,1,2,26,-1,-1,-1,-1,-1,-1,34422,21683,29321,27284,25408,25382,26385,13743,22356,8736,13427,24575
req_004328,130000,2,1,2,28,0,0,-1,0,0,0,32136,22278,28612,28548,26050,18429,22460,8500,24857,23913,20141,8087
req_004329,110000,2,1,2,25,-1,0,1,2,1,0,18786,16036,15451,15686,14499,20071,16209,7730,778,1280,1052,1912
req_004330,60000,2,3,1,25,-2,0,0,0,0,0,0,15173,14885,14925,14082,13829,0,7481,7954,8220,6286,12092
req_004331,100000,1,2,2,29,-1,-1,0,-2,0,-1,9177,12874,12902,0,11809,10774,5932,9207,10551,0,2175,4423
req_004332,70000,1,2,2,29,0,0,2,1,0,1,20388,17346,15260,16217,14061,12826,2043,12492,357,1432,9840,1180
req_004333,90000,1,2,2,28,0,0,0,-1,0,2,63164,53506,73137,24326,52902,53668,34726,14821,28403,21906,44872,15928
req_004334,50000,2,2,1,25,0,1,1,0,0,-2,42144,44793,44110,40515,26860,0,31038,3951,4063,20363,10931,0
req_004335,110000,2,1,1,29,2,1,0,-1,0,0,29217,28986,40504,31901,26948,33721,1302,7671,16247,23582,12825,7558
req_004336,50000,1,2,1,28,1,1,-2,0,0,0,18443,18362,0,15190,16957,16931,2514,30,0,13420,12153,11651
req_004337,230000,2,2,2,25,1,0,1,0,-2,0,68678,42170,59679,64512,0,42398,14180,11962,3456,48536,0,23603
req_004338,170000,2,1,2,26,2,3,7,3,2,2,81933,55279,74160,67611,79021,60795,7709,202,2063,23754,5005,249
req_004339,110000,2,3,2,28,0,-2,0,0,0,0,50434,0,58764,53781,46403,41438,43993,0,44407,14339,27650,37064
req_004340,110000,1,3,1,24,0,-1,0,0,0,1,73515,63580,62540,66802,49453,61201,65139,29071,44825,42645,41382,5399
req_004341,200000,1,2,1,25,-2,-1,-1,-1,0,0,0,63342,64216,65534,52434,57734,0,55971,40735,29032,23041,23157
req_004342,330000,2,1,2,23,-2,0,-1,0,0,0,0,133022,136347,135075,139739,97158,0,102270,74196,120843,53329,65285
req_004343,80000,1,2,1,28,0,0,0,0,-1,-1,24995,28443,43638,33441,24616,33138,9032,17088,31629,15914,12588,6200
req_004344,40000,2,3,2,26,1,1,-2,2,1,1,8181,8447,0,6665,7557,9993,1836,1895,0,1301,517,4938
req_004345,60000,2,1,1,28,0,0,0,1,2,3,33933,30693,31558,29746,31827,26594,19886,26103,16596,5036,1924,5177
req_004346,350000,2,1,2,28,-1,-1,-1,-1,-1,-1,188329,200976,155506,132237,148193,175336,139022,113145,64973,77851,80357,172068
req_004347,90000,2,3,1,23,1,1,1,2,1,2,50661,63835,74301,45611,50601,46324,3938,6576,7031,2959,4334,5045
req_004348,80000,1,2,1,25,0,0,0,1,1,0,12677,14391,9789,14932,14039,10762,5201,12032,3790,737,1749,10159
req_004349,70000,1,2,2,29,0,0,0,0,0,-2,45437,36222,39406,48291,32485,0,29738,28020,32129,33271,13741,0
req_004350,110000,2,1,2,28,0,0,0,0,0,0,11542,8796,10805,10068,12003,11264,9759,6396,6006,7882,4152,6906
req_004351,80000,2,3,2,23,0,0,-1,0,0,0,8037,8561,8371,7979,7777,9634,6351,6432,6364,7173,5163,2783
req_004352,200000,2,2,2,27,0,0,0,0,0,0,167346,121059,148067,169266,90762,144910,80187,115601,106862,163809,40060,4004
req_004353,360000,2,1,2,28,0,0,0,1,0,0,148938,189789,158186,126098,148885,125599,33178,153112,109064,12428,93047,85158
req_004354,160000,1,2,2,28,1,1,1,0,0,-2,53737,56340,56201,56752,39739,0,2320,2938,5393,14629,24221,0
req_004355,130000,2,2,1,23,-1,-1,-1,0,0,-1,34997,29005,30236,25925,27007,31488,18477,28867,21867,19737,25452,26571
req_004356,60000,1,2,2,25,0,1,1,-2,0,-2,28485,22875,23422,0,24458,0,9367,6213,392,0,14594,0
req_004357,130000,2,1,2,25,-1,-1,-1,-1,-1,-1,46722,53553,46438,49983,49169,37350,13240,30934,42636,40412,26064,30743
req_004358,100000,2,2,1,24,0,-2,0,0,1,0,11071,0,13648,16140,11831,12484,7736,0,4505,7306,68,11639
req_004359,100000,1,3,1,28,0,0,-1,-1,0,0,39056,41903,26373,38162,35247,37291,19947,33942,24944,28024,18838,27735
req_004360,60000,2,2,2,22,0,0,0,0,-1,-1,9942,8903,10588,9983,11306,10446,6363,5520,4799,5189,6249,3952
req_004361,100000,1,2,1,29,-1,-1,-1,0,-2,-1,32926,28667,29842,25751,0,25172,27460,15363,8341,20380,0,10262
req_004362,40000,2,1,2,29,0,-1,-1,0,0,0,10784,15628,11577,12364,13825,12641,8774,13480,8543,10443,9271,6601
req_004363,800000,2,3,1,27,0,-1,-1,-1,-1,-1,119132,100124,96054,114744,103994,122115,20948,78365,70371,101656,36176,74421
req_004364,20000,2,2,1,29,0,0,0,0,1,3,3588,3660,4419,4111,2652,3776,639,3218,3402,3752,65,237
req_004365,110000,2,2,2,26,0,0,-2,0,0,0,4105,3880,0,3499,3281,4415,3154,2247,0,3123,2271,3241
req_004366,810000,2,2,1,26,-2,0,-1,-1,-1,-1,0,239419,239216,237582,284507,151363,0,194989,229249,194469,276610,80495
req_004367,290000,1,2,2,25,0,1,0,0,0,-2,99764,99266,91119,62134,72791,0,53538,12239,86770,10943,52863,0
req_004368,170000,1,2,1,28,0,0,1,1,1,0,59695,33807,47916,46958,40016,45393,51625,27898,2049,4151,4149,23139
req_004369,220000,1,1,2,28,0,0,0,1,0,0,65262,70524,50026,52708,54467,48876,6405,48706,24019,1247,51858,16443
req_004370,60000,2,1,1,25,0,0,-2,-1,0,2,4761,4697,0,4741,5423,5010,4026,2602,0,3953,3138,487
req_004371,60000,2,2,1,26,0,0,0,1,0,0,3034,3178,3034,3343,2383,3220,1676,2420,1815,497,1235,2433
req_004372,120000,2,2,2,29,-2,1,1,0,0,-1,0,32609,30087,30565,27447,22391,0,91,1507,19462,9317,6215
req_004373,70000,2,2,2,29,1,2,8,0,-2,0,35196,33102,26859,33466,0,27713,760,2422,413,19195,0,16829
req_004374,40000,1,1,2,23,1,1,1,0,0,0,13685,11564,12511,14200,13227,13381,923,103,2089,10533,4496,13302
req_004375,140000,1,2,2,25,1,0,0,-1,-1,0,96663,101027,105086,88576,101399,75181,2476,88829,25030,50517,60749,39035
req_004376,60000,2,2,2,27,1,0,0,0,0,0,12089,9254,14577,10793,10813,12534,249,1227,6652,6550,10211,3922
req_004377,210000,2,2,2,24,1,0,1,-2,1,0,90523,70293,102032,0,92156,94620,14791,66296,9966,0,5630,58716
req_004378,130000,2,1,2,24,0,0,0,0,1,0,53489,52709,62750,54806,64757,67296,44795,29152,37473,46978,5115,64319
req_004379,100000,2,3,2,29,0,0,-1,0,0,0,24595,32042,29895,31543,24964,24503,15917,18658,21618,9351,7293,14958
req_004380,40000,2,2,2,26,2,0,0,2,0,1,32516,37937,28718,33950,32382,32608,6991,15995,16607,834,27439,7239
req_004381,150000,2,2,2,27,0,0,0,0,0,0,46557,59640,66741,61097,31143,58727,28479,52734,7619,46257,23702,15503
req_004382,220000,2,1,1,24,0,0,0,0,0,1,156044,174735,169893,137240,135571,183323,141648,30121,71026,113572,33274,6758
req_004383,40000,2,1,2,29,0,0,0,0,0,0,3286,2808,3043,2659,2703,2828,2939,1597,2289,1797,2524,813
req_004384,30000,1,1,2,28,1,1,-2,1,2,1,11737,9370,0,8400,11419,9849,1615,85,0,1634,1062,572
req_004385,110000,2,2,1,28,-1,0,0,-2,-2,0,37070,44422,34036,0,0,25545,31766,17698,25828,0,0,19862
req_004386,40000,1,4,2,28,0,1,2,1,0,0,10275,8758,10182,7770,7896,7816,8084,1155,1841,284,7382,5407
req_004387,40000,1,2,1,22,0,-1,0,-2,1,1,15549,15485,13693,0,9520,9739,13958,8177,11401,0,735,939
req_004388,30000,1,1,2,24,1,-2,-1,-1,0,-2,8715,0,10913,10476,10469,0,962,0,8428,8510,9260,0
req_004389,120000,2,2,1,24,-1,-2,0,0,1,0,46680,0,43503,38931,30879,44814,31560,0,27075,20135,1748,40404
req_004390,50000,2,2,2,23,0,0,0,0,1,2,1830,1756,2076,1887,1873,2007,222,1008,1589,614,13,346
req_004391,40000,2,2,2,22,-1,-1,-1,0,0,0,1987,1860,1613,2089,1873,1689,824,1487,773,1478,533,1090
req_004392,90000,2,2,2,27,0,0,-2,-1,0,-1,14793,15830,0,13159,13488,13528,6704,8534,0,10325,9718,2414
req_004393,150000,2,2,2,29,-2,0,-1,-1,-1,-1,0,39388,37233,32343,29839,36488,0,11525,18515,18376,15238,30346
req_004394,450000,2,2,2,24,-2,-2,0,0,-1,-1,0,0,242929,216397,197178,182271,0,0,82956,104371,90729,145505
req_004395,60000,1,2,2,25,-1,0,0,0,0,1,15558,17667,9317,13703,12673,15624,801,4935,7029,10668,8161,345
req_004396,30000,2,2,2,28,1,2,2,0,0,0,9654,11291,13039,11889,12286,9786,679,1428,34,1742,10847,6429
req_004397,40000,2,3,2,29,-1,0,-1,-1,-2,0,11163,13122,16048,13025,0,12227,10780,10038,13470,6596,0,4690
req_004398,110000,1,2,1,28,0,-1,-1,-1,0,-1,8328,6180,7526,8931,6708,7572,2498,1974,6401,4884,3341,6352
req_004399,20000,1,2,1,26,1,1,1,1,0,1,13623,16728,13459,14132,11936,16188,2403,406,405,1100,9860,2479
req_004400,300000,2,2,2,29,0,1,0,-1,-1,-1,133710,140048,133911,147898,150830,152857,92147,18616,62796,143415,64066,86767
req_004401,90000,2,1,2,26,0,0,0,1,-2,1,57715,48312,64427,66938,0,41711,40072,19613,48897,9616,0,17559
req_004402,190000,2,2,2,29,0,0,0,0,0,0,91801,69186,79860,68847,74769,80780,33627,23929,42162,43269,49944,26542
req_004403,150000,2,2,1,26,1,0,0,0,0,0,35930,31837,20371,22247,26662,32495,4604,18940,5584,885,4619,18570
req_004404,90000,1,2,1,24,1,0,1,1,1,3,29917,25295,31192,27229,26971,23973,2621,5991,28,879,3369,5148
req_004405,70000,1,2,3,28,0,0,1,3,2,1,25257,29972,24740,19560,25485,18661,19281,22378,1357,2793,2912,1624
req_004406,280000,2,1,1,26,-1,-2,-2,-1,-1,-1,50959,0,0,47567,40212,35278,19744,0,0,40795,33315,17455
req_004407,580000,2,2,1,29,-1,0,-1,-1,-1,-1,296408,340094,364933,331275,340530,281629,178980,108334,142139,69129,253996,105117
req_004408,40000,2,2,2,29,0,0,0,-2,0,-1,34005,26336,27704,0,24803,28119,20315,14789,10829,0,17575,25503
req_004409,140000,2,2,1,28,1,1,0,0,0,0,49878,63414,47968,51895,49441,44290,809,2991,40613,43888,45286,21625
req_004410,160000,2,2,2,24,0,0,-2,-2,0,0,44287,38679,0,0,36631,39931,38497,28191,0,0,29054,33798
req_004411,70000,1,2,2,24,0,-2,-1,0,-1,0,24279,0,35930,30130,32468,29167,10662,0,13594,5667,29578,15249
req_004412,80000,1,1,1,27,0,-2,0,0,0,0,19430,0,18351,18126,19187,18252,13966,0,7276,14375,10776,5858
req_004413,50000,1,2,2,26,1,0,0,0,0,0,7865,15755,10087,13336,9665,11926,569,11438,9274,13223,2661,6593
req_004414,30000,1,1,2,27,0,0,0,1,1,1,3063,2387,2883,3358,2250,2890,1898,1499,2401,115,383,199
req_004415,40000,2,2,1,24,0,-1,0,0,-1,-2,9226,8595,8488,8392,7793,0,7244,6996,3531,4152,4387,0
req_004416,20000,1,2,2,26,2,1,1,-2,1,0,8658,8889,12293,0,7859,7368,1514,285,1255,0,49,5002
req_004417,210000,2,2,2,29,-1,-2,-1,-1,0,0,87070,0,80322,98040,82214,81413,11936,0,11220,37123,40015,19715
req_004418,70000,2,3,1,28,1,1,1,0,-1,0,30953,29784,29324,28044,23105,26545,5320,3024,3715,11086,8320,21482
req_004419,60000,2,2,1,29,1,2,2,1,3,2,32495,38861,47105,36135,40240,33765,3265,4402,4686,670,237,1487
req_004420,70000,2,2,1,24,2,2,0,2,1,1,11145,10680,14066,13009,11336,10577,824,642,9880,1314,797,170
req_004421,60000,2,2,2,27,1,1,2,2,2,2,9862,11795,10550,11748,9422,9727,961,2207,1620,384,746,1788
req_004422,70000,2,2,1,28,1,0,0,-2,0,0,45163,59193,45178,0,41590,43434,2194,20938,32968,0,29836,32837
req_004423,30000,1,3,2,25,0,0,-1,-1,0,0,5679,4979,5562,5665,4889,5303,3793,3488,2411,2496,4140,3761
req_004424,80000,2,2,1,25,0,0,0,0,0,0,6531,6687,7165,5405,5278,7131,439,3099,3541,1542,1506,6626
req_004425,100000,1,2,2,27,2,0,0,-1,1,0,49544,45329,48387,45640,37879,41563,3174,37363,38191,40311,185,24389
req_004426,150000,1,1,2,27,2,1,1,0,0,1,139141,155160,123132,127775,90499,140131,20127,4459,2970,43492,52958,23208
req_004427,30000,1,2,1,26,0,-2,1,0,0,0,6382,0,5965,6707,6121,5354,3355,0,1078,3383,4301,3890
req_004428,40000,1,2,2,23,-2,2,1,1,0,2,0,11907,11415,10633,11961,10726,0,842,1056,731,5992,121
req_004429,100000,2,1,2,27,0,0,-1,-1,0,0,58362,54438,42148,38366,42362,43727,29579,12071,5218,26810,16337,29769
req_004430,140000,2,1,1,28,0,0,0,0,0,-2,69537,64778,75506,74632,79848,0,45780,36490,14229,57451,64738,0
req_004431,130000,1,2,1,28,0,0,0,-1,-1,-2,27520,27845,26481,18131,20526,0,9597,14414,17645,2385,14919,0
req_004432,120000,2,1,2,26,-1,-1,-2,-1,-1,-1,33071,21980,0,29626,36472,36919,14645,3817,0,12853,26902,30424
req_004433,400000,2,2,2,27,0,0,-2,-2,0,0,56668,39385,0,0,39313,56033,40769,33491,0,0,11686,46852
req_004434,40000,1,3,2,27,-1,-2,0,0,1,1,5516,0,7729,9540,9822,6527,3744,0,1108,6018,141,778
req_004435,110000,2,2,1,25,0,0,1,1,1,0,66896,73233,79644,74193,60849,57073,27585,49548,32863,15612,6392,20159
req_004436,60000,1,1,1,26,2,1,0,1,0,-2,14849,13834,12021,12665,14473,0,1426,983,11393,1410,5952,0
req_004437,70000,2,1,1,24,-2,2,1,0,0,-1,0,44069,30499,37647,32601,29145,0,3477,3182,24314,23536,5733
req_004438,20000,2,2,1,28,-1,-1,-2,-2,-1,-1,11714,8439,0,0,8506,7926,4191,3118,0,0,7007,6141
req_004439,50000,1,2,2,25,0,0,0,2,-2,3,9388,12986,13265,10997,0,12168,9076,6881,6401,321,0,921
req_004440,40000,2,2,1,29,2,0,0,0,0,0,29620,19030,30546,18235,23576,27773,4544,11338,25799,13800,18833,7232
req_004441,90000,2,2,1,24,2,0,0,0,-1,0,97800,65690,68168,66809,65085,49171,264,46152,49967,31561,47729,31947
req_004442,70000,2,2,2,24,0,0,0,0,0,0,380,395,374,400,448,343,266,362,132,341,273,217
req_004443,410000,2,1,2,27,-1,0,-1,-1,-1,-1,75449,93332,53547,62267,77010,81640,43121,60296,40611,38675,61030,58656
req_004444,40000,1,2,1,27,0,-1,-1,0,0,0,28593,19946,27451,21286,17370,28316,22291,10015,19984,12582,3137,27935
req_004445,20000,1,2,2,26,0,0,0,0,0,-2,10463,10978,10644,10597,8210,0,6256,10401,10271,6545,7303,0
req_004446,90000,2,1,1,28,2,0,2,-2,0,0,43180,37691,37391,0,26451,37295,886,24243,1764,0,22745,24093
req_004447,50000,1,1,2,28,-2,1,0,1,1,1,0,39377,39371,32926,46713,43626,0,2110,4575,4232,5712,299
req_004448,80000,1,1,2,29,0,0,0,0,0,-1,56768,62694,63644,57850,52413,49943,50448,46596,52858,43961,51111,28714
req_004449,200000,2,1,1,21,0,0,0,0,0,0,36658,25050,24462,19548,23108,29188,16048,8038,14306,18866,17225,21335
req_004450,110000,2,2,1,26,0,-1,-1,-1,-1,0,17081,22060,29643,32144,29798,27457,10925,9883,22993,20107,14268,25441
req_004451,100000,1,2,1,25,-2,0,-2,0,0,0,0,18066,0,15004,15115,16496,0,6372,0,11724,5423,8565
req_004452,150000,1,2,2,27,1,1,1,0,0,-1,93709,94475,116091,104134,100983,86245,2488,15027,4716,35915,21035,80651
req_004453,240000,1,3,2,28,0,0,0,-1,-1,0,4576,5714,5086,3986,5017,4907,2938,3483,2890,2903,2015,3459
req_004454,240000,2,1,2,26,2,1,1,2,0,0,193055,174111,170230,146637,199865,95868,29908,3794,20152,10897,103183,54499
req_004455,40000,2,2,2,28,-2,0,0,-1,0,0,0,2429,2382,2350,2394,2848,0,2010,1996,1086,2275,1684
req_004456,160000,2,1,2,26,1,1,-2,0,-2,0,128299,91220,0,117880,0,108760,4114,11430,0,68523,0,20998
req_004457,30000,2,1,1,29,-2,-1,-1,-1,-1,0,0,9361,9102,6210,4925,7514,0,7351,5249,2917,1947,4708
req_004458,140000,2,1,2,23,-1,0,0,0,0,0,9714,10387,11121,10943,14253,9583,7313,3132,9025,8480,9871,6336
req_004459,80000,1,2,2,29,-1,-2,0,-1,0,0,15904,0,15837,18654,14672,13611,9342,0,13952,12117,9797,6934
req_004460,150000,1,1,1,26,-1,-1,0,0,0,0,54792,43468,44468,48345,45262,37706,33668,25292,20483,39795,25005,20284
req_004461,450000,2,2,1,22,1,2,0,0,-1,-1,297760,247272,257239,316761,236244,216904,31309,61337,13033,33573,30510,171538
req_004462,90000,2,3,2,28,0,-2,-2,0,0,-1,32699,0,0,38336,33516,27686,11462,0,0,36766,21639,12292
req_004463,50000,1,2,1,28,-1,0,0,0,1,2,8878,10635,7041,7671,8435,7358,6998,9393,1510,6796,562,1068
req_004464,260000,2,1,2,22,0,0,0,0,0,-2,56919,65228,66580,74845,79636,0,46549,35968,53658,59537,23728,0
req_004465,90000,2,2,1,26,0,0,0,0,0,0,42301,45352,49664,41917,29631,31026,36327,35336,31606,20083,19959,21167
req_004466,280000,1,1,1,26,-2,1,1,0,2,1,0,126798,129465,133296,93000,86915,0,18867,26956,121144,12529,15240
req_004467,10000,1,2,2,27,0,0,0,0,-1,-1,1620,1422,1325,1289,1150,1344,1102,685,346,843,521,650
req_004468,100000,2,2,1,26,-1,-1,-1,-1,-1,-1,43937,46444,45920,36885,41375,34870,9651,32232,26022,20629,25403,28494
req_004469,140000,1,1,1,27,0,0,0,0,0,-2,79996,81280,76518,76667,67371,0,62732,45490,49026,46876,56211,0
req_004470,1000000,2,1,2,28,0,0,0,0,-1,-1,231808,231640,218079,175502,189610,198643,98907,106994,82339,76538,153565,57057
req_004471,160000,2,2,2,26,1,0,0,0,0,-2,39052,35669,51200,41100,33709,0,12173,23042,32373,12898,18138,0
req_004472,70000,2,1,2,28,0,-1,-1,0,-1,-1,16175,12803,12297,10508,9514,13903,9979,12007,9543,9118,6361,1923
req_004473,40000,2,3,2,27,-2,0,0,1,1,1,0,20351,27319,18162,21576,18701,0,18586,11710,6752,413,1063
req_004474,300000,2,2,2,22,-1,-2,-1,-1,-1,-1,63042,0,62570,55714,63606,51298,49782,0,56031,21633,41476,20226
req_004475,60000,2,2,1,27,3,1,0,0,0,-2,39671,32656,42312,40775,38810,0,843,1354,20252,35715,14909,0
req_004476,40000,2,2,2,28,0,1,1,0,0,0,14017,14186,10926,16974,13437,15788,8185,2168,1338,9577,9495,13120
req_004477,300000,1,1,2,25,0,0,0,-2,0,0,62077,76648,78054,0,59769,78867,49209,49521,53497,0,32629,70322
req_004478,90000,2,1,1,28,0,0,1,2,1,0,34510,31072,33629,27390,37219,30701,32353,21372,3130,2556,2402,7425
req_004479,40000,2,2,2,27,0,-2,0,-2,0,-1,5280,0,4697,0,5740,3882,2084,0,3642,0,4103,3163
req_004480,240000,1,1,1,26,0,-1,0,0,0,0,87959,79510,73545,98457,123797,85500,53021,23976,23320,36788,12253,46244
req_004481,100000,2,1,2,22,0,-2,0,1,1,1,32179,0,25729,26895,29446,23622,25607,0,13573,105,350,1388
req_004482,180000,1,1,2,28,-1,-2,1,0,0,-1,9514,0,9487,8889,12846,9660,8830,0,894,6105,12668,8818
req_004483,50000,1,2,1,29,1,1,1,-2,0,0,22786,16965,15930,0,17336,12599,4064,452,3539,0,4531,9742
req_004484,80000,1,2,1,28,-1,0,-1,-1,-1,0,46339,53209,53068,52515,40078,39846,43763,40648,35337,46499,33908,16229
req_004485,120000,2,1,1,28,0,0,0,0,0,0,57477,52684,40153,39582,37680,53340,44483,49452,13759,13502,32160,47035
req_004486,150000,1,3,1,26,0,0,0,0,1,1,77327,78748,82114,79047,58950,87337,49477,59687,33823,34033,20100,6866
req_004487,260000,2,1,2,29,-2,-1,-1,0,0,0,0,5852,4514,6801,5582,6714,0,4286,1594,5208,5420,3250
req_004488,70000,1,2,2,24,0,-1,-1,-1,0,0,9883,9899,8412,9005,6333,7634,4585,8316,3046,6566,2349,6366
req_004489,240000,2,2,1,25,0,-2,0,-1,-1,-1,37992,0,41808,33095,35948,37145,23623,0,40672,21410,34833,23743
req_004490,40000,2,1,2,29,0,0,1,2,2,3,3585,3433,3004,2900,2688,2418,2709,656,280,378,32,86
req_004491,90000,2,2,1,24,-2,0,0,-2,2,2,0,38672,41477,0,30893,18356,0,13462,36759,0,9376,754
req_004492,100000,2,2,1,25,1,1,2,0,0,0,27168,19135,21913,24746,29765,26112,2117,1127,2558,13103,28950,18949
req_004493,60000,2,2,1,29,1,1,3,2,1,1,36867,42355,24153,34831,32022,28726,664,4523,1783,8729,2286,813
req_004494,160000,1,3,1,25,0,-1,0,0,-1,-1,81508,77090,75054,65091,67123,43012,40538,6537,63740,35116,49095,8804
req_004495,340000,2,1,1,28,-1,-1,-1,-2,-1,0,157230,169462,111644,0,129700,133382,113950,108405,65524,0,100406,81913
req_004496,40000,2,3,2,27,1,0,0,0,0,0,15520,12308,12225,13516,14064,10852,454,7438,5136,7234,12474,9466
req_004497,270000,1,1,1,29,0,1,0,0,-1,0,110738,84332,101961,105995,98549,90174,97488,2342,47963,65186,76238,17384
req_004498,40000,2,3,1,25,-2,-2,0,-1,-1,-1,0,0,4291,4546,4674,4841,0,0,2956,1767,1983,1871
req_004499,120000,1,1,2,27,0,-1,0,-1,-1,0,29928,32403,28741,28894,31435,29541,22152,17963,23245,18057,21708,14149
req_004500,140000,2,1,2,28,0,0,0,-2,-1,-1,47600,31712,34307,0,32081,27273,22200,26468,32857,0,19933,9429
req_004501,60000,2,1,2,26,0,1,0,0,0,0,23339,27132,20621,22744,22243,21369,14561,681,5153,17663,18233,19740
req_004502,60000,1,2,1,25,0,0,0,-1,-2,0,43587,34655,42009,41826,0,41065,43452,25274,30498,34616,0,6113
req_004503,40000,2,3,2,28,0,0,0,0,0,-1,15892,14645,14624,18325,19651,21966,10324,6697,7200,15699,13569,13865
req_004504,60000,2,2,2,26,0,0,0,0,-2,0,27513,22528,31470,32096,0,25060,11454,7194,22345,15543,0,19913
req_004505,90000,2,1,1,23,0,0,0,-1,-1,-1,31564,23493,37058,35663,36077,39911,20294,7503,21837,27244,34343,19916
req_004506,140000,1,3,1,24,0,1,2,1,-2,0,42178,40620,33845,31587,0,33396,25956,1071,11738,8077,0,28025
req_004507,170000,2,3,2,25,0,-2,-1,-2,-2,-1,131585,0,122801,0,0,137497,74300,0,110719,0,0,129923
req_004508,250000,2,1,2,22,1,0,0,-2,-2,0,182235,190663,145860,0,0,149830,7517,38329,98415,0,0,139749
req_004509,210000,1,3,2,29,1,0,1,-2,0,0,111151,111774,105814,0,94880,82495,3933,42432,8537,0,84906,13350
req_004510,120000,1,1,3,29,0,0,0,-1,-1,-1,81423,104104,59487,83345,68873,87702,38712,77523,42666,59465,58689,47011
req_004511,40000,1,2,1,25,-1,-1,0,-1,-2,0,25854,26435,29970,29119,0,24791,25551,11870,11984,20900,0,18811
req_004512,320000,1,3,2,25,-1,-2,-2,-1,0,0,101917,0,0,126226,122394,103551,64054,0,0,91774,95884,87285
req_004513,120000,1,4,1,25,2,1,0,1,0,0,48045,73490,50824,67139,56998,53441,3198,1261,31101,6988,54654,34698
req_004514,110000,1,2,1,23,0,0,0,1,1,1,8656,11020,12777,7944,9949,9908,4428,10170,9786,11,902,1635
req_004515,150000,1,1,2,26,0,-1,0,0,-2,0,32778,31051,33557,32864,0,28222,19415,18136,14111,27300,0,13648
req_004516,30000,1,1,1,26,-1,0,0,1,1,0,1108,923,992,1019,1054,977,588,806,240,39,211,920
req_004517,50000,2,2,2,27,-1,-1,-1,0,1,0,18318,17312,20987,16253,18191,17117,17247,2000,12246,8409,675,3781
req_004518,100000,2,2,1,22,0,0,0,0,-2,1,98756,83108,79071,60430,0,76184,58089,64227,51095,22575,0,989
req_004519,250000,2,2,1,27,1,2,1,0,-1,-1,110021,120757,124750,134549,93604,136935,998,6,13763,92271,52601,99107
req_004520,70000,2,1,2,29,-2,0,-2,0,-1,-1,0,33256,0,29118,27132,28267,0,29124,0,16208,23895,18391
req_004521,30000,1,2,2,27,1,0,0,0,2,2,18848,21327,20137,24961,17341,22263,19,18529,15641,22266,1930,1280
req_004522,130000,2,2,2,26,0,1,0,0,0,0,89853,90130,74626,76732,69440,84715,86801,16397,51041,52668,18396,78502
req_004523,70000,2,1,2,29,0,0,0,0,-1,-1,32412,26676,30321,31283,33246,34618,21572,21886,13030,22933,18991,21728
req_004524,50000,2,2,2,25,-1,-2,0,1,0,0,19268,0,16794,16402,13331,18124,3334,0,15354,2167,5298,13783
req_004525,100000,2,1,2,25,-1,0,-2,0,-1,0,8539,7140,0,6730,5919,7185,6597,1990,0,6280,1244,4715
req_004526,30000,1,1,2,24,0,0,0,0,-2,2,9230,7437,9161,7132,0,7662,7159,4283,6883,5665,0,309
req_004527,130000,2,3,1,23,1,0,-2,-1,0,-1,81450,97883,0,68950,69706,104322,18621,19766,0,61003,47832,34823
req_004528,20000,1,1,1,23,-1,0,0,-2,0,0,2721,2707,3154,0,2364,2684,1492,1680,360,0,2193,1504
req_004529,90000,2,1,2,24,0,0,0,-1,-1,0,77679,61518,69791,67001,76654,79290,21689,47593,40215,38181,60132,68846
req_004530,330000,2,1,2,25,0,1,0,-1,-1,-1,124001,174948,161836,157773,128203,139123,56450,84996,153365,40078,92658,117042
req_004531,30000,2,3,2,25,0,0,0,0,0,0,15167,12484,11963,10826,12050,13646,13178,9708,8778,3284,7443,13066
req_004532,70000,2,2,1,25,0,0,-1,-2,0,0,22714,35264,37033,0,36875,33050,20856,24820,16365,0,3699,29351
req_004533,100000,2,2,1,28,-1,0,0,-2,0,-1,6897,6797,7148,0,6946,6682,2334,3418,6166,0,3381,3879
req_004534,50000,1,1,2,27,0,-1,-1,-1,-1,-1,13531,10894,12279,13442,11512,11118,8221,9403,10819,1174,10942,7454
req_004535,530000,2,2,1,28,-1,-1,-1,-2,-1,-1,115463,127063,131045,0,116862,131584,56544,120218,82968,0,107496,97761
req_004536,150000,1,3,1,25,1,0,0,0,0,0,51766,49142,66632,43334,56872,50099,4080,16069,38508,17995,54508,36018
req_004537,80000,1,3,1,29,0,0,0,0,0,0,4317,4378,3994,3326,5415,3896,3955,2863,1479,1667,2464,2750
req_004538,140000,2,2,2,22,-1,0,0,0,0,0,54063,50410,41240,58226,53140,56021,27147,11341,19331,25078,41613,41262
req_004539,40000,1,2,2,28,1,0,-2,1,0,0,22880,25986,0,21773,29199,20142,1402,24601,0,1491,20648,13567
req_004540,120000,1,2,2,26,-2,0,-1,-1,-1,-1,0,59711,57955,62343,54424,50471,0,56479,35800,21959,33995,11319
req_004541,130000,2,1,2,25,0,0,0,-1,-1,-1,49416,34131,32176,35075,31101,31922,41956,30452,13385,28922,12063,28833
req_004542,200000,2,2,2,24,0,-1,-1,-1,-1,-1,108672,82748,87209,85516,88707,71492,83342,50572,41868,39370,17872,51720
req_004543,100000,2,2,1,27,1,1,-2,0,0,0,35901,38570,0,36331,30493,33742,3291,2739,0,7148,21659,24023
req_004544,70000,2,2,2,28,0,0,0,0,0,0,25661,25768,23878,25552,21087,20595,11672,18713,10132,15514,2434,2314
req_004545,90000,1,2,1,25,0,0,1,0,-1,-1,24624,26556,29591,23681,18990,21808,11589,13217,990,11802,8984,17252
req_004546,100000,2,2,1,29,1,0,0,1,0,0,93685,83601,91896,75765,68797,68359,5203,53576,72502,4728,46620,49430
req_004547,120000,2,2,2,27,0,0,-1,-1,-2,0,9718,7840,7097,10454,0,7389,9231,6098,6589,6858,0,3394
req_004548,150000,2,3,1,25,0,0,0,0,-1,-1,57043,50964,53795,46752,41821,43784,34884,33374,24258,40139,29544,33300
req_004549,100000,2,2,1,29,0,0,-2,0,-2,0,16218,16190,0,18007,0,16014,5451,11518,0,6038,0,13341
req_004550,280000,1,2,2,23,1,0,0,-1,-1,0,57119,44317,43951,64629,59306,56213,1649,31515,20470,39878,18893,53895
req_004551,30000,1,2,1,29,1,0,0,1,1,1,16338,16413,16578,14210,16213,19887,244,13081,13804,1036,3930,4714
req_004552,50000,2,1,1,27,0,0,-2,0,-1,0,14165,14804,0,14811,14612,14843,5587,12852,0,13256,5844,10945
req_004553,80000,2,1,2,27,0,-1,-1,0,0,1,25678,28614,24846,33735,43896,35075,18478,25750,12341,6638,35339,2097
req_004554,60000,1,1,2,27,-2,0,0,0,-1,0,0,6814,7313,8127,9842,6553,0,4540,5932,6220,6313,3875
req_004555,70000,1,1,1,26,-1,0,-1,0,0,0,46332,53804,50351,66205,49306,31714,3627,30295,18066,42187,26018,23257
req_004556,80000,1,2,2,25,0,0,0,-1,0,0,18298,21224,20225,15082,16817,14483,12066,17153,12934,7789,11623,12889
req_004557,30000,1,1,1,27,0,-2,0,0,0,0,4398,0,5269,4718,5336,4895,3830,0,3315,4055,2273,2759
req_004558,160000,1,2,3,25,0,0,0,0,0,0,15070,18174,15097,12536,13227,15528,12920,16274,6358,3640,10193,12936
req_004559,110000,1,1,1,29,0,-1,-1,0,0,-2,73007,81192,72859,82433,61334,0,44495,28539,65900,66500,41265,0
req_004560,40000,2,2,1,24,0,-2,0,0,-2,2,5477,0,6493,7494,0,7661,4213,0,4174,5461,0,248
req_004561,130000,1,2,2,26,-1,0,-1,0,0,1,15055,12985,15110,13827,14148,15690,10934,5026,9254,6047,3417,1527
req_004562,40000,1,2,1,25,0,-1,-1,0,1,1,16276,16468,14095,16566,15439,12957,15036,9144,11986,11897,30,879
req_004563,30000,2,2,2,26,-1,-1,-1,0,0,-2,11398,12883,15895,11231,11653,0,9088,4423,13696,9105,9519,0
req_004564,100000,2,2,1,24,0,-1,0,0,-2,-1,62348,50929,60118,57131,0,45565,13882,18578,31668,28390,0,23824
req_004565,90000,1,1,2,28,0,0,0,0,1,2,19390,12023,15934,18881,14837,14400,14103,5572,12203,13300,767,1786
req_004566,100000,2,3,2,25,0,1,1,2,2,2,27145,20260,30157,26749,26166,22911,23537,3484,6613,683,1958,2685
req_004567,380000,2,2,2,24,0,1,0,-1,-1,-1,63794,75499,71573,79996,71378,91644,60876,14214,65476,15585,38878,19730
req_004568,140000,2,2,2,28,-2,1,0,-1,-2,-1,0,10019,10005,10029,0,7532,0,1351,7084,4671,0,1473
req_004569,130000,2,1,1,26,0,0,1,0,0,2,11985,11533,9493,18327,11085,10572,2902,6959,1602,6847,9299,30
req_004570,170000,2,2,2,29,0,0,0,0,0,-2,64652,63945,81979,54309,73933,0,43341,47340,41970,36566,67666,0
req_004571,40000,2,3,2,22,-1,-1,-1,-1,1,-2,2661,2542,2151,2582,2596,0,2364,2239,1876,2302,54,0
req_004572,60000,2,2,2,27,0,0,0,0,0,-1,15182,22493,15246,18805,19630,17141,10733,14277,6635,6662,15090,12472
req_004573,280000,2,2,2,28,0,0,1,1,0,0,19004,18025,18544,13931,19324,16045,18904,12134,3075,651,16878,14733
req_004574,50000,2,2,2,28,1,0,0,-2,0,1,22899,25098,27432,0,18517,26563,1986,24197,25082,0,7571,2027
req_004575,220000,2,2,2,29,0,0,0,1,0,-2,43006,46342,42524,44889,58668,0,37959,31003,20150,11425,27996,0
req_004576,120000,2,3,2,28,0,-1,0,0,-1,-1,61372,75939,63668,60611,72186,72824,28135,55804,38274,23190,63428,8273
req_004577,100000,2,2,1,27,1,0,-1,-1,-1,-1,29190,25607,27595,25664,30020,33258,1487,8762,25089,12650,15943,32391
req_004578,130000,2,2,2,23,0,-1,0,-1,-1,-1,44111,34362,31502,28603,29387,25134,43111,12110,27881,14134,18247,12448
req_004579,110000,1,1,2,24,0,0,0,0,0,1,29912,32967,34621,35469,33933,38163,4754,17994,31130,17904,21036,4704
req_004580,40000,2,3,1,29,-2,0,0,0,0,0,0,23979,16519,18200,13773,17344,0,23783,15718,11498,4390,13458
req_004581,110000,2,2,2,26,-1,-1,0,0,0,0,21934,25498,23359,23370,26324,23559,12004,9222,11617,18797,16899,19963
req_004582,170000,2,2,2,26,-2,0,-1,0,-2,-1,0,86868,90827,84713,0,90184,0,68811,72838,22993,0,61038
req_004583,30000,1,1,1,27,1,1,0,0,0,0,10683,11565,12333,13583,13072,12414,1154,3614,10137,12883,11584,11623
req_004584,90000,2,2,2,26,0,1,1,0,0,0,24953,22466,21884,22123,16288,19896,11357,2425,615,15192,5654,9653
req_004585,140000,2,3,1,22,-2,0,0,0,0,1,0,42080,38269,43157,25198,31642,0,27891,34723,29912,19924,2980
req_004586,150000,2,2,2,27,0,0,0,0,-2,-2,4004,4874,4689,4164,0,0,2442,2159,3922,2466,0,0
req_004587,60000,1,3,2,22,0,1,2,2,2,1,29919,21227,21950,23049,22522,28982,12240,4170,814,1363,3179,4935
req_004588,80000,2,1,2,28,0,0,-1,-2,0,1,11537,7947,7305,0,8385,9584,5602,5321,4098,0,4259,826
req_004589,120000,2,2,1,25,-2,1,0,1,2,2,0,29391,26799,34366,40781,27130,0,838,16370,6141,12888,131
req_004590,30000,2,2,2,29,0,-1,0,0,0,0,13611,13268,13469,15830,13685,9946,9878,6405,4030,8466,8134,4429
req_004591,60000,2,2,1,25,-1,0,0,0,-1,0,45875,42363,26547,39698,35601,33631,25972,31371,14701,15996,16371,30379
req_004592,110000,2,1,2,23,0,1,1,1,1,1,2709,3067,3955,2312,2601,2575,2390,330,841,323,182,84
req_004593,60000,2,1,2,27,0,-2,2,1,2,1,6632,0,5819,7824,7111,8245,5306,0,328,1138,1868,1056
req_004594,120000,2,1,2,29,-1,-1,0,-1,-1,-1,40119,50412,45746,47526,43922,33019,36627,27235,37551,38348,35398,16911
req_004595,150000,2,3,1,24,-2,0,0,-1,-1,-1,0,21551,22418,16087,17827,22747,0,7281,21304,6364,7518,6962
req_004596,20000,2,1,1,27,1,1,0,-2,2,1,9758,7447,7560,0,6389,7060,272,108,5094,0,125,403
req_004597,90000,2,3,2,28,0,1,-2,0,-1,-1,16919,15822,0,11870,11372,15110,14165,336,0,9379,4841,12290
req_004598,260000,2,3,2,22,-1,-1,-2,-2,-1,-1,94545,79381,0,0,78709,90841,71242,77882,0,0,53490,84264
req_004599,40000,1,2,1,26,-1,0,0,0,-2,1,9116,5957,9205,8149,0,8440,2175,3460,6890,5346,0,248
req_004600,210000,2,2,2,29,0,-2,0,-1,-1,-2,18364,0,30579,19393,21408,0,9935,0,12205,11411,12604,0
req_004601,150000,2,1,1,23,-1,-1,-1,-1,-2,-1,39675,42122,42171,41969,0,36303,5683,33220,17322,29886,0,30620
req_004602,40000,2,2,1,29,1,0,0,0,0,0,17072,21162,18069,18766,12775,17200,4594,9367,17529,9579,4137,12998
req_004603,100000,2,1,1,24,0,0,1,3,2,2,36938,36342,31747,28853,34342,35271,10737,20227,789,2655,1778,145
req_004604,60000,2,1,2,28,2,0,1,1,-2,-1,28564,18240,21969,25961,0,26015,6566,7889,1196,841,0,22504
req_004605,70000,2,1,1,24,0,0,1,1,0,1,12723,14233,10638,10132,10819,9578,6643,3690,335,352,6281,900
req_004606,100000,1,1,2,24,-1,-1,-1,0,0,0,31412,25715,30976,21200,21138,25404,23925,16330,9861,16508,8521,24850
req_004607,90000,2,2,2,29,0,1,1,0,0,0,54965,50738,55006,58285,43885,49270,12747,1608,4277,26820,23512,9281
req_004608,710000,2,2,2,24,0,-2,0,0,0,0,269540,0,175310,164969,226778,187836,258761,0,77839,107297,119523,80147
req_004609,60000,2,1,1,24,1,0,0,0,1,1,16745,17399,15951,13531,16136,8589,457,4515,12563,8442,1482,727
req_004610,110000,2,1,1,28,-2,0,0,0,-1,-1,0,34014,34813,39413,43178,38120,0,20657,4433,18042,8508,18857
req_004611,90000,1,3,1,25,0,0,-1,0,0,0,33630,40216,35092,39762,37015,31801,19255,5399,22728,9909,23009,22687
req_004612,280000,2,1,2,28,-1,-2,-2,-1,-1,0,119303,0,0,117851,119703,99092,80964,0,0,106213,70677,83828
req_004613,70000,1,2,2,24,0,-2,0,0,1,0,3612,0,2949,2692,2750,2785,1390,0,2037,918,36,1145
req_004614,160000,2,2,1,25,-2,1,1,0,0,0,0,94950,119751,123319,104550,92349,0,3175,25024,74350,76184,3036
req_004615,90000,1,2,2,29,1,0,0,-1,0,0,37241,44283,42480,28084,31082,28392,11975,28497,37656,19886,29446,22261
req_004616,70000,2,2,2,26,1,2,2,2,1,0,21935,21802,23251,21218,21095,21145,2857,341,224,4315,3189,6729
req_004617,110000,2,2,1,25,-1,-1,-1,-1,-1,0,59507,43462,51575,60719,42686,45922,33854,23271,42969,26361,26090,38566
req_004618,140000,2,2,1,23,-1,-1,-1,-1,0,0,28412,24682,22309,20584,28542,19484,23528,17543,9386,9665,12772,14649
req_004619,120000,2,3,2,26,-2,0,0,-2,0,0,0,41260,48935,0,55697,47459,0,28140,42373,0,15153,38142
req_004620,150000,2,2,2,27,-2,0,-1,-1,-1,-1,0,29777,36231,25759,28157,25255,0,8902,19502,12892,19544,13378
req_004621,120000,2,1,1,28,0,0,-1,1,1,-2,24612,23488,20419,19511,15649,0,21215,18967,9916,1730,302,0
req_004622,100000,2,3,1,28,1,-2,0,1,2,1,21505,0,25936,24769,15787,18477,2504,0,14981,224,417,3929
req_004623,110000,1,1,2,29,0,0,-1,-1,0,0,12094,15299,17173,13141,14259,13320,8581,3562,10192,8523,13203,7416
req_004624,80000,2,2,2,24,0,0,-2,0,0,1,70167,43494,0,56532,52577,36056,12496,26865,0,43584,30581,5103
req_004625,50000,2,2,1,28,-1,0,0,0,0,0,27549,34129,34397,30837,32329,29846,24560,23076,17769,28218,23950,9470
req_004626,60000,2,1,2,26,0,-1,-1,-1,0,2,6169,7870,5585,5556,6253,5586,5517,5737,694,3431,3730,613
req_004627,110000,2,2,2,22,0,0,-1,-1,-1,-1,47571,59082,53987,39087,67788,54282,31584,50328,26027,23868,63979,22482
req_004628,80000,1,3,1,29,0,0,-1,-1,-1,-1,26401,27417,33563,33739,33517,36914,15433,12830,17885,28316,10676,19967
req_004629,40000,2,2,1,29,0,2,1,1,1,0,10558,10904,9846,11613,11556,8707,7381,1729,2768,1298,95,3502
req_004630,140000,2,2,2,28,0,0,0,0,-1,-1,31654,23472,27816,25203,25830,27033,5606,8070,10693,4838,10832,19147
req_004631,30000,1,1,1,27,0,0,0,-2,0,0,21032,30226,27351,0,22532,23700,5850,28964,4261,0,19356,4870
req_004632,80000,2,3,2,26,0,1,1,-2,0,1,39992,28211,39822,0,45000,36020,25301,1617,9635,0,31311,4277
req_004633,130000,2,2,2,21,0,1,0,0,-1,-1,90490,68333,89133,90167,82076,82795,84859,18077,58292,21590,55598,43883
req_004634,160000,2,1,2,25,0,0,0,0,0,0,93772,90543,101899,82853,82179,86937,27669,52088,74056,60273,51040,9398
req_004635,190000,1,1,2,23,-2,0,1,0,0,0,0,80092,81331,62934,104612,93890,0,24183,1018,45037,85161,75674
req_004636,130000,2,2,2,26,0,0,0,-1,-1,0,78983,99043,72492,71384,58307,67822,46688,69437,18109,60220,12114,66718
req_004637,50000,2,1,1,26,-1,0,1,-2,1,1,22642,20029,15497,0,18557,17962,12152,6879,2853,0,2975,87
req_004638,30000,1,3,1,27,1,2,2,2,6,4,6261,6483,8807,7108,6411,7238,390,1413,481,842,808,529
req_004639,420000,2,2,1,23,0,0,0,-2,0,-1,100990,84800,83376,0,59877,85010,74330,29561,49676,0,47453,31661
req_004640,170000,1,1,1,23,1,0,2,1,1,-2,141950,120743,131329,114954,96486,0,12743,96217,12785,1782,3194,0
req_004641,210000,2,1,2,24,0,0,0,0,0,1,136784,138311,113046,113007,113195,114411,84808,35449,17597,74639,88406,7700
req_004642,110000,2,2,2,26,2,1,1,0,0,0,45726,61049,35309,40743,49708,54893,4017,7563,2824,32571,40510,28587
req_004643,250000,1,2,1,26,-2,-1,0,0,1,0,0,58179,55738,64414,61336,52843,0,36041,50799,8667,3000,46557
req_004644,60000,2,2,1,26,1,0,-2,0,0,0,16735,14836,0,12648,13523,12967,2800,13435,0,5607,3875,7980
req_004645,150000,1,1,2,29,2,3,2,3,2,2,21025,21335,23271,14406,18058,18566,445,428,4994,1536,131,2553
req_004646,70000,2,4,2,24,0,0,0,0,-1,0,40247,34064,28751,34552,21237,30937,20311,30383,5942,5621,19291,29960
req_004647,340000,2,3,1,29,1,0,0,0,0,0,239519,214205,158791,183390,174865,252636,64740,145966,111212,134769,125471,74423
req_004648,80000,2,3,2,24,0,-2,0,1,2,-2,27135,0,23256,23257,18375,0,15498,0,14082,1514,886,0
req_004649,180000,2,1,2,29,0,-1,0,0,-1,-2,21446,27413,23457,20306,21440,0,5561,3521,16107,3861,20553,0
req_004650,70000,1,3,2,26,0,0,0,-1,0,-1,30953,28320,26198,35544,25204,31900,15799,15128,14367,27384,4652,17031
req_004651,20000,1,3,1,27,-2,-1,-1,-1,0,0,0,1448,1075,1221,1299,1165,0,517,169,957,357,580
req_004652,100000,2,2,1,24,-1,-1,-1,-1,-1,-1,23954,25675,22390,23494,20870,20968,18138,22068,6766,14066,16753,7639
req_004653,30000,2,1,1,29,1,1,0,0,0,0,14359,12026,13463,12044,12305,10100,1525,883,11352,9092,2858,6271
req_004654,100000,2,2,3,29,2,3,1,1,2,0,50304,45336,50452,40045,42656,43826,836,1911,4984,3481,179,27197
req_004655,80000,2,2,1,26,0,0,0,1,1,1,16872,15010,17529,12628,15280,19027,3187,11451,13850,1776,2003,1297
req_004656,80000,2,2,2,28,-1,0,1,1,2,2,23352,15819,15177,18243,15986,17354,21990,8397,343,228,754,591
req_004657,130000,2,3,2,23,0,0,0,0,-1,-1,43960,33961,36095,48689,42178,45176,41647,8599,27692,33204,21855,22473
req_004658,200000,2,2,1,24,0,0,0,0,1,1,75467,84780,83608,88209,72656,64242,68861,39315,35493,52744,22611,1006
req_004659,140000,2,2,2,29,-1,-1,-1,-1,0,0,47012,45008,38743,42333,32892,45713,8577,27896,14027,35089,28666,15063
req_004660,90000,2,2,2,24,1,1,1,0,0,0,37731,30844,38962,38677,37539,40644,141,2659,97,27894,29519,35836
req_004661,70000,2,1,2,25,0,-1,0,0,0,0,24734,12219,20011,19219,15897,19189,15781,4669,10866,14359,8638,12711
req_004662,40000,1,2,1,26,0,0,-1,0,-1,0,14716,14087,13569,15001,11604,12753,12790,11188,11216,11318,10500,11910
req_004663,40000,1,2,1,28,0,1,1,0,0,0,2749,3936,3210,3083,3154,2743,1105,442,22,2575,2983,2561
req_004664,310000,2,1,2,28,0,0,-1,-1,-1,-1,23343,23882,26944,24107,18580,15388,21523,12664,18575,18761,10152,14530
req_004665,100000,2,1,2,27,0,-2,0,0,0,0,54935,0,41202,44163,42857,30416,30362,0,31572,42950,34469,20286
req_004666,150000,2,2,2,25,0,0,0,0,-2,2,30283,28235,34394,21047,0,25206,24722,8162,11142,18209,0,1215
req_004667,60000,2,3,1,26,-1,0,0,0,0,0,24077,32913,27774,29098,27687,28910,21895,7621,15089,24199,26733,16676
req_004668,80000,1,4,1,26,1,1,0,0,0,0,28785,30362,35785,37474,31066,24513,1502,5772,11272,5715,12367,16297
req_004669,80000,1,3,1,28,1,0,2,2,0,1,20869,17618,17601,16936,21692,17301,3030,15603,27,498,8129,1609
req_004670,110000,1,2,1,26,1,0,-1,0,0,0,14413,18530,14746,17160,12657,13625,784,12024,8669,15721,5496,11356
req_004671,90000,2,1,1,26,-1,-1,-1,0,-1,-2,2056,1479,1690,1831,1583,0,371,707,1306,320,990,0
req_004672,230000,2,1,1,25,0,0,0,1,0,0,178400,113986,149625,139831,147257,129810,111825,100688,69865,3001,93866,85077
req_004673,70000,1,2,2,25,-2,2,1,0,0,1,0,23694,29998,24477,26467,33069,0,489,4572,22672,3760,6343
req_004674,70000,1,2,1,24,-2,0,0,0,1,0,0,57960,39557,48440,36167,44114,0,30356,22384,31098,168,33301
req_004675,110000,1,2,2,27,0,0,0,-1,-1,-1,74026,47791,64513,55744,51319,66780,65695,37198,35918,36054,14260,56862
req_004676,80000,2,1,1,27,0,0,0,0,-1,0,31426,40077,35719,31210,26671,28208,30244,32715,29493,21621,13008,21307
req_004677,30000,1,2,1,27,-2,1,2,1,1,2,0,18615,19659,15521,17474,16713,0,95,160,1414,2259,1874
req_004678,100000,1,1,2,23,0,0,0,0,0,0,5605,6745,4393,6320,8172,6094,1829,1770,3244,4056,6221,4293
req_004679,20000,2,2,1,26,1,0,0,0,0,-1,9320,11720,7736,12344,9400,9580,1000,9010,6039,6724,2511,7170
req_004680,40000,2,1,2,27,0,0,-2,-2,0,0,4351,3615,0,0,3636,2989,3818,1923,0,0,1075,1477
req_004681,180000,1,2,2,29,-1,-2,-1,-1,-1,-1,106404,0,91161,68314,84976,78337,54651,0,50929,60150,58531,21683
req_004682,140000,2,1,1,22,1,1,0,0,-1,-1,94771,132584,75285,91537,86787,111592,9284,8557,55937,47488,69361,50336
req_004683,450000,2,3,1,23,-1,-1,-1,-1,-1,-1,22978,26668,22901,19387,19589,26112,21012,9935,17788,3724,17563,14333
req_004684,130000,1,2,2,29,0,0,0,0,0,1,81454,83021,74140,80672,63686,59872,61384,63118,34339,43508,32094,12828
req_004685,50000,2,2,2,24,-1,-1,-2,0,0,0,25736,25369,0,26977,27226,22599,25311,15151,0,11400,23632,19625
req_004686,50000,2,1,1,28,0,0,-2,0,0,-2,1355,992,0,1363,1305,0,519,369,0,531,792,0
req_004687,60000,2,2,1,28,0,-1,-1,-1,-1,-2,28577,29121,38077,39464,25455,0,15047,20409,21964,5589,21495,0
req_004688,260000,2,2,1,27,0,1,0,0,-1,0,144592,116655,113430,128536,120329,152905,128987,824,65329,19264,42235,120241
req_004689,120000,2,4,2,27,-1,0,0,0,-1,-1,22401,23392,26471,21256,16934,19813,9684,14396,21274,19000,4006,11235
req_004690,70000,1,1,2,29,-2,2,2,-2,2,0,0,13577,10778,0,10238,13111,0,183,2012,0,102,9112
req_004691,30000,2,2,1,23,0,0,0,1,-2,1,13450,14617,11378,9868,0,11297,10288,5577,4438,1212,0,270
req_004692,140000,2,3,2,25,0,-2,1,-2,1,2,66102,0,65618,0,60560,59198,47334,0,9213,0,1383,12238
req_004693,130000,1,1,2,27,-1,-1,-1,-1,0,0,33456,23875,21892,23473,18463,26299,26749,21109,8416,17318,6149,15659
req_004694,310000,2,1,1,29,0,1,0,0,0,0,232845,195690,179614,188719,246580,200846,103186,8983,88943,98086,36321,135414
req_004695,30000,1,1,1,26,0,-2,-2,0,0,-1,6671,0,0,6590,4799,5131,6282,0,0,5950,3321,4479
req_004696,100000,2,2,2,29,-1,-1,0,0,-1,-1,29219,34634,35498,35121,26944,29338,21097,20936,27342,21185,24207,26615
req_004697,280000,2,3,1,27,0,-1,-1,0,0,0,233281,203785,246150,192803,154699,177955,50494,153814,163486,76092,80163,109486
req_004698,30000,2,3,1,28,0,0,1,0,1,1,7606,5530,6649,6560,6388,5714,3659,1251,613,600,915,98
req_004699,270000,2,1,1,25,-1,0,-1,-1,-1,-1,27594,25011,21383,20636,26210,17873,17961,7835,14605,11190,19032,12453
req_004700,90000,2,3,2,28,1,0,1,0,0,0,42656,28942,47450,48510,48243,35401,368,12013,4519,23572,10316,23558
req_004701,300000,2,3,2,24,-1,0,0,-1,-1,-1,180976,141020,188381,170539,133898,124263,58176,129099,45261,135895,105425,113455
req_004702,50000,2,2,1,29,0,0,0,0,0,0,6522,7815,5224,8214,7231,5108,5276,1797,1768,5921,3076,3225
req_004703,260000,2,1,1,29,0,-1,0,-2,-1,-1,88381,74530,73035,0,71417,56976,68707,50173,60055,0,38739,25804
req_004704,70000,2,1,1,23,0,0,0,0,0,0,11157,12053,8371,10561,11246,9501,9886,4617,2221,10400,5004,8962
req_004705,70000,2,3,2,23,0,0,0,0,0,-1,14505,11537,11635,11446,12400,13607,3663,1685,3460,4133,6252,6556
req_004706,120000,2,2,2,25,1,1,1,1,-2,2,56316,60096,60193,56475,0,49343,3721,984,3270,5853,0,5599
req_004707,50000,1,2,2,25,1,1,2,1,0,-2,18418,14857,14238,13249,12402,0,1581,2869,509,260,8424,0
req_004708,190000,1,2,1,29,1,0,0,1,0,0,82716,78884,86934,70711,64026,60996,22339,69484,49381,4453,17868,37707
req_004709,50000,1,2,2,29,0,-1,0,0,1,-2,27944,30521,27582,27722,27223,0,26639,23622,21351,24265,2600,0
req_004710,160000,2,2,1,25,1,1,0,-2,-2,-1,99040,86071,104929,0,0,95790,4506,7138,96465,0,0,62520
req_004711,70000,1,2,1,27,0,0,0,0,0,0,18391,22616,19691,22367,19145,19712,4921,18912,8283,16970,14297,10697
req_004712,110000,2,1,2,25,-1,0,0,-1,-1,0,35168,31574,32605,33663,28393,36829,14597,24762,18475,29585,18701,9996
req_004713,240000,2,1,1,25,0,0,1,3,1,1,78222,53907,44463,72675,66446,43296,49196,45802,19122,1443,17341,1749
req_004714,160000,2,2,1,27,0,0,0,2,2,2,73541,74939,100059,72178,68453,85150,58979,11577,79112,11292,4172,7849
req_004715,280000,2,1,1,24,0,-1,-1,-1,-1,-1,143085,135838,169900,140121,111722,157196,79416,124976,133016,13776,53603,120595
req_004716,40000,2,2,2,28,0,-2,0,2,2,2,24419,0,27020,20991,19556,20158,17682,0,18501,5687,1931,5141
req_004717,40000,2,2,2,29,0,0,0,0,0,0,1517,1666,1618,1622,1822,1637,464,1358,486,1367,488,743
req_004718,60000,2,2,2,25,-2,0,0,0,0,0,0,28394,25561,27818,25755,22962,0,24244,20575,25054,20344,17229
req_004719,90000,2,1,1,24,0,0,0,-2,0,-1,33283,33022,27337,0,21948,24138,22321,18029,8464,0,15001,3939
req_004720,230000,1,3,1,28,-1,-1,-2,0,0,0,5264,4762,0,4776,3787,3796,5210,1025,0,3936,1197,1503
req_004721,80000,2,3,1,25,0,0,0,-1,0,0,27360,17137,20627,18633,22379,18282,16295,14242,15960,9830,13742,12060
req_004722,30000,2,2,2,24,0,1,-2,1,0,1,8021,7963,0,8360,7968,7344,1150,916,0,167,4288,362
req_004723,70000,2,2,2,28,-2,1,1,1,0,-2,0,8059,7644,8145,9135,0,0,183,2298,1423,8292,0
req_004724,110000,2,3,2,29,0,-2,0,0,-2,1,4252,0,3233,2965,0,3941,3054,0,1597,1085,0,84
req_004725,20000,2,1,2,26,0,-1,0,0,0,1,1573,1887,1856,1943,2071,1796,727,1121,944,1014,1814,258
req_004726,110000,2,1,2,24,0,0,0,-1,-1,0,55056,69331,47485,72699,68686,56137,39148,60076,35113,48821,43108,7595
req_004727,80000,2,3,2,28,0,0,0,-2,0,0,64382,63968,48632,0,70100,47706,26764,35808,18308,0,9323,38990
req_004728,140000,2,3,2,27,0,-1,-1,0,0,1,24637,31048,25298,30688,21553,25817,16628,22986,24884,18654,8272,1957
req_004729,50000,2,2,2,27,0,0,0,-2,-2,-2,7676,6352,6963,0,0,0,6842,3775,3938,0,0,0
req_004730,170000,2,1,1,26,0,-1,0,0,0,0,44187,37148,33476,34703,33994,31428,34287,28376,29681,1129,9013,11142
req_004731,70000,1,2,2,24,-2,1,1,1,1,1,0,21976,21806,21394,24314,19819,0,2929,5699,1242,8,1739
req_004732,70000,2,2,2,27,1,0,0,-1,-1,0,23864,24086,21612,21789,26821,18522,1382,11272,12421,19046,22192,17209
req_004733,480000,2,1,2,29,1,2,-2,1,1,0,165673,166970,0,184841,207683,149344,19045,12539,0,594,488,24666
req_004734,320000,2,1,1,28,0,0,0,0,0,-1,141900,116673,136719,130914,110498,123032,118817,50707,123945,86783,64337,47853
req_004735,40000,2,3,1,26,1,-2,-2,2,-2,1,18868,0,0,13206,0,13460,1411,0,0,2463,0,913
req_004736,50000,2,1,2,28,0,1,1,3,1,-2,30788,33356,33192,31849,37975,0,23657,3158,3836,3165,6397,0
req_004737,130000,1,1,2,24,2,1,1,1,0,0,82318,94231,76058,65795,89187,79562,14719,12616,8398,4331,66738,49285
req_004738,60000,2,2,2,26,0,-2,0,-1,-1,-1,42588,0,38455,32645,40252,33545,6326,0,14235,18812,36287,29319
req_004739,80000,2,1,2,28,0,0,-1,-2,-1,-1,50743,44996,41160,0,50698,38001,19729,26041,18398,0,7790,21094
req_004740,280000,2,2,2,22,-1,-1,0,-1,0,0,103913,86032,81446,80772,67197,47761,54075,55152,13264,45880,36485,23182
req_004741,110000,1,1,1,26,0,-1,0,0,-1,-1,37363,52635,34476,47382,41779,28185,31402,40042,21673,37871,20579,19986
req_004742,20000,1,3,1,26,0,0,0,0,1,1,9480,7663,8501,7282,6149,7205,8899,3995,4030,2701,140,106
req_004743,120000,2,1,1,27,-1,-1,-1,-1,-1,-1,26462,23731,19188,24778,22811,20500,20772,23007,14369,20565,10585,9678
req_004744,50000,2,2,2,28,-2,-1,-1,0,0,0,0,31696,31050,35209,21598,31516,0,25061,23584,30901,13485,25019
req_004745,70000,2,1,1,25,0,0,0,0,0,1,19236,16310,17650,17323,16487,16932,9594,7594,10378,7588,8819,2320
req_004746,60000,2,1,1,25,0,1,0,0,-2,0,20702,22444,19077,16016,0,15735,16171,1639,15222,14295,0,14569
req_004747,100000,1,1,1,29,-1,0,-2,0,0,0,55171,40528,0,41741,40436,51528,5372,22898,0,37924,35056,36487
req_004748,80000,1,2,1,26,1,0,-2,1,1,2,71335,62947,0,44120,73626,49991,4920,22417,0,4891,18554,1725
req_004749,60000,1,1,1,26,-1,-1,0,-2,-1,0,7836,10741,8192,0,9783,9629,1126,5966,2588,0,7437,5667
req_004750,60000,2,2,2,23,-1,-1,-1,-2,-1,-1,11598,9672,8259,0,11048,7820,4363,5213,3721,0,6853,5488
req_004751,170000,2,2,1,26,0,0,1,-2,1,0,15246,23976,23223,0,19585,20989,7578,11118,1393,0,924,10516
req_004752,30000,1,3,2,22,-1,0,0,0,3,3,5052,4620,5780,4797,7121,3933,3225,2258,5744,1615,6,887
req_004753,130000,2,2,2,25,-1,-1,-1,0,-1,-1,111334,82726,90614,79016,88342,103690,39551,49348,73084,78207,10256,35636
req_004754,180000,2,1,2,28,0,0,0,-1,0,0,67087,79657,60359,81048,47944,66297,56799,57638,34429,23527,38332,35598
req_004755,30000,2,1,2,25,0,-2,0,0,0,0,7222,0,6329,5752,6466,7092,2713,0,4326,4913,5633,1816
req_004756,150000,2,2,1,29,0,0,0,1,0,0,87469,85659,94624,95284,79808,88099,12930,65369,88560,3937,61918,47804
req_004757,240000,1,2,2,28,-2,0,0,0,0,-2,0,29294,30616,26249,26211,0,0,21520,24666,9318,22624,0
req_004758,320000,2,2,1,26,0,-1,0,-1,-1,-1,295622,263574,189197,226312,192231,194675,149316,229504,125089,91806,151646,151313
req_004759,80000,1,1,1,27,0,2,3,2,1,0,15019,14176,20632,16148,16224,14858,9258,160,4883,567,635,12752
req_004760,120000,2,1,2,28,0,0,0,0,-1,-1,4651,3337,4953,4015,4198,5156,4216,2896,2539,3659,3395,3371
req_004761,230000,2,1,1,27,0,-2,-2,1,0,0,73992,0,0,64380,66127,68250,16194,0,0,16334,4161,42665
req_004762,40000,1,2,2,28,1,0,-2,0,-1,0,5208,4334,0,4079,3704,4333,58,2953,0,3118,3033,3581
req_004763,110000,2,3,1,29,0,-1,-1,-1,-1,-1,37226,39363,36606,31282,29711,32327,13691,27654,31795,13295,18876,18284
req_004764,180000,2,2,1,25,1,1,0,2,1,2,101126,102835,107138,77907,72131,100563,3481,14381,42057,4752,2630,416
req_004765,110000,2,2,1,28,0,-2,0,0,0,0,26583,0,41467,45149,33946,41391,18862,0,34094,24764,14334,10139
req_004766,210000,1,1,1,27,0,-1,0,0,0,0,23082,26518,23978,24104,27168,24839,12899,21058,16473,15610,11115,21305
req_004767,300000,2,2,2,29,1,1,0,0,-1,-1,237366,235631,208006,265115,236953,257149,13824,2554,70442,250667,84439,162480
req_004768,70000,2,2,2,23,1,1,1,0,1,2,54489,44294,52416,56110,53517,47209,1450,6272,14666,23076,2669,329
req_004769,130000,1,1,2,28,1,0,0,-1,-1,0,43964,50881,35398,45741,46566,42157,5220,29795,12616,18350,38873,37132
req_004770,110000,1,2,2,28,0,0,0,0,1,0,38885,34719,64904,43838,40321,42179,9698,25965,10357,24626,4482,29053
req_004771,70000,2,3,2,25,0,0,0,-1,-1,-1,23446,23966,20084,22525,22821,17061,21214,20604,19152,16088,13759,10773
req_004772,110000,1,2,2,26,0,0,0,0,1,2,69096,77314,59154,95580,70141,66363,18441,35194,45504,65724,2846,5881
req_004773,50000,1,2,2,28,0,0,0,0,0,-2,6902,7299,5599,5824,6380,0,4906,5475,3729,625,4026,0
req_004774,80000,2,2,1,26,0,0,0,0,2,1,23418,25525,19102,28837,28910,22994,18670,13659,3163,25711,414,4434
req_004775,30000,2,2,2,27,0,-1,-2,-1,-1,-1,7293,10982,0,7551,8947,6144,4220,1406,0,6691,3021,2413
req_004776,40000,1,1,1,27,1,-2,1,1,1,2,24818,0,23505,20413,24488,19443,5098,0,976,2441,1218,6648
req_004777,30000,2,2,2,27,1,1,2,0,0,0,16540,21550,20518,17217,14149,18927,3516,2008,1386,13762,8061,17507
req_004778,30000,2,2,2,28,0,-1,0,-2,0,0,11362,12536,14096,0,11646,14575,10455,6979,5605,0,7172,5721
req_004779,40000,2,1,2,25,0,1,1,1,1,3,26681,23859,25832,25071,22307,23388,6706,8328,1926,3225,1253,150
req_004780,30000,2,1,2,29,0,-1,-1,-1,0,-2,20195,19953,17759,20195,16031,0,15178,18743,15565,19509,8665,0
req_004781,130000,2,3,2,29,0,-2,0,-2,1,1,30690,0,26800,0,18889,25390,17733,0,25013,0,75,997
req_004782,230000,2,2,1,24,0,0,0,0,0,-2,178642,155517,170815,152059,126692,0,128055,30392,156629,84473,34328,0
req_004783,30000,1,2,1,28,1,1,2,2,2,1,12733,10041,10497,12875,10735,11543,519,536,54,243,2040,2430
req_004784,30000,2,2,1,25,0,0,0,0,1,-2,1047,1277,1425,1133,931,0,977,341,486,906,26,0
req_004785,140000,1,2,1,28,0,-2,-1,-1,0,0,97949,0,86767,79677,103087,100028,34572,0,55658,63051,35096,70429
req_004786,250000,2,1,2,27,-1,0,0,0,0,-1,29146,28601,28732,28997,23976,31270,3162,25391,16194,23264,20357,17094
req_004787,150000,1,3,2,22,0,-2,-1,-1,0,-1,66031,0,51037,51076,42335,37191,41145,0,45999,18387,40983,13133
req_004788,90000,1,3,2,24,1,0,0,0,1,2,64124,74562,64506,63955,62006,54957,791,52755,40477,32993,10671,2686
req_004789,50000,1,3,1,24,0,0,1,0,1,2,6034,4897,5482,4527,4954,4984,5779,3355,61,2527,376,243
req_004790,50000,2,2,2,29,0,0,-1,0,0,1,7775,9624,10509,9788,10721,8849,5461,8562,7707,1348,5631,520
req_004791,220000,2,2,2,26,0,0,-2,-1,0,0,21439,14623,0,16889,15945,16744,13114,8798,0,10952,11085,9908
req_004792,60000,2,1,1,26,0,-1,0,0,0,-1,8529,9260,10290,8758,11060,8122,5436,7571,8992,8293,5174,5835
req_004793,140000,2,1,1,26,0,1,-2,0,0,-1,67825,51400,0,67271,55500,55689,30919,6763,0,19958,16901,17845
req_004794,40000,2,1,2,28,0,0,0,-1,0,0,10997,10854,9647,12145,10912,8665,10958,9148,6555,5010,8473,2932
req_004795,250000,2,1,1,24,0,0,0,-1,-1,-1,65530,61373,60680,42268,42691,41728,47895,17327,23801,40573,32705,34420
req_004796,100000,1,1,1,27,-1,-2,-1,-1,-1,-1,2796,0,2565,2226,2219,2077,1412,0,2279,1053,1133,1491
req_004797,100000,2,1,2,23,0,0,0,0,-1,0,26460,25061,22164,23888,19154,22886,10331,9817,13197,21172,12425,15350
req_004798,110000,1,2,2,25,0,0,-1,-1,0,0,66633,59983,54665,60028,54212,64673,42554,54690,30094,53031,17441,47866
req_004799,80000,1,2,1,25,1,0,0,0,0,0,21867,24025,22085,17587,19989,21073,71,18739,17259,12925,11020,18035
req_004800,540000,2,3,2,26,-2,0,-2,0,0,0,0,87089,0,84917,79738,88474,0,26486,0,19904,35429,20691
req_004801,140000,1,2,1,27,0,0,-1,-1,-1,-1,87735,116728,65100,108431,90882,88116,34977,92838,64015,93598,82213,29579
req_004802,270000,2,3,2,24,-1,0,0,1,0,0,18381,17049,18807,20862,19815,18140,15295,11419,8671,1040,16131,6779
req_004803,70000,2,2,2,23,2,1,0,2,0,0,41594,44195,38634,45593,43152,45024,5314,13577,32084,4562,33451,20592
req_004804,60000,2,2,2,26,-2,1,1,1,0,0,0,40441,51014,45682,46083,33473,0,291,712,611,18981,28618
req_004805,60000,2,3,1,29,-1,-1,-1,-1,-1,0,47123,40440,36402,39022,31487,40413,15539,19576,18125,35743,16496,21635
req_004806,90000,1,2,2,28,0,1,1,2,3,3,9986,10105,11317,9731,11586,7969,6310,349,195,90,234,166
req_004807,50000,2,1,2,26,0,-1,-1,0,-1,-1,7129,5299,6822,5039,8546,6047,4408,3297,4908,1095,2700,1732
req_004808,250000,2,2,2,27,-1,-2,0,-1,-1,0,69680,0,61796,63925,63006,56950,55401,0,61199,51671,11350,48650
req_004809,50000,2,2,1,26,1,1,-2,-2,0,-2,29701,24668,0,0,26891,0,3833,2327,0,0,21806,0
req_004810,190000,2,1,2,28,-1,-1,-1,-1,-1,-1,41997,45689,44890,40958,38483,42678,37866,19000,32189,26786,17327,32001
req_004811,50000,2,1,1,29,0,0,0,0,0,0,20417,25791,21243,19275,15435,21640,18407,10871,12547,15136,6205,18456
req_004812,200000,1,1,1,25,-1,-1,0,0,1,2,14554,11423,10501,13261,10283,11535,8424,6087,9695,7100,779,739
req_004813,140000,2,1,2,27,0,0,-2,-1,-1,-1,60735,73349,0,73040,85368,71368,35880,20752,0,10279,76002,36710
req_004814,110000,1,1,1,26,0,0,0,0,0,0,73875,65063,78203,82453,49228,80753,34677,46141,27661,70007,12967,46930
req_004815,130000,1,2,1,22,-2,0,1,0,0,1,0,21217,19341,20106,19593,19692,0,16653,158,11572,17700,329
req_004816,200000,2,3,1,28,0,0,0,1,0,1,30161,29374,18483,21702,25439,22728,23503,20676,7676,235,22498,2273
req_004817,180000,1,1,2,25,-1,-1,-1,-1,-1,-1,7325,8505,7703,7644,5639,6503,4595,7862,6577,6428,4153,5754
req_004818,70000,2,1,1,21,-1,-1,0,0,0,-2,18109,15511,17217,17766,16438,0,7981,13033,6302,1191,9723,0
req_004819,60000,1,2,2,25,0,0,-2,0,-2,-2,4237,4155,0,3640,0,0,1413,4009,0,2232,0,0
req_004820,70000,2,1,1,29,0,0,0,-2,0,0,49781,43177,36302,0,37656,38815,34110,13754,32309,0,29051,22257
req_004821,500000,2,2,1,23,2,0,0,0,-1,-1,260839,211756,276309,271351,229624,258815,19253,86738,235167,266443,173266,211928
req_004822,30000,1,2,2,29,-1,-1,-1,0,0,-2,10177,7234,6609,10701,7926,0,1852,5147,3013,5600,7493,0
req_004823,250000,2,2,1,28,0,0,-2,-2,-1,-1,34444,42505,0,0,26358,37499,27468,28112,0,0,19242,30903
req_004824,170000,1,1,2,24,-1,0,-1,-1,0,-2,64893,71137,70278,88681,70240,0,40551,60130,25598,55701,52431,0
req_004825,200000,2,1,2,29,0,0,0,0,1,0,95402,108762,83626,103417,89432,92890,24758,74366,70564,56792,11353,79969
req_004826,80000,2,2,2,29,0,0,-1,-1,-1,-1,29985,36952,33010,40479,29497,31858,18665,34361,23545,27220,13286,28042
req_004827,50000,1,3,1,28,0,0,1,0,0,0,2688,2576,3013,2431,2468,1434,1049,1691,284,1543,1414,537
req_004828,190000,2,1,1,26,2,1,-1,0,0,0,144776,116026,151270,141778,86481,137028,1252,7054,88213,82564,27619,121846
req_004829,170000,1,1,2,27,-1,-2,0,0,0,0,32312,0,33807,36353,34709,42692,19511,0,22037,24953,23324,38772
req_004830,90000,1,1,2,27,0,0,0,1,0,0,37370,31410,33353,36359,29211,35387,23804,10977,13509,323,22322,24368
req_004831,30000,2,2,2,22,-1,-1,0,0,1,3,14835,15895,12578,16664,11053,11943,2064,7729,3867,8667,1734,3284
req_004832,130000,2,2,2,28,-1,-1,0,0,-2,-1,9414,9753,6890,6489,0,8917,6402,4706,3063,4707,0,7250
req_004833,310000,1,1,1,29,0,0,0,1,0,0,116925,118519,110614,108870,100357,118435,103583,95065,101653,3607,51147,74000
req_004834,360000,1,1,2,26,0,0,0,0,-1,0,128007,139090,119418,126010,133597,163635,59380,116516,99417,96949,111936,96852
req_004835,90000,2,1,2,24,0,0,0,-2,0,-1,17047,15240,14255,0,18724,16221,12375,11178,4770,0,12370,14805
req_004836,330000,2,2,2,27,0,0,-1,-1,0,-1,108148,135422,112465,145904,127037,127250,9591,42115,92364,103652,36264,15362
req_004837,20000,2,2,1,24,0,1,0,-1,0,1,934,907,737,926,867,1063,896,19,579,457,638,46
req_004838,50000,1,1,2,26,0,-1,0,-1,0,-1,5656,5069,5270,3343,3708,4208,845,2192,3455,2012,1605,2054
req_004839,230000,2,1,1,26,0,0,-1,-1,0,0,60515,74339,57069,85439,68897,76123,25183,39765,34948,52306,56240,29544
req_004840,30000,2,1,2,23,2,1,1,0,0,0,9155,10384,8604,10810,8291,8994,3558,4249,666,7282,6879,4474
req_004841,200000,2,2,1,25,0,-2,0,0,-2,1,70091,0,82541,94936,0,118378,60666,0,77751,66190,0,33826
req_004842,70000,2,2,1,29,0,0,0,0,-2,0,51408,48424,46928,52148,0,35131,35207,34405,44868,42803,0,20485
req_004843,140000,2,1,2,29,1,0,0,0,0,0,46713,48601,44850,45210,40372,40219,1414,24724,24589,18001,32679,19503
req_004844,280000,2,1,2,22,0,0,0,0,0,-1,170522,120990,171573,163365,154000,153021,161585,35814,145984,78004,87585,17129
req_004845,140000,2,3,2,29,0,-1,0,0,-2,1,92819,85751,130952,93537,0,86669,55342,56006,60511,55716,0,7099
req_004846,100000,1,1,2,22,1,0,2,2,1,1,25631,39079,36051,38140,39067,37295,5512,24921,8880,1665,8240,2245
req_004847,70000,1,3,2,23,1,1,1,1,0,0,43220,43599,39220,27375,41755,46026,4922,974,3988,1441,41195,42683
req_004848,40000,1,2,1,25,0,0,0,0,2,1,986,1661,1431,1714,1772,1189,841,1094,973,1498,56,460
req_004849,60000,1,1,1,24,-2,0,0,0,-1,-1,0,18281,19656,23803,15457,24124,0,10463,7433,19792,14986,22606
req_004850,30000,1,2,2,29,0,1,2,1,2,-2,2625,2925,2712,3468,2679,0,1667,1186,122,21,351,0
req_004851,100000,1,1,2,21,0,0,0,-1,0,0,70144,57731,59836,65702,51451,50085,46753,13304,20783,16099,15527,36150
req_004852,110000,1,2,2,25,-2,-1,0,0,0,0,0,52419,51589,50320,46125,46592,0,15678,40960,29293,24803,41637
req_004853,50000,1,2,2,29,0,1,0,1,0,0,27134,22889,30309,31666,29002,23331,25627,2997,13516,896,17647,21555
req_004854,70000,2,1,1,26,1,1,1,1,2,1,32445,45989,47997,56203,40902,35025,2012,384,1270,4328,5947,409
req_004855,80000,2,3,2,27,0,0,0,0,0,0,17688,25293,18032,19002,20876,26221,3955,20427,14937,18599,12558,24776
req_004856,100000,1,2,1,24,1,0,0,1,2,1,71103,72963,76579,78024,67932,72079,17576,62825,61534,2540,3663,3103
req_004857,40000,2,1,2,24,0,0,0,2,1,-2,28104,24226,29878,27950,28657,0,16519,8733,26107,4888,3472,0
req_004858,310000,2,1,1,24,-1,-1,-1,-1,-1,-1,31565,31607,31545,26064,22390,18312,7995,10425,30677,14665,14178,9926
req_004859,40000,1,3,1,27,-1,0,0,0,-2,0,9579,8444,8945,9568,0,9921,9240,4670,2946,6719,0,3904
req_004860,300000,1,1,2,26,-1,-1,-1,-1,-1,-1,116864,85316,89204,99687,87137,58874,115187,44969,84928,88835,58473,51128
req_004861,100000,1,2,2,25,1,1,1,0,0,2,32426,29910,33072,28740,37674,38451,3527,926,5618,24362,29894,324
req_004862,120000,2,2,2,23,-1,0,-1,-1,0,0,74120,74666,44147,53791,50393,54717,11555,61425,14594,42071,25357,18928
req_004863,140000,1,2,1,29,-2,1,-2,1,0,0,0,4535,0,3318,4567,4055,0,1255,0,358,3255,3405
req_004864,120000,2,1,1,26,-1,0,0,0,-1,0,2677,2529,2451,2551,3405,2282,2089,2315,729,2196,2360,1799
req_004865,160000,1,1,2,27,-1,-1,-1,-1,-1,0,43621,38273,49343,50052,39677,44771,37139,16712,32541,24722,8828,3707
req_004866,180000,2,1,2,23,0,1,0,0,0,0,27678,27388,20722,26439,20010,22972,25052,2484,6977,23861,7271,15873
req_004867,110000,1,1,1,26,-2,0,0,1,1,-2,0,89352,66107,83064,95905,0,0,17333,55472,9,8232,0
req_004868,170000,1,1,1,23,0,-1,0,0,0,0,67151,86068,95573,83721,90146,82810,43980,73468,86512,45793,57838,68002
req_004869,70000,1,2,2,29,0,-1,-1,0,0,0,42665,41117,38130,43376,54075,37189,9918,21724,32715,34612,29818,32440
req_004870,70000,1,2,2,26,0,1,0,0,0,0,27199,24229,23935,30441,24988,24763,16237,4277,19561,29027,9532,13162
req_004871,130000,1,1,1,29,3,1,2,3,0,0,96373,79286,100993,98949,79630,76485,17499,9640,2750,4082,42852,59964
req_004872,50000,2,2,1,26,-2,-1,-1,-1,0,0,0,11577,12564,10347,12534,7963,0,8276,9182,7568,7068,6712
req_004873,170000,1,1,2,25,1,1,-1,0,0,-1,69121,73315,85008,68089,65157,66884,12123,9662,39922,25226,47968,28333
req_004874,100000,2,2,1,25,-2,0,1,0,-1,0,0,52976,54554,46123,48249,36872,0,44185,8290,30770,32067,36485
req_004875,150000,2,2,2,25,0,0,0,0,0,0,19921,20913,24846,19755,19004,20182,13892,7301,19876,11359,10647,18654
req_004876,100000,2,1,2,21,-2,1,0,-2,-1,0,0,76186,89582,0,76505,90706,0,1552,48357,0,37406,51894
req_004877,270000,1,1,2,27,-1,-1,-1,-1,-1,-1,93297,129058,126254,116218,114651,110374,91080,43294,65746,28545,70483,56845
req_004878,250000,2,1,1,25,0,1,0,-1,-1,-1,169211,152813,130174,137499,130189,172934,140486,469,113110,73431,98620,43484
req_004879,250000,1,1,2,28,0,-1,-1,0,-1,-1,21869,20791,19577,19251,16892,16730,17486,10741,4659,18430,13571,6179
req_004880,70000,1,3,1,26,-2,-2,0,-2,0,0,0,0,37755,0,51849,38969,0,0,20453,0,27944,33297
req_004881,140000,2,2,2,28,0,-1,-1,-1,-1,-1,27666,22581,14933,22627,25509,19448,10528,13569,10486,12714,15640,11833
req_004882,100000,1,2,1,29,-1,-1,-2,0,-1,-1,17267,19033,0,20206,16138,16661,3722,16077,0,5336,7939,8854
req_004883,180000,1,2,1,24,0,0,1,-2,0,0,137352,128789,155780,0,133974,180158,108588,95076,1117,0,73727,123547
req_004884,80000,2,1,2,27,0,1,0,-2,0,0,23307,28110,13360,0,25623,28313,21654,2636,1478,0,13168,8927
req_004885,160000,2,1,1,29,0,-1,0,0,0,0,14084,12803,13191,12795,14812,10036,10991,10577,5393,3944,11301,3108
req_004886,80000,2,2,2,26,0,1,2,0,0,0,20405,15677,15179,20467,15315,19277,11897,1669,113,4488,8152,10006
req_004887,180000,1,3,2,29,-2,-1,0,-1,-1,-1,0,10003,9679,8886,9216,7399,0,3434,6575,3779,6903,4229
req_004888,70000,1,1,2,27,1,0,0,0,0,-2,28250,22690,21670,27918,24522,0,6365,15693,16074,5765,11757,0
req_004889,260000,1,1,1,23,-2,0,0,-1,-2,-1,0,52463,28990,41164,0,44299,0,28946,22816,14746,0,33434
req_004890,80000,1,2,2,29,-2,0,0,0,0,0,0,19919,28730,26175,24294,25173,0,18603,16322,21547,16571,18774
req_004891,90000,1,1,2,28,-2,0,0,0,0,-1,0,55461,57442,54583,56835,46426,0,32162,43432,48664,18128,30767
req_004892,60000,1,2,1,23,0,0,2,1,0,0,19796,15967,14110,15555,15965,15691,14462,3825,4048,2165,6790,5559
req_004893,110000,1,2,2,26,-2,-1,0,0,0,0,0,8313,7761,6308,6931,5816,0,3992,4685,2252,5571,4360
req_004894,160000,2,4,2,23,0,0,1,1,1,0,13881,12912,16083,12649,12397,12676,10624,7984,291,1088,101,9789
req_004895,100000,1,2,1,29,0,0,0,-2,0,0,30612,28544,29171,0,26124,32310,16111,15434,13291,0,24470,13628
req_004896,60000,2,2,1,25,-2,1,0,1,0,0,0,24720,19639,18300,16727,16848,0,2785,8752,2627,14909,4836
req_004897,20000,1,2,1,26,2,8,2,0,-2,0,9066,9093,7266,9683,0,6291,303,1402,725,6681,0,3075
req_004898,90000,2,1,1,29,2,2,1,1,1,2,45185,47884,44884,55202,54541,40254,3760,6267,4244,16992,286,875
req_004899,110000,1,1,2,24,-1,0,-1,-1,0,-1,25082,23620,27839,21168,21503,17972,2765,11816,16828,18020,18840,16449
req_004900,280000,2,2,2,28,-2,-1,-1,0,0,-1,0,34172,31254,28543,40411,35321,0,28876,13353,18873,30189,18362
req_004901,60000,2,1,2,27,1,1,1,1,1,1,40329,35087,38702,42770,34305,34417,7013,5304,3584,11246,220,3678
req_004902,130000,2,2,2,26,-1,-1,-1,0,0,0,87105,103083,100318,93206,85545,84771,48727,78056,45450,32106,37266,45102
req_004903,50000,2,3,1,29,0,0,-2,2,8,8,17039,27275,0,21540,19530,23522,12987,14207,0,485,710,6558
req_004904,100000,2,2,1,29,0,0,0,-2,1,0,17658,13229,15544,0,15642,16995,10651,10310,13052,0,392,15680
req_004905,110000,2,2,1,28,-1,0,-1,-1,-1,0,48485,49628,37808,40069,50199,53813,29784,25399,25964,16455,15930,46326
req_004906,130000,2,2,1,28,0,0,-1,-2,0,0,119441,80716,125091,0,141406,100685,97550,33931,50825,0,105996,44667
req_004907,50000,2,1,2,26,0,0,0,0,-1,-2,32040,23407,28770,22580,32541,0,24295,11465,25959,5406,12583,0
req_004908,120000,2,3,1,27,0,0,0,0,0,0,12181,10345,10957,7762,11961,10435,10730,4536,9605,6616,4668,1424
req_004909,130000,1,1,2,26,0,0,0,0,1,3,9381,10769,7596,6836,10652,13086,6409,5755,4133,1574,515,522
req_004910,70000,2,2,2,28,1,-2,2,2,1,2,53516,0,70823,87003,62872,71217,8782,0,1347,127,5266,1537
req_004911,150000,2,3,2,23,0,0,0,0,0,0,12981,14742,12641,10835,16210,13218,8121,7053,6776,4760,8083,8245
req_004912,160000,1,2,3,28,1,0,0,0,0,1,56352,42759,55592,42279,54135,42678,5835,22190,36220,39356,30480,3248
req_004913,90000,1,2,2,23,0,0,-1,-2,-2,-1,32328,36812,32330,0,0,28357,22699,20586,29363,0,0,22389
req_004914,100000,2,2,2,26,0,0,-1,-1,-1,-1,1280,1422,1475,1422,1360,1288,503,694,1045,1057,635,1251
req_004915,30000,1,1,1,27,2,2,0,0,0,0,17864,18594,18333,14194,16918,14369,135,864,13754,13471,13125,6004
req_004916,110000,2,2,2,26,-1,-2,1,0,0,0,17618,0,17014,18862,14215,19423,11850,0,1420,16757,10826,1449
req_004917,280000,1,1,2,29,2,2,2,-2,1,0,109937,116651,136873,0,94813,100675,6281,2791,10075,0,13857,54228
req_004918,20000,1,1,2,29,0,-2,0,0,0,-2,6164,0,3538,4570,3876,0,3954,0,1682,2849,3382,0
req_004919,80000,1,2,1,23,-1,0,0,2,2,-2,27575,35924,30471,32245,30419,0,14435,23101,18150,605,23,0
req_004920,110000,2,2,1,26,0,1,-2,0,0,-1,1924,1693,0,1936,1613,1759,1128,122,0,1132,213,1615
req_004921,40000,2,2,2,27,-1,0,0,-1,-1,-1,4875,6343,5305,6455,4516,5104,3200,5028,2497,6102,3608,4501
req_004922,170000,1,2,2,29,0,-2,0,0,0,1,6287,0,6580,6347,7547,5544,2812,0,3156,4936,4566,47
req_004923,110000,2,2,1,24,0,1,1,-2,0,0,43336,43007,42878,0,41208,36133,20003,2978,938,0,21017,23090
req_004924,60000,2,1,1,25,-2,0,0,0,-1,-1,0,5520,4968,5284,4364,3615,0,1823,3592,4599,3160,1591
req_004925,30000,1,2,2,27,1,1,1,1,2,0,13613,12417,11964,10292,11696,12231,2204,1792,1123,952,1319,3797
req_004926,60000,2,2,1,28,0,0,0,0,2,-2,24963,28707,18761,24334,18879,0,17102,19202,16277,20062,28,0
req_004927,80000,2,3,1,26,2,1,-2,0,0,0,26951,22333,0,19903,19747,18204,846,1168,0,9100,14845,6784
req_004928,170000,1,1,1,27,0,0,0,0,0,0,16592,18754,20032,16442,15171,18734,11266,10815,5921,9710,13937,11808
req_004929,190000,1,2,1,27,0,-2,-1,-2,0,0,37591,0,72009,0,50311,41619,21887,0,62796,0,17848,39326
req_004930,40000,2,2,2,28,0,-1,-2,0,1,1,5822,6421,0,5255,4355,5230,2779,1513,0,4233,150,258
req_004931,40000,1,3,1,24,-1,0,0,0,0,0,11484,15705,11191,10614,11085,11344,10308,10233,5630,4655,6668,8484
req_004932,100000,1,2,2,29,0,0,0,0,0,-1,35272,42574,33073,43274,30633,32050,20229,32207,29054,31317,12831,6006
req_004933,30000,2,2,2,26,0,-1,-1,0,0,0,4775,4552,3125,2723,3455,2991,2084,3227,1300,2128,2519,434
req_004934,150000,1,2,2,23,1,0,-2,1,1,0,72575,69032,0,60377,65444,75618,3045,39818,0,4055,1008,16754
req_004935,140000,1,1,2,25,-1,0,1,1,1,-2,9927,11019,9776,7886,7456,0,7850,5234,130,212,777,0
req_004936,390000,2,1,2,24,0,0,1,0,0,-1,143165,127157,185135,152293,166642,190687,82510,116709,12526,31290,54224,185071
req_004937,100000,2,2,1,26,0,0,1,1,-2,0,25529,25446,18726,21430,0,22694,14265,18176,4471,2204,0,7077
req_004938,110000,2,3,1,22,1,1,1,1,3,3,32698,34946,44188,34116,34981,33588,430,768,57,13392,4911,7400
req_004939,100000,2,2,1,28,-2,1,0,-2,0,0,0,29652,29919,0,31895,35466,0,437,25946,0,18556,21881
req_004940,270000,2,2,2,29,1,0,0,-1,-1,-1,226932,191603,250463,191747,213320,210045,8878,61632,75678,97358,180130,39660
req_004941,170000,1,3,2,28,0,0,0,-2,2,2,121863,127936,104676,0,104182,76473,98484,94897,82225,0,1516,2418
req_004942,150000,2,1,1,27,0,-1,-1,-1,-1,-1,41216,43465,39532,51063,41941,46136,21878,36585,11756,44974,33247,33191
req_004943,240000,2,1,1,28,0,0,0,0,1,0,129344,124748,108078,94837,115385,105500,129248,123138,19762,38361,4202,99926
req_004944,90000,2,1,2,28,1,0,0,0,0,0,43895,44680,43706,47493,54795,44365,13667,13434,17578,46453,10655,22773
req_004945,80000,1,1,2,28,0,0,0,0,0,-2,25318,21567,22113,17476,21537,0,23910,20574,18025,11389,16603,0
req_004946,40000,1,2,2,25,-2,0,0,0,-2,0,0,8884,10222,9912,0,9209,0,8577,4589,3455,0,8567
req_004947,110000,2,1,2,27,1,0,1,1,0,0,37326,52105,46721,50856,46102,51261,5123,15039,148,3038,39473,6636
req_004948,50000,1,2,1,26,0,-1,-1,0,-1,0,10567,8877,9659,8824,8377,7202,7359,7140,4367,5445,4385,3573
req_004949,80000,1,1,2,27,0,0,0,0,0,1,23863,19340,20397,19855,18708,12355,21635,15159,2387,14493,6158,1519
req_004950,90000,1,2,2,25,1,1,1,0,0,0,61332,50648,39577,35892,51516,45383,11940,1257,6642,18788,42448,43497
req_004951,80000,1,2,2,23,-1,-1,-1,-1,-1,0,23554,26259,21147,25169,19853,21240,17659,15037,18430,10688,18490,13254
req_004952,80000,1,1,2,29,2,2,-2,0,0,0,28822,30507,0,26858,33663,21101,115,3467,0,20012,12903,12646
req_004953,90000,2,2,2,26,-1,0,-1,-1,-1,-1,6416,6077,8270,6049,6695,6427,2702,5714,8128,690,5179,4100
req_004954,40000,2,2,1,27,0,0,1,1,0,-2,2749,2759,3295,2442,3982,0,1341,271,33,17,365,0
req_004955,50000,2,1,1,26,0,0,-1,0,0,0,3649,4294,5495,3616,3905,3963,2450,1492,2636,2489,899,2181
req_004956,200000,2,3,1,26,0,0,0,-1,-1,-1,69485,78234,73339,76760,80850,87566,63793,71408,36020,67200,65572,36807
req_004957,90000,2,2,1,28,0,-1,-1,-1,-1,-1,6388,6672,6560,6789,6620,6239,4472,2932,5491,3963,3568,4269
req_004958,20000,2,1,2,29,0,1,2,1,2,2,6396,7870,10358,8223,8315,7846,1945,1432,2780,162,1712,926
req_004959,80000,1,1,1,27,1,1,0,1,0,0,19483,25393,22313,19893,18789,13986,2444,1216,12741,87,16117,843
req_004960,140000,2,2,2,24,0,1,-2,0,0,-1,21959,20780,0,20746,15372,14313,16343,6331,0,7504,14153,8199
req_004961,50000,1,3,1,26,0,-1,0,0,1,3,12577,14847,9879,14416,13560,14208,5445,13358,6940,9536,22,1147
req_004962,70000,1,1,2,25,2,0,0,0,0,0,44494,42122,43935,45737,41881,28860,83,36920,28022,39220,9793,6107
req_004963,200000,2,3,2,28,0,0,-1,-1,-1,0,48489,47147,44803,46421,44236,46494,31039,8750,24676,9247,31920,28502
req_004964,260000,1,4,2,23,1,0,0,0,0,-1,128991,140281,171659,161952,149132,113767,18269,101859,136539,88173,119838,75617
req_004965,90000,2,2,1,28,1,2,1,1,1,0,28804,34422,32865,22522,29422,24626,3419,1640,1538,1666,186,5148
req_004966,510000,2,2,1,28,3,2,-2,1,1,1,322792,333398,0,276770,261019,276099,5783,24306,0,4535,63932,673
req_004967,60000,2,2,2,25,0,1,1,0,0,0,12831,12858,10785,11498,9751,10626,11520,243,2323,7970,6513,8509
req_004968,210000,2,2,2,27,0,0,0,0,-1,-1,113983,86730,109395,85198,113905,85566,86074,72801,75811,82799,98158,59603
req_004969,160000,2,1,2,22,0,0,0,0,1,1,24804,24228,30807,19641,23597,22282,17380,3775,25719,15527,2021,3893
req_004970,60000,2,2,1,27,0,0,1,0,0,1,14827,13452,13170,15223,14800,15060,12890,7294,211,10025,8437,4218
req_004971,70000,2,3,1,29,1,1,1,0,0,0,49364,37729,66449,49667,41622,51198,4858,116,15367,15565,18266,34829
req_004972,20000,2,2,2,29,0,0,-2,0,0,0,10790,6089,0,8102,7207,8881,8662,2997,0,4634,6427,3360
req_004973,210000,2,1,1,28,0,0,1,1,0,0,36961,33982,41232,32949,27143,30519,25584,22045,8286,986,9985,27857
req_004974,410000,1,2,2,28,-2,2,1,1,0,0,0,116034,122946,124276,143014,86321,0,11777,7576,4305,107137,65076
req_004975,120000,2,2,3,26,0,0,0,0,-2,0,1570,1331,1282,1545,0,1407,1349,1259,688,523,0,1262
req_004976,90000,2,2,1,29,-2,-1,-1,-1,-1,-1,0,70387,64825,64086,55571,49327,0,65929,51431,41450,37048,20323
req_004977,140000,2,3,2,25,0,0,-1,0,-1,-1,1570,1285,1749,1524,1097,1316,1281,884,414,1351,263,1118
req_004978,90000,2,1,1,26,3,2,2,2,0,-1,47111,45520,35896,37405,35518,38434,14387,1713,1242,3079,10195,20543
req_004979,80000,2,1,2,27,1,-2,0,0,0,0,26884,0,27497,19273,18701,22557,173,0,11604,5581,13819,21640
req_004980,60000,2,2,2,27,0,0,-1,-1,-1,-2,32833,37033,30647,33614,37352,0,26643,24555,15218,21046,20897,0
req_004981,80000,2,1,2,29,0,-1,-2,-1,-1,-1,60348,50339,0,51431,53422,47676,43016,25438,0,32409,26524,38562
req_004982,330000,2,1,1,28,0,2,1,1,2,1,80689,112263,110844,93997,77892,97102,62317,11175,5919,729,11379,3731
req_004983,270000,2,1,1,27,0,0,-1,0,-1,-1,112862,156626,114784,114831,115346,122383,94545,68673,51912,51066,46397,39209
req_004984,100000,1,3,1,26,0,1,0,0,0,0,13393,14857,14646,14021,12541,12440,11681,385,6100,9363,6681,8690
req_004985,210000,1,1,1,26,0,0,-2,-1,0,-1,119061,99078,0,98373,93699,97985,85206,61627,0,82080,65256,89425
req_004986,190000,2,3,1,29,-1,-1,0,-1,-1,-1,71079,72753,60075,64454,86419,56263,49856,22225,13883,53633,40437,18029
req_004987,60000,1,2,2,28,0,0,0,-1,0,0,39728,33054,44696,39458,35541,34911,38425,30364,35194,29182,25909,24044
req_004988,110000,2,2,2,29,0,0,-1,-1,0,0,39925,35590,33334,46665,34732,43752,15477,20514,19497,38153,28697,31043
req_004989,80000,1,1,1,27,-2,0,-1,-1,0,0,0,23942,20328,19720,18541,20808,0,8078,6314,15064,12981,11549
req_004990,70000,1,2,1,28,0,-2,0,-1,-1,0,7847,0,6966,7946,7699,6433,3738,0,5804,6414,561,4090
req_004991,70000,2,1,2,22,0,0,-1,0,0,-1,3900,3705,3753,4332,3410,2579,2987,2109,2974,2795,1416,2216
req_004992,220000,2,4,2,26,-2,-1,-1,-1,0,-1,0,21837,28366,25013,27142,21437,0,4492,23415,13816,5738,14620
req_004993,210000,1,1,2,29,-1,-1,-1,0,0,0,18086,17942,17292,16858,18084,13851,17374,7095,16257,14156,11613,2984
req_004994,130000,2,3,1,29,-1,0,-1,-1,0,-1,35140,21732,20604,30644,25892,24133,21209,7880,14717,15043,17086,6499
req_004995,300000,2,2,1,29,0,0,-1,0,0,0,19602,20616,15441,15341,13976,15455,8949,3027,14379,12578,7163,5923
req_004996,40000,1,2,2,24,0,0,-2,0,0,0,16499,13466,0,8234,9841,11962,6992,4975,0,5817,7513,6822
req_004997,60000,2,2,2,26,-2,-1,-1,-2,0,0,0,12964,12104,0,12324,19621,0,12026,7457,0,8938,14201
req_004998,70000,2,1,1,28,0,2,0,0,-1,-1,4383,4821,4278,4803,4570,4358,3717,1220,3591,2287,3856,2386
req_004999,50000,1,1,1,25,-2,-1,-1,0,0,0,0,10393,15103,12181,13902,13693,0,7536,10063,10335,8542,3378
req_005000,90000,1,3,2,28,0,0,0,0,0,0,39454,45622,36886,30682,34942,34596,35384,32679,22821,25459,3116,14824
